timestamp_iso,cpu_energy_j,gpu_power_w,gpu_util_pct
2026-05-07T22:23:32.097522Z,13491.467109,29.629,42
2026-05-07T22:23:33.102598Z,13497.561332,28.836,19
2026-05-07T22:23:34.103561Z,13501.321515,29.551,18
2026-05-07T22:23:35.105244Z,13506.462127,27.399,22
2026-05-07T22:23:36.106954Z,13510.875629,26.229,18
2026-05-07T22:23:37.108758Z,13515.479499,27.127,18
2026-05-07T22:23:38.110126Z,13522.61095,27.668,44
2026-05-07T22:23:39.111405Z,13529.7529,30.38,15
2026-05-07T22:23:40.112923Z,13534.686481,27.769,11
2026-05-07T22:23:41.114474Z,13537.664073,25.79,18
2026-05-07T22:23:42.115409Z,13540.625614,26.436,21
2026-05-07T22:23:43.116938Z,13543.93249,27.129,18
2026-05-07T22:23:44.118472Z,13548.413375,27.111,24
2026-05-07T22:23:45.119463Z,13551.692297,26.904,18
2026-05-07T22:23:46.121013Z,13555.56686,29.264,22
2026-05-07T22:23:47.122542Z,13568.714531,26.171,18
2026-05-07T22:23:48.123465Z,13571.696152,25.905,20
2026-05-07T22:23:49.125004Z,13574.522561,25.952,18
2026-05-07T22:23:50.126539Z,13577.476777,26.073,18
2026-05-07T22:23:51.128019Z,13610.352181,26.297,16
2026-05-07T22:23:52.129251Z,13655.341385,26.048,21
2026-05-07T22:23:53.130433Z,13689.889148,25.846,17
2026-05-07T22:23:54.131622Z,13735.296563,54.964,16
2026-05-07T22:23:55.132836Z,13775.482617,170.145,48
2026-05-07T22:23:56.133965Z,13815.814423,285.622,92
2026-05-07T22:23:57.135086Z,13857.101061,283.876,92
2026-05-07T22:23:58.135407Z,13901.489009,284.531,93
2026-05-07T22:23:59.136544Z,13943.589914,283.941,88
2026-05-07T22:24:00.137667Z,13984.765773,286.034,93
2026-05-07T22:24:01.138812Z,14024.810654,290.156,92
2026-05-07T22:24:02.139361Z,14063.466255,292.683,93
2026-05-07T22:24:03.140479Z,14107.515764,310.071,93
2026-05-07T22:24:04.141604Z,14148.220128,288.462,92
2026-05-07T22:24:05.142730Z,14188.821159,289.695,93
2026-05-07T22:24:06.143406Z,14229.36323,293.155,94
2026-05-07T22:24:07.144581Z,14267.952426,291.32,92
2026-05-07T22:24:08.145710Z,14307.78167,294.794,93
2026-05-07T22:24:09.146833Z,14348.860056,293.473,92
2026-05-07T22:24:10.147365Z,14385.892676,297.7,93
2026-05-07T22:24:11.148515Z,14423.721131,296.427,93
2026-05-07T22:24:12.148990Z,14467.049756,299.842,92
2026-05-07T22:24:13.150198Z,14506.573336,292.694,93
2026-05-07T22:24:14.151360Z,14547.985706,295.531,92
2026-05-07T22:24:15.152490Z,14587.443918,294.644,92
2026-05-07T22:24:16.153679Z,14632.117876,294.133,94
2026-05-07T22:24:17.154885Z,14675.116423,288.235,93
2026-05-07T22:24:18.156192Z,14726.185628,289.418,91
2026-05-07T22:24:19.157401Z,14762.368641,297.257,93
2026-05-07T22:24:20.158635Z,14803.420782,298.912,93
2026-05-07T22:24:21.159422Z,14851.754337,351.762,92
2026-05-07T22:24:22.160722Z,14898.551154,183.493,6
2026-05-07T22:24:23.161968Z,14939.278955,293.048,92
2026-05-07T22:24:24.163220Z,14980.520304,295.981,93
2026-05-07T22:24:25.164328Z,15019.070071,294.944,91
2026-05-07T22:24:26.165500Z,15058.264246,296.487,93
2026-05-07T22:24:27.166637Z,15096.447192,296.483,93
2026-05-07T22:24:28.167362Z,15136.71424,293.662,91
2026-05-07T22:24:29.168492Z,15177.070521,295.405,92
2026-05-07T22:24:30.169614Z,15219.322854,306.68,92
2026-05-07T22:24:31.170744Z,15255.21119,300.897,93
2026-05-07T22:24:32.171361Z,15293.415682,296.711,93
2026-05-07T22:24:33.172491Z,15330.382873,296.06,92
2026-05-07T22:24:34.173672Z,15367.088589,296.289,93
2026-05-07T22:24:35.174871Z,15404.04577,296.536,93
2026-05-07T22:24:36.175361Z,15441.272054,294.947,92
2026-05-07T22:24:37.176481Z,15480.618816,295.644,92
2026-05-07T22:24:38.177609Z,15523.101679,294.694,93
2026-05-07T22:24:39.178837Z,15567.200809,299.6,91
2026-05-07T22:24:40.179363Z,15605.620999,294.709,92
2026-05-07T22:24:41.180483Z,15645.309313,296.561,93
2026-05-07T22:24:42.181620Z,15682.554701,297.18,93
2026-05-07T22:24:43.182743Z,15723.990203,293.905,92
2026-05-07T22:24:44.183364Z,15764.050952,297.349,93
2026-05-07T22:24:45.184499Z,15802.035718,298.017,93
2026-05-07T22:24:46.185625Z,15839.196756,297.285,93
2026-05-07T22:24:47.186746Z,15877.972596,304.845,94
2026-05-07T22:24:48.187441Z,15918.184957,314.2,88
2026-05-07T22:24:49.188683Z,15961.942535,168.358,5
2026-05-07T22:24:50.189808Z,16001.589223,291.123,93
2026-05-07T22:24:51.190932Z,16039.451309,297.075,93
2026-05-07T22:24:52.191362Z,16079.719944,294.185,93
2026-05-07T22:24:53.192518Z,16117.065978,296.642,93
2026-05-07T22:24:54.193636Z,16153.381742,297.266,94
2026-05-07T22:24:55.194756Z,16190.161617,298.156,93
2026-05-07T22:24:56.195361Z,16226.693811,297.87,93
2026-05-07T22:24:57.196490Z,16270.717196,309.517,94
2026-05-07T22:24:58.197222Z,16309.975458,288.256,93
2026-05-07T22:24:59.198355Z,16349.862074,293.746,93
2026-05-07T22:25:00.199415Z,16388.72666,294.694,92
2026-05-07T22:25:01.200206Z,16427.819272,296.526,93
2026-05-07T22:25:02.200441Z,16465.504967,296.651,94
2026-05-07T22:25:03.201378Z,16502.113394,296.521,93
2026-05-07T22:25:04.202559Z,16538.014181,297.404,94
2026-05-07T22:25:05.203369Z,16576.106734,298.085,93
2026-05-07T22:25:06.204524Z,16617.214112,298.525,69
2026-05-07T22:25:07.205700Z,16656.502281,292.028,93
2026-05-07T22:25:08.206837Z,16692.844595,295.764,93
2026-05-07T22:25:09.207360Z,16730.478532,295.76,93
2026-05-07T22:25:10.208484Z,16768.069866,296.172,93
2026-05-07T22:25:11.209651Z,16806.258855,296.649,93
2026-05-07T22:25:12.210781Z,16842.967257,296.869,93
2026-05-07T22:25:13.211361Z,16880.175109,296.623,93
2026-05-07T22:25:14.212488Z,16921.813552,307.167,88
2026-05-07T22:25:15.213614Z,16962.58896,317.818,19
2026-05-07T22:25:16.214884Z,17008.139991,166.412,5
2026-05-07T22:25:17.216060Z,17047.19702,292.29,93
2026-05-07T22:25:18.217191Z,17084.067653,296.971,93
2026-05-07T22:25:19.218352Z,17120.480524,297.523,93
2026-05-07T22:25:20.219371Z,17158.704913,296.502,93
2026-05-07T22:25:21.220523Z,17196.730878,296.159,92
2026-05-07T22:25:22.221649Z,17233.990304,295.426,93
2026-05-07T22:25:23.222813Z,17272.017856,295.055,91
2026-05-07T22:25:24.223944Z,17314.348985,314.119,94
2026-05-07T22:25:25.225074Z,17354.78095,286.839,93
2026-05-07T22:25:26.226203Z,17392.503998,294.282,93
2026-05-07T22:25:27.227369Z,17430.593805,297.897,93
2026-05-07T22:25:28.228571Z,17467.904073,298.225,93
2026-05-07T22:25:29.229703Z,17506.814191,297.801,93
2026-05-07T22:25:30.230828Z,17545.82288,296.152,92
2026-05-07T22:25:31.231950Z,17584.761867,296.018,93
2026-05-07T22:25:32.233089Z,17624.048205,297.653,93
2026-05-07T22:25:33.234304Z,17667.280272,297.76,81
2026-05-07T22:25:34.235468Z,17708.191971,292.694,93
2026-05-07T22:25:35.236645Z,17746.230875,297.433,92
2026-05-07T22:25:36.237825Z,17782.636361,297.612,93
2026-05-07T22:25:37.239016Z,17820.369174,297.913,93
2026-05-07T22:25:38.240183Z,17857.873534,298.459,93
2026-05-07T22:25:39.241382Z,17895.421106,297.626,94
2026-05-07T22:25:40.242592Z,17933.736438,297.647,93
2026-05-07T22:25:41.243783Z,17975.005009,307.952,89
2026-05-07T22:25:42.245265Z,18013.926845,314.901,43
2026-05-07T22:25:43.246498Z,18058.629367,169.033,6
2026-05-07T22:25:44.247632Z,18098.23742,291.131,93
2026-05-07T22:25:45.248829Z,18135.7654,295.761,93
2026-05-07T22:25:46.250032Z,18171.504323,296.552,93
2026-05-07T22:25:47.251274Z,18208.193682,295.73,93
2026-05-07T22:25:48.252446Z,18244.350572,295.812,92
2026-05-07T22:25:49.253564Z,18281.970104,296.943,93
2026-05-07T22:25:50.254683Z,18318.850686,297.068,93
2026-05-07T22:25:51.255372Z,18361.591238,310.953,93
2026-05-07T22:25:52.256499Z,18401.376415,286.937,94
2026-05-07T22:25:53.257629Z,18440.204746,292.577,92
2026-05-07T22:25:54.258753Z,18477.454284,295.99,93
2026-05-07T22:25:55.259362Z,18515.208277,297.083,92
2026-05-07T22:25:56.260515Z,18551.952995,297.814,92
2026-05-07T22:25:57.261635Z,18589.841814,297.616,93
2026-05-07T22:25:58.262758Z,18627.780193,297.607,93
2026-05-07T22:25:59.263365Z,18667.271364,296.939,92
2026-05-07T22:26:00.264494Z,18712.497933,292.227,91
2026-05-07T22:26:01.265620Z,18756.247149,292.515,92
2026-05-07T22:26:02.266744Z,18797.320592,297.117,93
2026-05-07T22:26:03.267361Z,18838.044731,297.732,93
2026-05-07T22:26:04.268518Z,18878.506663,298.727,93
2026-05-07T22:26:05.269641Z,18919.795193,298.288,93
2026-05-07T22:26:06.270762Z,18957.575064,296.853,92
2026-05-07T22:26:07.271362Z,18995.983718,297.092,93
2026-05-07T22:26:08.272514Z,19037.154572,304.6,94
2026-05-07T22:26:09.273658Z,19082.098793,330.093,70
2026-05-07T22:26:10.274843Z,19125.814135,169.271,7
2026-05-07T22:26:11.275362Z,19168.284303,291.014,93
2026-05-07T22:26:12.276513Z,19207.602256,296.201,93
2026-05-07T22:26:13.277638Z,19247.691875,297.803,93
2026-05-07T22:26:14.278763Z,19288.938046,297.211,93
2026-05-07T22:26:15.279361Z,19329.836196,297.529,93
2026-05-07T22:26:16.280484Z,19369.00614,296.973,93
2026-05-07T22:26:17.281607Z,19408.294247,296.351,93
2026-05-07T22:26:18.282726Z,19450.526256,307.667,93
2026-05-07T22:26:19.283362Z,19491.154143,289.783,94
2026-05-07T22:26:20.284520Z,19532.226791,292.371,93
2026-05-07T22:26:21.285644Z,19571.469306,296.809,93
2026-05-07T22:26:22.286766Z,19610.220122,297.051,93
2026-05-07T22:26:23.287362Z,19649.200613,297.254,93
2026-05-07T22:26:24.288491Z,19687.642348,297.747,93
2026-05-07T22:26:25.289607Z,19724.82072,295.092,92
2026-05-07T22:26:26.290734Z,19762.003059,297.104,93
2026-05-07T22:26:27.291363Z,19806.066239,296.008,91
2026-05-07T22:26:28.292491Z,19848.742216,293.848,93
2026-05-07T22:26:29.293616Z,19889.383226,297.116,93
2026-05-07T22:26:30.294736Z,19929.985722,297.566,92
2026-05-07T22:26:31.295362Z,19971.093344,296.034,92
2026-05-07T22:26:32.296487Z,20010.7299,297.046,93
2026-05-07T22:26:33.297609Z,20048.807805,297.604,93
2026-05-07T22:26:34.298732Z,20088.021816,298.505,93
2026-05-07T22:26:35.299364Z,20129.803264,305.246,93
2026-05-07T22:26:36.300507Z,20173.755178,334.968,93
2026-05-07T22:26:37.301663Z,20221.450735,176.214,6
2026-05-07T22:26:38.302786Z,20261.67457,292.646,93
2026-05-07T22:26:39.303362Z,20301.335906,295.964,94
2026-05-07T22:26:40.304515Z,20340.151786,297.797,93
2026-05-07T22:26:41.305633Z,20380.218883,297.977,94
2026-05-07T22:26:42.306752Z,20424.979022,298.25,94
2026-05-07T22:26:43.307361Z,20462.334274,294.265,92
2026-05-07T22:26:44.308485Z,20502.899477,297.302,93
2026-05-07T22:26:45.309608Z,20544.501666,298.118,86
2026-05-07T22:26:46.310738Z,20585.41129,290.982,93
2026-05-07T22:26:47.311360Z,20624.377926,297.713,93
2026-05-07T22:26:48.312509Z,20662.808675,298.209,92
2026-05-07T22:26:49.313645Z,20703.262856,298.177,93
2026-05-07T22:26:50.314764Z,20742.511901,297.66,93
2026-05-07T22:26:51.315362Z,20782.611469,298.067,93
2026-05-07T22:26:52.316516Z,20821.875834,298.201,93
2026-05-07T22:26:53.317639Z,20865.072989,298.304,93
2026-05-07T22:26:54.318763Z,20907.596378,289.745,92
2026-05-07T22:26:55.319360Z,20948.207786,297.965,93
2026-05-07T22:26:56.320510Z,20988.844034,298.491,93
2026-05-07T22:26:57.321632Z,21028.764281,297.827,93
2026-05-07T22:26:58.322752Z,21069.082598,298.904,94
2026-05-07T22:26:59.323361Z,21108.985084,298.612,93
2026-05-07T22:27:00.324497Z,21148.269102,297.925,93
2026-05-07T22:27:01.325615Z,21188.855546,297.239,93
2026-05-07T22:27:02.326738Z,21233.740929,299.412,93
2026-05-07T22:27:03.327370Z,21279.93594,334.041,92
2026-05-07T22:27:04.328570Z,21323.083962,173.413,4
2026-05-07T22:27:05.329691Z,21362.995542,296.63,93
2026-05-07T22:27:06.330810Z,21402.648517,297.69,93
2026-05-07T22:27:07.331362Z,21444.63077,297.455,94
2026-05-07T22:27:08.332514Z,21486.078418,297.276,93
2026-05-07T22:27:09.333639Z,21528.269289,298.068,93
2026-05-07T22:27:10.334763Z,21568.66628,297.508,93
2026-05-07T22:27:11.335362Z,21608.014629,297.629,93
2026-05-07T22:27:12.336513Z,21651.02813,303.699,93
2026-05-07T22:27:13.337637Z,21689.739273,292.551,93
2026-05-07T22:27:14.338767Z,21728.110818,298.22,93
2026-05-07T22:27:15.339362Z,21766.990785,297.885,93
2026-05-07T22:27:16.340508Z,21806.220482,298.186,94
2026-05-07T22:27:17.341627Z,21846.090192,298.019,94
2026-05-07T22:27:18.342749Z,21885.564822,298.06,93
2026-05-07T22:27:19.343387Z,21923.572354,297.738,93
2026-05-07T22:27:20.344513Z,21963.564988,298.823,93
2026-05-07T22:27:21.345632Z,22005.025148,290.419,92
2026-05-07T22:27:22.346749Z,22044.466576,298.926,93
2026-05-07T22:27:23.347361Z,22083.954085,298.159,93
2026-05-07T22:27:24.348517Z,22124.581422,297.89,93
2026-05-07T22:27:25.349638Z,22165.495746,298.67,93
2026-05-07T22:27:26.350760Z,22205.515297,298.046,93
2026-05-07T22:27:27.351359Z,22245.846553,298.797,93
2026-05-07T22:27:28.352504Z,22284.564716,297.659,93
2026-05-07T22:27:29.353639Z,22329.537929,306.214,94
2026-05-07T22:27:30.354763Z,22376.648709,325.576,72
2026-05-07T22:27:31.355361Z,22417.695235,167.282,4
2026-05-07T22:27:32.356509Z,22459.291625,296.796,93
2026-05-07T22:27:33.357628Z,22500.819717,297.761,93
2026-05-07T22:27:34.358746Z,22541.376192,298.263,93
2026-05-07T22:27:35.359361Z,22581.522208,297.538,93
2026-05-07T22:27:36.360517Z,22620.874219,297.402,93
2026-05-07T22:27:37.361638Z,22660.34714,297.216,93
2026-05-07T22:27:38.362757Z,22701.084646,298.223,93
2026-05-07T22:27:39.363361Z,22745.311461,300.933,93
2026-05-07T22:27:40.364515Z,22785.942705,292.774,93
2026-05-07T22:27:41.365645Z,22825.841651,297.662,93
2026-05-07T22:27:42.366768Z,22864.864012,297.988,93
2026-05-07T22:27:43.367361Z,22904.128071,297.696,93
2026-05-07T22:27:44.368507Z,22942.913311,297.895,93
2026-05-07T22:27:45.369626Z,22982.514467,297.488,93
2026-05-07T22:27:46.370752Z,23022.337974,296.382,93
2026-05-07T22:27:47.371363Z,23064.105628,298.299,93
2026-05-07T22:27:48.372486Z,23106.527089,286.767,91
2026-05-07T22:27:49.373608Z,23147.099617,297.95,93
2026-05-07T22:27:50.374728Z,23187.905909,297.273,93
2026-05-07T22:27:51.375360Z,23229.606425,297.3,93
2026-05-07T22:27:52.376513Z,23270.475766,297.977,93
2026-05-07T22:27:53.377635Z,23313.726144,298.374,93
2026-05-07T22:27:54.378754Z,23354.832179,297.689,93
2026-05-07T22:27:55.379370Z,23396.551127,297.709,94
2026-05-07T22:27:56.380493Z,23440.276601,293.858,94
2026-05-07T22:27:57.381659Z,23483.833557,328.319,90
2026-05-07T22:27:58.382797Z,23533.779291,173.349,3
2026-05-07T22:27:59.383360Z,23575.920846,296.522,93
2026-05-07T22:28:00.384505Z,23617.828026,296.992,92
2026-05-07T22:28:01.385629Z,23658.087811,296.604,93
2026-05-07T22:28:02.386762Z,23699.602414,295.876,93
2026-05-07T22:28:03.387361Z,23742.178782,297.294,94
2026-05-07T22:28:04.388652Z,23783.871913,297.285,93
2026-05-07T22:28:05.389888Z,23823.891159,297.263,94
2026-05-07T22:28:06.391107Z,23868.186028,287.339,93
2026-05-07T22:28:07.392379Z,23910.415107,301.033,93
2026-05-07T22:28:08.393609Z,23953.793963,297.108,93
2026-05-07T22:28:09.394844Z,23995.180149,297.122,94
2026-05-07T22:28:10.396073Z,24035.294914,295.606,93
2026-05-07T22:28:11.397310Z,24075.598644,295.734,94
2026-05-07T22:28:12.398536Z,24116.443022,296.557,93
2026-05-07T22:28:13.399780Z,24157.704574,296.633,92
2026-05-07T22:28:14.400996Z,24198.872132,297.094,93
2026-05-07T22:28:15.402241Z,24245.441044,285.741,92
2026-05-07T22:28:16.403472Z,24286.814473,297.174,93
2026-05-07T22:28:17.404728Z,24328.426793,297.063,93
2026-05-07T22:28:18.405949Z,24370.512989,297.755,93
2026-05-07T22:28:19.407194Z,24412.538211,296.639,92
2026-05-07T22:28:20.408437Z,24454.453082,297.266,94
2026-05-07T22:28:21.409684Z,24495.694676,297.785,93
2026-05-07T22:28:22.411109Z,24538.676926,297.925,94
2026-05-07T22:28:23.411505Z,24582.599971,274.63,93
2026-05-07T22:28:24.412807Z,24630.021724,323.596,90
2026-05-07T22:28:25.414258Z,24680.723072,184.532,21
2026-05-07T22:28:26.415427Z,24718.669325,259.104,94
2026-05-07T22:28:27.416868Z,24757.002845,304.598,95
2026-05-07T22:28:28.418037Z,24794.996888,305.973,94
2026-05-07T22:28:29.419202Z,24834.681479,304.147,93
2026-05-07T22:28:30.420372Z,24873.317305,305.976,93
2026-05-07T22:28:31.421546Z,24913.132694,306.321,94
2026-05-07T22:28:32.422867Z,24951.555142,305.529,94
2026-05-07T22:28:33.423400Z,24990.246815,306.512,93
2026-05-07T22:28:34.424529Z,25029.286327,306.067,94
2026-05-07T22:28:35.425650Z,25068.614718,306.405,94
2026-05-07T22:28:36.426812Z,25107.085261,305.403,93
2026-05-07T22:28:37.427995Z,25146.235369,306.071,94
2026-05-07T22:28:38.429119Z,25184.466777,306.216,94
2026-05-07T22:28:39.430243Z,25224.095216,305.695,94
2026-05-07T22:28:40.431467Z,25270.368169,331.342,22
2026-05-07T22:28:41.432630Z,25309.780726,310.384,93
2026-05-07T22:28:42.433807Z,25348.746752,306.473,94
2026-05-07T22:28:43.434932Z,25388.719855,307.748,94
2026-05-07T22:28:44.435368Z,25427.925504,307.634,93
2026-05-07T22:28:45.436492Z,25468.222215,307.143,94
2026-05-07T22:28:46.437614Z,25508.380071,306.809,94
2026-05-07T22:28:47.438745Z,25547.88052,305.915,94
2026-05-07T22:28:48.439362Z,25587.655747,305.78,93
2026-05-07T22:28:49.440486Z,25627.964848,305.929,94
2026-05-07T22:28:50.441607Z,25668.064782,305.99,92
2026-05-07T22:28:51.442453Z,25707.922102,306.355,92
2026-05-07T22:28:52.443362Z,25747.465214,306.243,93
2026-05-07T22:28:53.444560Z,25788.439718,306.407,93
2026-05-07T22:28:54.445732Z,25827.572553,306.282,93
2026-05-07T22:28:55.446863Z,25871.385551,310.138,94
2026-05-07T22:28:56.447361Z,25913.098579,332.629,10
2026-05-07T22:28:57.448448Z,25954.513939,307.003,93
2026-05-07T22:28:58.449627Z,25996.392189,307.696,93
2026-05-07T22:28:59.450207Z,26037.171137,307.488,93
2026-05-07T22:29:00.451333Z,26078.096692,307.255,93
2026-05-07T22:29:01.452452Z,26118.451141,306.969,93
2026-05-07T22:29:02.453564Z,26159.466723,304.409,93
2026-05-07T22:29:03.454679Z,26199.015388,307.059,93
2026-05-07T22:29:04.455839Z,26239.303676,307.778,93
2026-05-07T22:29:05.456972Z,26279.667281,307.705,93
2026-05-07T22:29:06.458087Z,26320.571596,307.511,93
2026-05-07T22:29:07.459210Z,26361.012288,308.289,93
2026-05-07T22:29:08.459371Z,26400.329875,307.587,93
2026-05-07T22:29:09.460514Z,26439.921327,306.608,93
2026-05-07T22:29:10.461675Z,26481.269671,280.772,92
2026-05-07T22:29:11.462838Z,26529.199419,377.517,94
2026-05-07T22:29:12.463469Z,26576.087177,374.842,35
2026-05-07T22:29:13.464611Z,26618.349581,174.509,7
2026-05-07T22:29:14.465780Z,26657.93322,258.395,93
2026-05-07T22:29:15.466978Z,26696.553421,306.841,91
2026-05-07T22:29:16.467363Z,26736.146093,307.224,93
2026-05-07T22:29:17.468538Z,26774.551207,307.318,94
2026-05-07T22:29:18.469715Z,26813.43331,307.368,94
2026-05-07T22:29:19.470892Z,26852.151045,307.316,94
2026-05-07T22:29:20.472023Z,26890.415901,306.928,93
2026-05-07T22:29:21.473251Z,26929.451568,306.482,93
2026-05-07T22:29:22.474428Z,26970.474168,307.049,93
2026-05-07T22:29:23.475604Z,27012.225709,307.163,93
2026-05-07T22:29:24.476777Z,27053.383318,306.514,93
2026-05-07T22:29:25.477968Z,27092.294962,305.844,93
2026-05-07T22:29:26.479096Z,27131.814636,306.289,93
2026-05-07T22:29:27.479494Z,27171.370016,307.41,93
2026-05-07T22:29:28.480635Z,27217.110743,332.545,19
2026-05-07T22:29:29.481801Z,27256.602403,309.611,92
2026-05-07T22:29:30.482982Z,27296.156684,306.712,93
2026-05-07T22:29:31.483418Z,27335.245939,308.089,93
2026-05-07T22:29:32.484617Z,27374.878711,306.648,93
2026-05-07T22:29:33.485752Z,27413.699352,306.143,92
2026-05-07T22:29:34.486899Z,27454.516874,305.253,93
2026-05-07T22:29:35.487416Z,27493.126089,305.339,93
2026-05-07T22:29:36.488548Z,27533.387216,305.065,92
2026-05-07T22:29:37.489714Z,27570.964147,304.288,93
2026-05-07T22:29:38.490902Z,27610.83819,307.3,93
2026-05-07T22:29:39.491432Z,27650.305985,308.245,93
2026-05-07T22:29:40.492565Z,27690.757541,307.386,94
2026-05-07T22:29:41.493732Z,27731.032829,307.117,93
2026-05-07T22:29:42.494899Z,27773.147711,307.579,94
2026-05-07T22:29:43.496072Z,27817.539077,309.294,95
2026-05-07T22:29:44.497245Z,27858.897675,333.312,9
2026-05-07T22:29:45.498427Z,27898.083426,307.294,94
2026-05-07T22:29:46.499420Z,27937.016249,307.652,94
2026-05-07T22:29:47.500600Z,27977.351839,307.358,94
2026-05-07T22:29:48.501735Z,28019.621934,307.491,94
2026-05-07T22:29:49.502894Z,28060.605166,307.572,94
2026-05-07T22:29:50.503419Z,28101.918903,307.948,93
2026-05-07T22:29:51.504554Z,28143.163854,306.27,92
2026-05-07T22:29:52.505723Z,28184.316825,306.588,93
2026-05-07T22:29:53.506850Z,28224.698252,305.451,94
2026-05-07T22:29:54.507364Z,28266.816918,307.603,93
2026-05-07T22:29:55.508492Z,28307.158551,306.224,93
2026-05-07T22:29:56.509669Z,28347.414674,306.344,93
2026-05-07T22:29:57.510870Z,28384.880459,304.173,93
2026-05-07T22:29:58.511419Z,28425.675765,280.287,92
2026-05-07T22:29:59.512534Z,28472.174852,331.739,95
2026-05-07T22:30:00.513132Z,28518.811452,376.335,95
2026-05-07T22:30:01.514312Z,28565.696708,237.08,26
2026-05-07T22:30:02.515434Z,28606.64045,232.393,93
2026-05-07T22:30:03.516573Z,28645.641144,305.435,94
2026-05-07T22:30:04.517735Z,28687.046311,306.27,94
2026-05-07T22:30:05.518928Z,28726.381111,307.602,94
2026-05-07T22:30:06.519417Z,28767.190576,306.29,93
2026-05-07T22:30:07.520560Z,28807.443952,305.686,93
2026-05-07T22:30:08.521676Z,28848.992064,304.533,94
2026-05-07T22:30:09.522795Z,28889.474809,305.799,93
2026-05-07T22:30:10.523359Z,28930.728549,306.177,94
2026-05-07T22:30:11.524474Z,28971.718007,306.321,94
2026-05-07T22:30:12.525660Z,29012.890875,306.367,92
2026-05-07T22:30:13.526836Z,29053.82119,306.573,94
2026-05-07T22:30:14.527371Z,29094.487285,305.76,93
2026-05-07T22:30:15.528590Z,29135.791623,306.666,94
2026-05-07T22:30:16.529742Z,29183.080198,309.236,94
2026-05-07T22:30:17.530929Z,29224.204787,319.582,10
2026-05-07T22:30:18.532059Z,29263.579381,306.783,93
2026-05-07T22:30:19.533192Z,29303.693353,305.235,91
2026-05-07T22:30:20.534359Z,29344.726085,305.671,93
2026-05-07T22:30:21.535513Z,29384.99057,305.544,92
2026-05-07T22:30:22.536715Z,29425.42583,305.172,93
2026-05-07T22:30:23.537845Z,29467.185061,306.258,94
2026-05-07T22:30:24.539024Z,29510.629774,306.737,94
2026-05-07T22:30:25.540201Z,29551.960174,307.514,93
2026-05-07T22:30:26.541362Z,29593.420517,307.031,93
2026-05-07T22:30:27.542495Z,29634.177676,305.966,93
2026-05-07T22:30:28.543626Z,29676.862625,306.153,94
2026-05-07T22:30:29.544791Z,29718.687469,305.408,94
2026-05-07T22:30:30.545976Z,29759.428942,305.11,94
2026-05-07T22:30:31.547134Z,29805.092583,278.158,93
2026-05-07T22:30:32.548286Z,29848.127507,333.345,96
2026-05-07T22:30:33.549458Z,29888.860984,306.014,94
2026-05-07T22:30:34.550660Z,29930.78623,306.218,94
2026-05-07T22:30:35.551855Z,29971.182184,307.29,94
2026-05-07T22:30:36.553035Z,30011.98396,307.06,94
2026-05-07T22:30:37.554222Z,30051.727876,306.984,94
2026-05-07T22:30:38.555419Z,30092.640491,307.19,94
2026-05-07T22:30:39.556551Z,30134.508182,307.733,93
2026-05-07T22:30:40.557687Z,30177.207353,307.691,94
2026-05-07T22:30:41.558886Z,30218.193271,307.085,93
2026-05-07T22:30:42.560079Z,30258.964712,306.6,93
2026-05-07T22:30:43.561264Z,30299.021372,306.359,93
2026-05-07T22:30:44.562410Z,30339.30789,306.547,94
2026-05-07T22:30:45.563584Z,30382.504618,306.995,94
2026-05-07T22:30:46.564961Z,30425.167594,308.069,94
2026-05-07T22:30:47.566118Z,30472.461357,331.47,96
2026-05-07T22:30:48.567293Z,30519.225459,334.613,96
2026-05-07T22:30:49.568435Z,30564.950684,296.199,91
2026-05-07T22:30:50.569612Z,30605.152912,181.431,15
2026-05-07T22:30:51.570757Z,30646.120703,305.789,93
2026-05-07T22:30:52.571926Z,30687.26635,304.528,92
2026-05-07T22:30:53.573107Z,30728.667977,304.455,94
2026-05-07T22:30:54.574267Z,30771.979573,306.038,94
2026-05-07T22:30:55.575464Z,30814.453829,306.803,93
2026-05-07T22:30:56.576650Z,30855.594044,306.726,94
2026-05-07T22:30:57.577843Z,30897.825381,304.824,93
2026-05-07T22:30:58.579005Z,30939.232868,305.438,93
2026-05-07T22:30:59.580148Z,30981.663972,306.663,94
2026-05-07T22:31:00.581293Z,31028.785678,306.406,94
2026-05-07T22:31:01.582427Z,31074.640968,300.915,95
2026-05-07T22:31:02.583586Z,31124.984284,305.961,93
2026-05-07T22:31:03.584777Z,31170.612463,300.016,91
2026-05-07T22:31:04.585919Z,31214.366624,291.445,94
2026-05-07T22:31:05.587051Z,31260.724049,321.532,95
2026-05-07T22:31:06.588193Z,31310.55699,301.977,93
2026-05-07T22:31:07.589382Z,31356.332569,300.608,93
2026-05-07T22:31:08.590604Z,31399.469665,303.27,93
2026-05-07T22:31:09.591833Z,31442.259473,301.652,93
2026-05-07T22:31:10.593026Z,31483.691618,305.042,94
2026-05-07T22:31:11.594229Z,31527.15043,306.639,94
2026-05-07T22:31:12.595403Z,31569.299675,302.932,93
2026-05-07T22:31:13.596610Z,31612.418522,305.967,93
2026-05-07T22:31:14.597817Z,31653.406088,302.458,92
2026-05-07T22:31:15.599017Z,31694.721778,306.761,93
2026-05-07T22:31:16.600206Z,31736.487479,304.837,92
2026-05-07T22:31:17.601408Z,31775.687147,305.206,94
2026-05-07T22:31:18.602612Z,31819.80178,304.968,95
2026-05-07T22:31:19.603777Z,31863.040256,304.856,93
2026-05-07T22:31:20.604955Z,31914.364588,328.55,13
2026-05-07T22:31:21.606133Z,31956.564003,304.267,93
2026-05-07T22:31:22.607302Z,32000.878954,302.252,93
2026-05-07T22:31:23.608458Z,32042.627077,300.656,92
2026-05-07T22:31:24.609623Z,32088.370429,305.279,93
2026-05-07T22:31:25.610790Z,32136.734319,304.615,94
2026-05-07T22:31:26.611369Z,32177.498619,300.617,93
2026-05-07T22:31:27.612499Z,32217.686687,305.717,93
2026-05-07T22:31:28.613645Z,32259.642207,306.365,94
2026-05-07T22:31:29.614768Z,32301.62562,307.638,94
2026-05-07T22:31:30.615362Z,32342.13754,306.814,93
2026-05-07T22:31:31.616510Z,32383.388167,306.134,94
2026-05-07T22:31:32.617633Z,32425.657651,306.708,94
2026-05-07T22:31:33.618756Z,32467.979992,307.414,93
2026-05-07T22:31:34.619362Z,32508.079132,306.909,93
2026-05-07T22:31:35.620491Z,32552.761025,281.2,93
2026-05-07T22:31:36.621625Z,32599.216533,368.517,95
2026-05-07T22:31:37.622801Z,32644.60283,373.3,11
2026-05-07T22:31:38.623364Z,32690.181449,196.711,19
2026-05-07T22:31:39.624503Z,32729.646985,247.572,93
2026-05-07T22:31:40.625626Z,32770.652923,304.623,93
2026-05-07T22:31:41.626752Z,32810.195546,306.683,94
2026-05-07T22:31:42.627365Z,32851.718145,306.462,95
2026-05-07T22:31:43.628491Z,32891.340236,307.429,95
2026-05-07T22:31:44.629614Z,32932.14488,307.816,95
2026-05-07T22:31:45.630745Z,32971.839481,307.966,92
2026-05-07T22:31:46.631363Z,33011.448449,308.543,94
2026-05-07T22:31:47.632512Z,33052.110088,307.212,94
2026-05-07T22:31:48.633640Z,33094.691278,307.308,93
2026-05-07T22:31:49.634763Z,33135.695018,306.595,94
2026-05-07T22:31:50.635363Z,33175.381196,305.325,94
2026-05-07T22:31:51.636515Z,33217.113755,307.023,95
2026-05-07T22:31:52.637660Z,33259.614684,306.32,94
2026-05-07T22:31:53.638823Z,33305.66022,313.416,52
2026-05-07T22:31:54.639367Z,33347.9684,316.095,51
2026-05-07T22:31:55.640523Z,33390.126557,305.956,94
2026-05-07T22:31:56.641647Z,33431.865097,306.359,93
2026-05-07T22:31:57.642782Z,33473.4245,306.146,93
2026-05-07T22:31:58.643370Z,33514.280902,306.505,94
2026-05-07T22:31:59.644507Z,33555.013769,305.632,94
2026-05-07T22:32:00.645633Z,33596.72167,306.534,93
2026-05-07T22:32:01.646761Z,33638.27265,306.593,93
2026-05-07T22:32:02.647361Z,33679.456382,305.867,93
2026-05-07T22:32:03.648512Z,33720.281107,305.171,93
2026-05-07T22:32:04.649641Z,33761.748042,305.624,93
2026-05-07T22:32:05.650763Z,33803.519297,305.78,93
2026-05-07T22:32:06.651362Z,33845.006068,306.448,93
2026-05-07T22:32:07.652518Z,33886.16142,306.349,94
2026-05-07T22:32:08.653655Z,33933.572065,343.701,95
2026-05-07T22:32:09.654856Z,33976.770319,291.222,94
2026-05-07T22:32:10.655362Z,34019.294441,306.591,93
2026-05-07T22:32:11.656495Z,34061.477682,306.63,93
2026-05-07T22:32:12.657621Z,34103.635106,305.51,93
2026-05-07T22:32:13.658742Z,34146.462694,305.696,94
2026-05-07T22:32:14.659363Z,34189.385436,305.61,94
2026-05-07T22:32:15.660514Z,34230.777542,305.46,94
2026-05-07T22:32:16.661667Z,34271.150974,305.925,94
2026-05-07T22:32:17.662794Z,34311.677176,306.462,93
2026-05-07T22:32:18.663364Z,34352.79554,306.288,93
2026-05-07T22:32:19.664499Z,34396.613055,307.267,94
2026-05-07T22:32:20.665627Z,34438.788301,306.965,93
2026-05-07T22:32:21.666758Z,34480.908676,306.475,94
2026-05-07T22:32:22.667361Z,34522.748779,306.196,93
2026-05-07T22:32:23.668514Z,34566.135753,311.099,96
2026-05-07T22:32:24.669639Z,34613.410657,378.416,95
2026-05-07T22:32:25.670760Z,34661.512523,358.019,55
2026-05-07T22:32:26.671363Z,34709.942758,136.063,93
2026-05-07T22:32:27.672491Z,34752.525046,305.967,93
2026-05-07T22:32:28.673615Z,34795.440098,305.678,93
2026-05-07T22:32:29.674739Z,34836.965931,306.129,94
2026-05-07T22:32:30.675371Z,34892.158051,300.353,90
2026-05-07T22:32:31.676539Z,34954.682427,293.966,91
2026-05-07T22:32:32.677680Z,35002.62426,301.073,91
2026-05-07T22:32:33.678819Z,35049.982964,303.684,92
2026-05-07T22:32:34.679364Z,35096.681575,302.775,93
2026-05-07T22:32:35.680562Z,35137.488539,307.363,93
2026-05-07T22:32:36.681693Z,35180.139369,311.964,93
2026-05-07T22:32:37.682813Z,35220.983015,313.437,94
2026-05-07T22:32:38.683363Z,35267.758713,308.958,92
2026-05-07T22:32:39.684500Z,35311.859918,304.316,94
2026-05-07T22:32:40.685639Z,35352.343518,309.637,93
2026-05-07T22:32:41.686809Z,35399.852308,348.791,73
2026-05-07T22:32:42.687362Z,35444.566183,288.406,93
2026-05-07T22:32:43.688493Z,35495.234388,299.595,92
2026-05-07T22:32:44.689645Z,35546.772464,294.871,94
2026-05-07T22:32:45.690879Z,35593.695623,299.327,94
2026-05-07T22:32:46.691361Z,35643.080262,299.838,92
2026-05-07T22:32:47.692485Z,35690.64325,304.474,95
2026-05-07T22:32:48.693613Z,35738.750305,304.029,91
2026-05-07T22:32:49.694764Z,35789.678824,298.35,92
2026-05-07T22:32:50.695364Z,35834.871336,303.389,94
2026-05-07T22:32:51.696493Z,35880.659671,304.891,90
2026-05-07T22:32:52.697626Z,35927.283392,301.66,93
2026-05-07T22:32:53.698745Z,35969.944598,304.492,92
2026-05-07T22:32:54.699363Z,36015.897056,304.306,94
2026-05-07T22:32:55.700495Z,36059.020725,303.634,93
2026-05-07T22:32:56.701626Z,36102.750838,280.99,56
2026-05-07T22:32:57.702755Z,36151.799357,335.302,93
2026-05-07T22:32:58.703363Z,36196.262928,305.832,94
2026-05-07T22:32:59.704522Z,36240.37396,305.53,94
2026-05-07T22:33:00.705649Z,36283.289133,305.725,93
2026-05-07T22:33:01.706771Z,36327.186299,305.381,94
2026-05-07T22:33:02.707363Z,36371.911648,305.7,94
2026-05-07T22:33:03.708524Z,36415.550574,306.194,94
2026-05-07T22:33:04.709655Z,36459.684861,306.478,94
2026-05-07T22:33:05.710779Z,36504.15606,305.417,93
2026-05-07T22:33:06.711363Z,36549.169861,304.726,93
2026-05-07T22:33:07.712509Z,36593.830635,302.732,94
2026-05-07T22:33:08.713655Z,36638.2278,301.451,94
2026-05-07T22:33:09.714787Z,36693.391294,295.264,87
2026-05-07T22:33:10.715365Z,36737.717291,301.101,93
2026-05-07T22:33:11.716517Z,36790.158014,301.82,90
2026-05-07T22:33:12.717661Z,36835.605895,316.502,95
2026-05-07T22:33:13.718798Z,36886.283927,372.148,90
2026-05-07T22:33:14.719372Z,36933.784843,325.943,26
2026-05-07T22:33:15.720569Z,36978.456909,132.879,93
2026-05-07T22:33:16.721698Z,37020.120316,304.822,94
2026-05-07T22:33:17.722832Z,37059.097938,304.305,93
2026-05-07T22:33:18.723364Z,37102.657824,306.447,94
2026-05-07T22:33:19.724501Z,37146.685849,306.001,93
2026-05-07T22:33:20.725626Z,37189.975472,305.1,93
2026-05-07T22:33:21.726748Z,37235.099502,305.681,93
2026-05-07T22:33:22.727371Z,37277.44473,305.534,94
2026-05-07T22:33:23.728534Z,37319.504681,304.799,93
2026-05-07T22:33:24.729667Z,37361.917842,305.054,94
2026-05-07T22:33:25.730837Z,37405.078253,304.742,93
2026-05-07T22:33:26.731362Z,37448.531084,306.237,95
2026-05-07T22:33:27.732517Z,37490.779145,305.934,94
2026-05-07T22:33:28.733643Z,37531.744677,305.528,93
2026-05-07T22:33:29.734812Z,37574.275086,304.925,94
2026-05-07T22:33:30.735363Z,37621.793275,338.339,67
2026-05-07T22:33:31.736556Z,37662.998431,281.555,94
2026-05-07T22:33:32.737746Z,37706.424528,304.84,94
2026-05-07T22:33:33.738875Z,37750.542152,305.68,93
2026-05-07T22:33:34.739363Z,37794.646714,305.341,93
2026-05-07T22:33:35.740518Z,37838.30859,304.783,94
2026-05-07T22:33:36.741672Z,37879.451429,305.597,94
2026-05-07T22:33:37.742844Z,37922.832604,305.806,94
2026-05-07T22:33:38.743408Z,37965.423621,306.367,94
2026-05-07T22:33:39.744587Z,38009.646713,306.95,94
2026-05-07T22:33:40.745725Z,38052.834164,306.39,93
2026-05-07T22:33:41.746899Z,38095.15803,305.891,94
2026-05-07T22:33:42.748088Z,38136.821925,306.275,94
2026-05-07T22:33:43.749305Z,38179.066262,306.635,94
2026-05-07T22:33:44.750479Z,38221.784964,305.658,93
2026-05-07T22:33:45.751361Z,38269.3637,325.457,95
2026-05-07T22:33:46.752508Z,38314.545102,308.994,95
2026-05-07T22:33:47.753636Z,38358.462715,306.663,94
2026-05-07T22:33:48.754764Z,38402.461198,307.075,94
2026-05-07T22:33:49.755364Z,38447.681236,306.214,94
2026-05-07T22:33:50.756518Z,38491.139377,306.073,94
2026-05-07T22:33:51.757651Z,38535.781353,305.676,94
2026-05-07T22:33:52.758773Z,38580.382252,305.673,94
2026-05-07T22:33:53.759362Z,38625.476985,306.712,94
2026-05-07T22:33:54.759843Z,38668.880743,306.418,93
2026-05-07T22:33:55.761010Z,38712.034502,305.383,94
2026-05-07T22:33:56.762155Z,38755.552885,306.526,94
2026-05-07T22:33:57.763284Z,38800.719029,306.536,94
2026-05-07T22:33:58.764439Z,38844.196701,307.144,94
2026-05-07T22:33:59.765559Z,38885.90924,306.323,94
2026-05-07T22:34:00.766680Z,38927.303971,281.221,95
2026-05-07T22:34:01.767374Z,38976.806041,363.554,94
2026-05-07T22:34:02.768498Z,39025.905159,363.388,92
2026-05-07T22:34:03.769657Z,39074.049811,206.78,3
2026-05-07T22:34:04.770809Z,39116.256734,236.661,94
2026-05-07T22:34:05.771361Z,39158.354832,305.154,93
2026-05-07T22:34:06.772491Z,39200.22887,304.76,93
2026-05-07T22:34:07.773623Z,39241.920597,305.032,94
2026-05-07T22:34:08.774770Z,39283.648884,305.079,94
2026-05-07T22:34:09.775359Z,39326.48282,304.897,93
2026-05-07T22:34:10.776552Z,39369.289717,305.074,94
2026-05-07T22:34:11.777727Z,39412.080379,304.78,93
2026-05-07T22:34:12.778860Z,39452.768934,303.983,93
2026-05-07T22:34:13.779418Z,39495.461147,305.724,94
2026-05-07T22:34:14.780585Z,39538.47715,305.709,94
2026-05-07T22:34:15.781705Z,39581.760608,305.526,94
2026-05-07T22:34:16.782827Z,39624.403138,304.721,93
2026-05-07T22:34:17.784007Z,39667.359205,304.529,94
2026-05-07T22:34:18.785144Z,39710.627649,299.353,94
2026-05-07T22:34:19.786309Z,39757.797572,324.974,94
2026-05-07T22:34:20.787493Z,39800.881935,303.118,94
2026-05-07T22:34:21.788660Z,39843.087881,304.723,95
2026-05-07T22:34:22.789851Z,39885.87775,306.247,94
2026-05-07T22:34:23.790983Z,39929.156814,305.373,94
2026-05-07T22:34:24.791361Z,39971.695462,305.729,93
2026-05-07T22:34:25.792543Z,40013.525983,305.398,93
2026-05-07T22:34:26.793682Z,40056.030329,306.225,94
2026-05-07T22:34:27.794806Z,40099.821965,307.429,94
2026-05-07T22:34:28.795364Z,40143.825759,307.406,94
2026-05-07T22:34:29.796510Z,40187.55282,306.476,94
2026-05-07T22:34:30.797641Z,40230.656469,305.728,94
2026-05-07T22:34:31.798765Z,40275.390241,305.359,93
2026-05-07T22:34:32.799362Z,40318.40069,304.933,94
2026-05-07T22:34:33.800490Z,40362.584964,287.122,25
2026-05-07T22:34:34.801614Z,40408.388985,313.967,82
2026-05-07T22:34:35.802733Z,40451.968525,303.283,93
2026-05-07T22:34:36.803860Z,40494.693025,306.394,93
2026-05-07T22:34:37.804980Z,40537.762495,306.183,93
2026-05-07T22:34:38.806096Z,40580.954767,306.773,93
2026-05-07T22:34:39.807273Z,40626.092652,305.959,93
2026-05-07T22:34:40.808433Z,40669.203747,305.43,94
2026-05-07T22:34:41.809609Z,40712.467431,305.839,94
2026-05-07T22:34:42.810749Z,40752.969097,305.469,94
2026-05-07T22:34:43.811887Z,40795.152583,305.401,94
2026-05-07T22:34:44.813027Z,40836.364513,306.437,94
2026-05-07T22:34:45.814162Z,40879.86251,306.557,94
2026-05-07T22:34:46.815289Z,40922.742405,306.22,94
2026-05-07T22:34:47.816454Z,40966.984845,305.682,93
2026-05-07T22:34:48.817580Z,41009.853815,306.843,94
2026-05-07T22:34:49.818754Z,41059.296804,342.585,96
2026-05-07T22:34:50.819363Z,41107.68053,331.216,9
2026-05-07T22:34:51.820494Z,41159.11387,297.167,21
2026-05-07T22:34:52.821658Z,41203.640062,153.793,94
2026-05-07T22:34:53.822808Z,41248.436273,306.049,94
2026-05-07T22:34:54.823359Z,41291.06031,304.509,94
2026-05-07T22:34:55.824485Z,41337.361644,305.592,94
2026-05-07T22:34:56.825604Z,41379.659753,305.408,94
2026-05-07T22:34:57.826730Z,41421.505471,305.316,93
2026-05-07T22:34:58.827360Z,41463.482659,306.652,93
2026-05-07T22:34:59.828492Z,41506.31574,305.941,94
2026-05-07T22:35:00.829619Z,41549.570085,306.089,94
2026-05-07T22:35:01.830748Z,41593.672206,305.404,94
2026-05-07T22:35:02.831360Z,41636.429177,305.78,94
2026-05-07T22:35:03.832519Z,41678.890372,306.402,94
2026-05-07T22:35:04.833654Z,41721.753848,306.477,94
2026-05-07T22:35:05.834779Z,41768.178229,306.23,94
2026-05-07T22:35:06.835415Z,41813.089064,296.556,49
2026-05-07T22:35:07.835974Z,41860.004654,309.249,31
2026-05-07T22:35:08.837204Z,41902.511503,294.041,94
2026-05-07T22:35:09.838444Z,41945.859293,306.288,93
2026-05-07T22:35:10.839368Z,41989.520314,307.001,94
2026-05-07T22:35:11.840552Z,42035.023371,307.683,94
2026-05-07T22:35:12.841738Z,42077.887153,307.415,93
2026-05-07T22:35:13.842920Z,42120.441243,306.753,94
2026-05-07T22:35:14.843366Z,42161.405494,306.576,94
2026-05-07T22:35:15.844555Z,42204.363147,305.901,93
2026-05-07T22:35:16.845808Z,42247.420776,306.176,93
2026-05-07T22:35:17.847042Z,42290.671032,306.119,94
2026-05-07T22:35:18.848283Z,42334.844503,306.724,94
2026-05-07T22:35:19.849465Z,42380.247036,307.325,94
2026-05-07T22:35:20.850707Z,42424.339574,307.312,94
2026-05-07T22:35:21.851424Z,42467.818467,307.746,93
2026-05-07T22:35:22.852678Z,42520.381931,333.593,96
2026-05-07T22:35:23.853981Z,42565.039226,293.901,94
2026-05-07T22:35:24.855220Z,42607.931755,305.395,93
2026-05-07T22:35:25.855423Z,42651.896975,306.306,94
2026-05-07T22:35:26.856609Z,42693.66939,306.447,94
2026-05-07T22:35:27.857857Z,42737.531521,306.284,94
2026-05-07T22:35:28.859095Z,42780.679848,307.673,92
2026-05-07T22:35:29.859427Z,42824.416492,307.679,94
2026-05-07T22:35:30.860672Z,42867.757995,307.411,93
2026-05-07T22:35:31.861913Z,42911.265146,307.724,94
2026-05-07T22:35:32.863146Z,42954.552633,308.65,94
2026-05-07T22:35:33.863421Z,42998.021577,308.247,93
2026-05-07T22:35:34.864675Z,43040.736128,308.084,95
2026-05-07T22:35:35.865914Z,43084.359308,308.483,94
2026-05-07T22:35:36.867151Z,43127.126593,307.92,94
2026-05-07T22:35:37.868385Z,43171.884413,294.204,95
2026-05-07T22:35:38.869618Z,43220.576122,369.268,95
2026-05-07T22:35:39.870859Z,43272.677429,360.416,92
2026-05-07T22:35:40.871425Z,43323.510002,161.625,22
2026-05-07T22:35:41.872656Z,43367.308046,272.731,94
2026-05-07T22:35:42.873838Z,43411.207043,306.364,93
2026-05-07T22:35:43.875029Z,43456.157367,306.156,94
2026-05-07T22:35:44.875399Z,43499.427215,306.853,93
2026-05-07T22:35:45.876592Z,43541.222152,306.39,94
2026-05-07T22:35:46.876954Z,43582.579041,305.843,94
2026-05-07T22:35:47.878092Z,43625.122511,306.077,94
2026-05-07T22:35:48.879273Z,43669.060875,306.682,95
2026-05-07T22:35:49.880418Z,43710.245828,306.254,94
2026-05-07T22:35:50.881544Z,43751.47375,306.642,95
2026-05-07T22:35:51.882704Z,43794.611457,306.368,95
2026-05-07T22:35:52.883405Z,43837.883624,306.525,95
2026-05-07T22:35:53.884545Z,43881.779263,306.873,95
2026-05-07T22:35:54.885671Z,43925.671729,307.593,94
2026-05-07T22:35:55.886804Z,43975.722993,324.742,95
2026-05-07T22:35:56.887368Z,44018.37895,300.175,94
2026-05-07T22:35:57.888524Z,44060.240782,306.53,94
2026-05-07T22:35:58.889712Z,44102.249402,306.771,94
2026-05-07T22:35:59.890851Z,44145.752404,306.521,93
2026-05-07T22:36:00.891363Z,44189.503878,305.481,94
2026-05-07T22:36:01.892574Z,44234.890237,304.791,93
2026-05-07T22:36:02.893750Z,44277.989736,305.806,94
2026-05-07T22:36:03.894918Z,44320.699221,305.827,93
2026-05-07T22:36:04.895405Z,44362.553484,305.664,94
2026-05-07T22:36:05.896584Z,44406.826442,306.52,94
2026-05-07T22:36:06.897757Z,44450.766088,307.236,94
2026-05-07T22:36:07.898886Z,44494.811996,306.74,93
2026-05-07T22:36:08.899408Z,44539.182671,307.419,94
2026-05-07T22:36:09.900448Z,44584.754331,307.468,93
2026-05-07T22:36:10.901617Z,44634.458123,292.686,95
2026-05-07T22:36:11.902745Z,44681.411555,328.954,94
2026-05-07T22:36:12.903361Z,44726.139162,307.944,94
2026-05-07T22:36:13.904562Z,44771.219247,307.929,93
2026-05-07T22:36:14.905692Z,44818.071971,307.758,95
2026-05-07T22:36:15.906817Z,44863.346758,308.321,93
2026-05-07T22:36:16.907360Z,44907.707423,307.82,94
2026-05-07T22:36:17.908487Z,44952.408786,307.671,94
2026-05-07T22:36:18.909613Z,44996.714886,307.314,94
2026-05-07T22:36:19.910746Z,45043.011703,306.559,93
2026-05-07T22:36:20.911364Z,45087.242547,306.22,93
2026-05-07T22:36:21.912555Z,45131.437441,306.501,94
2026-05-07T22:36:22.913691Z,45173.363176,306.937,93
2026-05-07T22:36:23.914823Z,45218.896263,306.529,93
2026-05-07T22:36:24.915367Z,45264.069487,306.198,93
2026-05-07T22:36:25.916581Z,45307.200236,281.447,25
2026-05-07T22:36:26.917818Z,45356.130103,311.688,49
2026-05-07T22:36:27.919071Z,45406.934295,346.351,91
2026-05-07T22:36:28.919416Z,45459.305132,272.042,4
2026-05-07T22:36:29.920672Z,45505.400168,203.755,95
2026-05-07T22:36:30.921910Z,45550.268217,303.911,93
2026-05-07T22:36:31.923095Z,45597.543792,302.021,93
2026-05-07T22:36:32.924329Z,45642.031349,302.498,94
2026-05-07T22:36:33.925562Z,45686.700363,301.493,93
2026-05-07T22:36:34.926749Z,45729.264951,302.011,93
2026-05-07T22:36:35.927425Z,45770.823439,302.558,94
2026-05-07T22:36:36.928668Z,45814.468835,300.359,94
2026-05-07T22:36:37.929888Z,45859.025667,302.238,93
2026-05-07T22:36:38.931120Z,45902.263105,301.766,93
2026-05-07T22:36:39.931369Z,45946.64971,302.294,93
2026-05-07T22:36:40.932606Z,45988.483465,302.344,93
2026-05-07T22:36:41.933817Z,46029.917929,302.71,94
2026-05-07T22:36:42.935050Z,46071.956762,302.646,95
2026-05-07T22:36:43.936299Z,46115.143907,302.452,94
2026-05-07T22:36:44.937485Z,46161.697377,289.346,94
2026-05-07T22:36:45.938723Z,46207.681451,309.841,94
2026-05-07T22:36:46.939963Z,46252.490724,302.559,94
2026-05-07T22:36:47.941186Z,46295.779431,302.254,93
2026-05-07T22:36:48.942370Z,46339.979208,302.469,94
2026-05-07T22:36:49.943424Z,46384.309478,303.514,94
2026-05-07T22:36:50.944655Z,46431.368073,303.743,94
2026-05-07T22:36:51.945886Z,46477.216406,303.352,94
2026-05-07T22:36:52.947128Z,46522.354169,303.627,94
2026-05-07T22:36:53.947419Z,46568.035936,304.422,94
2026-05-07T22:36:54.948651Z,46611.586118,304.01,95
2026-05-07T22:36:55.949884Z,46655.90119,303.547,94
2026-05-07T22:36:56.951121Z,46699.936172,303.732,95
2026-05-07T22:36:57.951427Z,46745.170981,303.552,95
2026-05-07T22:36:58.952674Z,46789.712737,303.299,94
2026-05-07T22:36:59.953912Z,46833.857399,302.996,94
2026-05-07T22:37:00.955141Z,46882.285193,276.862,94
2026-05-07T22:37:01.955420Z,46928.53068,320.25,94
2026-05-07T22:37:02.956653Z,46970.207636,302.676,93
2026-05-07T22:37:03.957892Z,47013.836431,302.516,94
2026-05-07T22:37:04.959135Z,47056.815264,303.589,94
2026-05-07T22:37:05.959416Z,47099.801055,303.587,94
2026-05-07T22:37:06.960654Z,47142.308392,302.93,94
2026-05-07T22:37:07.961866Z,47185.073785,303.568,94
2026-05-07T22:37:08.963082Z,47228.273016,303.343,94
2026-05-07T22:37:09.963437Z,47272.260635,304.041,93
2026-05-07T22:37:10.964680Z,47315.482326,303.752,94
2026-05-07T22:37:11.965920Z,47360.34415,303.336,91
2026-05-07T22:37:12.967158Z,47401.758106,303.254,94
2026-05-07T22:37:13.967425Z,47444.432558,304.279,95
2026-05-07T22:37:14.968665Z,47487.32527,304.166,94
2026-05-07T22:37:15.969903Z,47530.873437,305.068,94
2026-05-07T22:37:16.971086Z,47577.13516,283.991,26
2026-05-07T22:37:17.971422Z,47626.399804,298.898,68
2026-05-07T22:37:18.972600Z,47675.92757,331.313,91
2026-05-07T22:37:19.973777Z,47725.914381,248.944,3
2026-05-07T22:37:20.975057Z,47772.664933,206.41,94
2026-05-07T22:37:21.976185Z,47817.97988,302.091,94
2026-05-07T22:37:22.977337Z,47863.20236,302.508,94
2026-05-07T22:37:23.978462Z,47908.221714,302.414,94
2026-05-07T22:37:24.979399Z,47952.906292,302.117,94
2026-05-07T22:37:25.980531Z,47996.689872,302.18,94
2026-05-07T22:37:26.981663Z,48039.542118,302.765,93
2026-05-07T22:37:27.982789Z,48083.68733,302.13,94
2026-05-07T22:37:28.983361Z,48128.41274,304.055,94
2026-05-07T22:37:29.984482Z,48173.491177,304.021,95
2026-05-07T22:37:30.985609Z,48217.934606,303.689,94
2026-05-07T22:37:31.986735Z,48262.948895,302.992,94
2026-05-07T22:37:32.987359Z,48305.556879,302.522,94
2026-05-07T22:37:33.988481Z,48350.142397,299.88,94
2026-05-07T22:37:34.989655Z,48393.607862,301.028,93
2026-05-07T22:37:35.990786Z,48441.576916,288.079,95
2026-05-07T22:37:36.991361Z,48488.887769,308.595,94
2026-05-07T22:37:37.992496Z,48531.606227,302.913,94
2026-05-07T22:37:38.993693Z,48573.95054,303.187,94
2026-05-07T22:37:39.994830Z,48616.735709,302.615,94
2026-05-07T22:37:40.995361Z,48660.899414,302.741,93
2026-05-07T22:37:41.996494Z,48705.572701,301.83,93
2026-05-07T22:37:42.997622Z,48750.396377,301.821,94
2026-05-07T22:37:43.998787Z,48795.151085,302.082,95
2026-05-07T22:37:44.999362Z,48840.736417,302.032,93
2026-05-07T22:37:46.000514Z,48883.475871,302.515,93
2026-05-07T22:37:47.001683Z,48927.801929,301.767,94
2026-05-07T22:37:48.002812Z,48975.32262,303.328,94
2026-05-07T22:37:49.003409Z,49023.535266,303.008,94
2026-05-07T22:37:50.004536Z,49068.96093,302.416,94
2026-05-07T22:37:51.005653Z,49114.629515,303.637,94
2026-05-07T22:37:52.006781Z,49162.118163,272.266,70
2026-05-07T22:37:53.007416Z,49210.274656,314.658,94
2026-05-07T22:37:54.008549Z,49255.542972,303.452,94
2026-05-07T22:37:55.009671Z,49299.93916,302.904,93
2026-05-07T22:37:56.010791Z,49344.663045,302.64,93
2026-05-07T22:37:57.011363Z,49389.944484,301.597,93
2026-05-07T22:37:58.012491Z,49434.409824,301.909,94
2026-05-07T22:37:59.013643Z,49480.086709,301.779,94
2026-05-07T22:38:00.014774Z,49525.321457,301.467,93
2026-05-07T22:38:01.015416Z,49569.094111,302.705,94
2026-05-07T22:38:02.016543Z,49612.872014,301.726,92
2026-05-07T22:38:03.017677Z,49657.838024,300.601,93
2026-05-07T22:38:04.018848Z,49700.214502,301.255,95
2026-05-07T22:38:05.019360Z,49743.86118,301.85,94
2026-05-07T22:38:06.020502Z,49786.817003,301.452,93
2026-05-07T22:38:07.021639Z,49830.387326,301.279,94
2026-05-07T22:38:08.022761Z,49876.893005,295.435,57
2026-05-07T22:38:09.023361Z,49929.328784,297.501,4
2026-05-07T22:38:10.024511Z,49979.444134,327.251,91
2026-05-07T22:38:11.025662Z,50027.501567,253.141,19
2026-05-07T22:38:12.026833Z,50070.795158,186.424,93
2026-05-07T22:38:13.027419Z,50114.675294,302.647,93
2026-05-07T22:38:14.028613Z,50159.312448,302.588,94
2026-05-07T22:38:15.029747Z,50201.132226,302.603,94
2026-05-07T22:38:16.030872Z,50243.907386,302.68,94
2026-05-07T22:38:17.031360Z,50288.042221,302.125,93
2026-05-07T22:38:18.032558Z,50333.618582,302.704,93
2026-05-07T22:38:19.033718Z,50377.59967,302.035,94
2026-05-07T22:38:20.034918Z,50421.467844,303.238,94
2026-05-07T22:38:21.035420Z,50465.79433,302.734,93
2026-05-07T22:38:22.036599Z,50510.624293,302.309,94
2026-05-07T22:38:23.037732Z,50557.161527,303.584,92
2026-05-07T22:38:24.038896Z,50601.899206,303.556,94
2026-05-07T22:38:25.039392Z,50647.695658,303.323,93
2026-05-07T22:38:26.040520Z,50692.816698,302.489,93
2026-05-07T22:38:27.041643Z,50741.578048,277.201,95
2026-05-07T22:38:28.042767Z,50786.185599,313.964,94
2026-05-07T22:38:29.043361Z,50829.343997,302.58,95
2026-05-07T22:38:30.044516Z,50873.089185,302.687,94
2026-05-07T22:38:31.045637Z,50917.532004,302.667,93
2026-05-07T22:38:32.046778Z,50960.654208,302.127,94
2026-05-07T22:38:33.047361Z,51005.725504,300.719,94
2026-05-07T22:38:34.048552Z,51047.631463,302.698,94
2026-05-07T22:38:35.049710Z,51090.403326,301.679,92
2026-05-07T22:38:36.050883Z,51134.403885,303.101,94
2026-05-07T22:38:37.051820Z,51179.039574,303.449,94
2026-05-07T22:38:38.052981Z,51222.116551,303.724,94
2026-05-07T22:38:39.054168Z,51265.767257,303.051,93
2026-05-07T22:38:40.055299Z,51310.704154,303.248,94
2026-05-07T22:38:41.056459Z,51357.535516,303.124,94
2026-05-07T22:38:42.057625Z,51401.448856,303.2,95
2026-05-07T22:38:43.058756Z,51447.320381,288.377,32
2026-05-07T22:38:44.059361Z,51495.236152,284.865,14
2026-05-07T22:38:45.060513Z,51539.59401,283.758,93
2026-05-07T22:38:46.061634Z,51582.010833,301.889,94
2026-05-07T22:38:47.062804Z,51624.113691,302.95,94
2026-05-07T22:38:48.063414Z,51667.913078,302.402,94
2026-05-07T22:38:49.064599Z,51713.400633,302.113,94
2026-05-07T22:38:50.065758Z,51759.52405,300.725,94
2026-05-07T22:38:51.066875Z,51805.315254,301.327,94
2026-05-07T22:38:52.067427Z,51850.891187,301.204,94
2026-05-07T22:38:53.068649Z,51895.92519,301.623,94
2026-05-07T22:38:54.069780Z,51940.227506,302.407,94
2026-05-07T22:38:55.070907Z,51984.402747,301.89,94
2026-05-07T22:38:56.071391Z,52028.264756,301.82,93
2026-05-07T22:38:57.072537Z,52072.577631,302.676,94
2026-05-07T22:38:58.073661Z,52116.732364,302.539,94
2026-05-07T22:38:59.074780Z,52162.382272,302.4,93
2026-05-07T22:39:00.075360Z,52212.34418,319.714,95
2026-05-07T22:39:01.076487Z,52261.618834,318.424,22
2026-05-07T22:39:02.077612Z,52316.102032,285.256,3
2026-05-07T22:39:03.078762Z,52359.51641,139.981,94
2026-05-07T22:39:04.079359Z,52403.379152,301.177,94
2026-05-07T22:39:05.080516Z,52444.559345,301.06,93
2026-05-07T22:39:06.081684Z,52487.384613,301.161,94
2026-05-07T22:39:07.082821Z,52532.183083,302.117,94
2026-05-07T22:39:08.083362Z,52573.160883,300.574,94
2026-05-07T22:39:09.084522Z,52617.631472,303.08,94
2026-05-07T22:39:10.085661Z,52661.600293,302.375,94
2026-05-07T22:39:11.086786Z,52706.121358,301.965,94
2026-05-07T22:39:12.087360Z,52750.575834,301.42,94
2026-05-07T22:39:13.088486Z,52795.709569,301.812,94
2026-05-07T22:39:14.089603Z,52841.409281,301.184,93
2026-05-07T22:39:15.090730Z,52887.278975,302.398,94
2026-05-07T22:39:16.091359Z,52930.819696,302.116,93
2026-05-07T22:39:17.092514Z,52975.298709,302.518,93
2026-05-07T22:39:18.093654Z,53022.32758,292.29,47
2026-05-07T22:39:19.094812Z,53069.566717,289.759,3
2026-05-07T22:39:20.095994Z,53112.593584,274.734,94
2026-05-07T22:39:21.097163Z,53155.938871,302.253,93
2026-05-07T22:39:22.098307Z,53199.096292,302.754,94
2026-05-07T22:39:23.099365Z,53242.147452,302.604,93
2026-05-07T22:39:24.100487Z,53285.395937,302.702,94
2026-05-07T22:39:25.101608Z,53330.548532,302.166,93
2026-05-07T22:39:26.102733Z,53374.005146,302.675,94
2026-05-07T22:39:27.103360Z,53420.375206,302.262,93
2026-05-07T22:39:28.104509Z,53464.051608,302.346,94
2026-05-07T22:39:29.105630Z,53508.855631,302.239,93
2026-05-07T22:39:30.106757Z,53553.995347,302.265,94
2026-05-07T22:39:31.107367Z,53597.587155,301.975,93
2026-05-07T22:39:32.108493Z,53640.979805,302.385,94
2026-05-07T22:39:33.109616Z,53683.002952,303.335,94
2026-05-07T22:39:34.110747Z,53725.646519,302.786,93
2026-05-07T22:39:35.111402Z,53775.344817,311.17,95
2026-05-07T22:39:36.112544Z,53818.805704,283.954,94
2026-05-07T22:39:37.113710Z,53863.029163,301.417,94
2026-05-07T22:39:38.114838Z,53907.120115,301.335,93
2026-05-07T22:39:39.115358Z,53951.945989,301.754,94
2026-05-07T22:39:40.116486Z,53999.810795,300.641,92
2026-05-07T22:39:41.117695Z,54044.381177,301.156,93
2026-05-07T22:39:42.118870Z,54088.544333,300.906,93
2026-05-07T22:39:43.119360Z,54132.779022,302.713,94
2026-05-07T22:39:44.120509Z,54178.011816,302.628,94
2026-05-07T22:39:45.121634Z,54223.365826,303.382,93
2026-05-07T22:39:46.122797Z,54266.194757,303.64,94
2026-05-07T22:39:47.123360Z,54308.996649,302.8,94
2026-05-07T22:39:48.124510Z,54351.318318,303.153,94
2026-05-07T22:39:49.125547Z,54395.757352,303.667,94
2026-05-07T22:39:50.126719Z,54439.498451,303.096,94
2026-05-07T22:39:51.127367Z,54490.800017,283.564,95
2026-05-07T22:39:52.128585Z,54540.109583,338.107,94
2026-05-07T22:39:53.129817Z,54587.028286,333.568,91
2026-05-07T22:39:54.131048Z,54638.76143,173.188,12
2026-05-07T22:39:55.131360Z,54683.556481,252.967,93
2026-05-07T22:39:56.132519Z,54729.216521,303.033,95
2026-05-07T22:39:57.133643Z,54775.163669,302.768,94
2026-05-07T22:39:58.134765Z,54821.415503,301.882,94
2026-05-07T22:39:59.135363Z,54867.757243,301.407,93
2026-05-07T22:40:00.136529Z,54912.950303,301.231,94
2026-05-07T22:40:01.137650Z,54959.78722,301.871,93
2026-05-07T22:40:02.138771Z,55006.395865,302.046,94
2026-05-07T22:40:03.139364Z,55052.002316,302.264,93
2026-05-07T22:40:04.140521Z,55097.084781,301.679,93
2026-05-07T22:40:05.141653Z,55140.529311,302.231,94
2026-05-07T22:40:06.142789Z,55183.492885,301.916,94
2026-05-07T22:40:07.143366Z,55228.757417,304.375,95
2026-05-07T22:40:08.144531Z,55277.899564,303.844,94
2026-05-07T22:40:09.145655Z,55324.166719,303.655,93
2026-05-07T22:40:10.146778Z,55375.367699,300.88,95
2026-05-07T22:40:11.147366Z,55420.074554,294.282,93
2026-05-07T22:40:12.148500Z,55466.878451,301.555,94
2026-05-07T22:40:13.149619Z,55513.137549,302.074,94
2026-05-07T22:40:14.150749Z,55559.994851,302.613,94
2026-05-07T22:40:15.151361Z,55605.821271,302.592,94
2026-05-07T22:40:16.152488Z,55650.021659,301.854,93
2026-05-07T22:40:17.153609Z,55693.483583,302.354,94
2026-05-07T22:40:18.154743Z,55737.97993,302.061,94
2026-05-07T22:40:19.155362Z,55781.227194,301.484,93
2026-05-07T22:40:20.156517Z,55825.850005,301.875,94
2026-05-07T22:40:21.157636Z,55869.952919,301.715,93
2026-05-07T22:40:22.158798Z,55916.27055,301.928,94
2026-05-07T22:40:23.159362Z,55960.65392,302.18,93
2026-05-07T22:40:24.160526Z,56007.748038,302.403,94
2026-05-07T22:40:25.161690Z,56053.67596,302.775,94
2026-05-07T22:40:26.162861Z,56102.606621,273.687,95
2026-05-07T22:40:27.163360Z,56147.269287,312.863,94
2026-05-07T22:40:28.164511Z,56192.269599,302.217,94
2026-05-07T22:40:29.165677Z,56237.738843,302.935,94
2026-05-07T22:40:30.166855Z,56282.998859,302.88,93
2026-05-07T22:40:31.167986Z,56327.607448,303.996,94
2026-05-07T22:40:32.169150Z,56373.359468,303.683,94
2026-05-07T22:40:33.170331Z,56417.902566,303.656,93
2026-05-07T22:40:34.171362Z,56462.795945,303.095,93
2026-05-07T22:40:35.172507Z,56508.372367,303.391,94
2026-05-07T22:40:36.173639Z,56553.669797,301.97,93
2026-05-07T22:40:37.174766Z,56598.071111,302.665,94
2026-05-07T22:40:38.175360Z,56643.207715,302.552,94
2026-05-07T22:40:39.176489Z,56689.260636,302.909,94
2026-05-07T22:40:40.177643Z,56736.627092,302.898,93
2026-05-07T22:40:41.178768Z,56783.402851,303.079,94
2026-05-07T22:40:42.179364Z,56834.961069,293.389,48
2026-05-07T22:40:43.180508Z,56887.724423,291.811,4
2026-05-07T22:40:44.181623Z,56939.189623,298.076,69
2026-05-07T22:40:45.182779Z,56985.710744,278.997,26
2026-05-07T22:40:46.184003Z,57032.958609,252.605,93
2026-05-07T22:40:47.185187Z,57079.048213,301.789,94
2026-05-07T22:40:48.186312Z,57125.930234,301.153,93
2026-05-07T22:40:49.187416Z,57173.091002,302.395,95
2026-05-07T22:40:50.188584Z,57218.540531,302.409,93
2026-05-07T22:40:51.189711Z,57264.448312,302.988,94
2026-05-07T22:40:52.190248Z,57310.932873,302.991,94
2026-05-07T22:40:53.191361Z,57358.421582,303.073,93
2026-05-07T22:40:54.192483Z,57403.694782,302.331,94
2026-05-07T22:40:55.193605Z,57449.62838,301.662,94
2026-05-07T22:40:56.194767Z,57496.222133,301.814,93
2026-05-07T22:40:57.195359Z,57542.084869,302.135,94
2026-05-07T22:40:58.196502Z,57587.844518,302.058,94
2026-05-07T22:40:59.197657Z,57633.053569,301.624,94
2026-05-07T22:41:00.198826Z,57678.473558,301.471,94
2026-05-07T22:41:01.199360Z,57729.237588,295.684,27
2026-05-07T22:41:02.200562Z,57779.730989,288.627,39
2026-05-07T22:41:03.201689Z,57824.191386,301.745,93
2026-05-07T22:41:04.202846Z,57869.946396,301.863,94
2026-05-07T22:41:05.203410Z,57914.879447,301.257,93
2026-05-07T22:41:06.204617Z,57961.686456,301.484,94
2026-05-07T22:41:07.206027Z,58007.20465,301.517,93
2026-05-07T22:41:08.207138Z,58053.671999,301.417,94
2026-05-07T22:41:09.208297Z,58098.261729,301.325,94
2026-05-07T22:41:10.209424Z,58143.125201,301.519,93
2026-05-07T22:41:11.210544Z,58185.636566,301.473,94
2026-05-07T22:41:12.211407Z,58230.189492,300.601,92
2026-05-07T22:41:13.212537Z,58276.267682,300.905,94
2026-05-07T22:41:14.213656Z,58323.251754,301.535,94
2026-05-07T22:41:15.214776Z,58369.226245,301.698,94
2026-05-07T22:41:16.215391Z,58415.087578,302.176,94
2026-05-07T22:41:17.216514Z,58461.580745,271.33,93
2026-05-07T22:41:18.217668Z,58511.927784,316.837,96
2026-05-07T22:41:19.218838Z,58555.93994,302.305,94
2026-05-07T22:41:20.219403Z,58599.535043,302.117,94
2026-05-07T22:41:21.220533Z,58642.942402,301.571,94
2026-05-07T22:41:22.221691Z,58687.554898,300.808,94
2026-05-07T22:41:23.222862Z,58733.417818,299.601,93
2026-05-07T22:41:24.223990Z,58779.70432,302.041,93
2026-05-07T22:41:25.225146Z,58822.727892,299.935,94
2026-05-07T22:41:26.226310Z,58869.722095,301.411,94
2026-05-07T22:41:27.227363Z,58914.570247,302.538,93
2026-05-07T22:41:28.228511Z,58961.227049,301.909,94
2026-05-07T22:41:29.229625Z,59007.48749,302.183,94
2026-05-07T22:41:30.230791Z,59055.110781,301.642,94
2026-05-07T22:41:31.231400Z,59099.572398,301.834,94
2026-05-07T22:41:32.232526Z,59143.321859,301.485,93
2026-05-07T22:41:33.233691Z,59189.574609,302.109,93
2026-05-07T22:41:34.234966Z,59238.529501,303.205,94
2026-05-07T22:41:35.235403Z,59286.440267,284.089,96
2026-05-07T22:41:36.236533Z,59337.111341,276.592,91
2026-05-07T22:41:37.237740Z,59382.388141,152.811,3
2026-05-07T22:41:38.238929Z,59442.23009,300.237,92
2026-05-07T22:41:39.239420Z,59502.986404,293.862,87
2026-05-07T22:41:40.240599Z,59551.776135,303.636,94
2026-05-07T22:41:41.241727Z,59599.024855,303.168,93
2026-05-07T22:41:42.242841Z,59645.179461,303.18,94
2026-05-07T22:41:43.243402Z,59695.859873,301.193,94
2026-05-07T22:41:44.244591Z,59743.640146,298.689,94
2026-05-07T22:41:45.245752Z,59787.94942,302.376,93
2026-05-07T22:41:46.246922Z,59834.512716,301.623,94
2026-05-07T22:41:47.247398Z,59878.656707,302.636,93
2026-05-07T22:41:48.248560Z,59924.181981,301.742,94
2026-05-07T22:41:49.249724Z,59969.675273,302.366,93
2026-05-07T22:41:50.250888Z,60016.461897,302.849,94
2026-05-07T22:41:51.252055Z,60061.991809,302.577,94
2026-05-07T22:41:52.253189Z,60109.079274,294.864,94
2026-05-07T22:41:53.254409Z,60161.590797,291.596,95
2026-05-07T22:41:54.255360Z,60207.725567,268.711,93
2026-05-07T22:41:55.256518Z,60253.836838,302.186,94
2026-05-07T22:41:56.257677Z,60300.11034,302.304,93
2026-05-07T22:41:57.258797Z,60346.142815,302.82,95
2026-05-07T22:41:58.259429Z,60392.957942,302.336,94
2026-05-07T22:41:59.260670Z,60437.5163,302.685,93
2026-05-07T22:42:00.261901Z,60482.276927,301.999,94
2026-05-07T22:42:01.263138Z,60527.080279,303.107,94
2026-05-07T22:42:02.264369Z,60571.409817,303.145,93
2026-05-07T22:42:03.265601Z,60613.697123,303.087,90
2026-05-07T22:42:04.266841Z,60657.143362,302.995,94
2026-05-07T22:42:05.268077Z,60701.659544,302.55,93
2026-05-07T22:42:06.269309Z,60745.066355,303.015,94
2026-05-07T22:42:07.270534Z,60790.236771,302.627,93
2026-05-07T22:42:08.271423Z,60835.45742,302.618,94
2026-05-07T22:42:09.272656Z,60883.873494,303.912,9
2026-05-07T22:42:10.273891Z,60931.295065,285.748,93
2026-05-07T22:42:11.275124Z,60976.949062,303.014,94
2026-05-07T22:42:12.276362Z,61023.786893,303.915,93
2026-05-07T22:42:13.277597Z,61069.787996,303.362,94
2026-05-07T22:42:14.278826Z,61117.256198,302.812,93
2026-05-07T22:42:15.280056Z,61163.106483,301.917,93
2026-05-07T22:42:16.281313Z,61208.819379,302.592,94
2026-05-07T22:42:17.282547Z,61252.987723,303.969,94
2026-05-07T22:42:18.283779Z,61299.142695,303.334,94
2026-05-07T22:42:19.285012Z,61345.505125,303.293,94
2026-05-07T22:42:20.286187Z,61389.624214,303.252,94
2026-05-07T22:42:21.287435Z,61432.957538,303.015,93
2026-05-07T22:42:22.288667Z,61476.752775,303.356,94
2026-05-07T22:42:23.289905Z,61520.288003,302.907,94
2026-05-07T22:42:24.291131Z,61564.251147,303.947,94
2026-05-07T22:42:25.291420Z,61607.863035,271.588,95
2026-05-07T22:42:26.292657Z,61651.61805,332.135,95
2026-05-07T22:42:27.293895Z,61695.338763,330.727,9
2026-05-07T22:42:28.295133Z,61736.132116,208.479,25
2026-05-07T22:42:29.296455Z,61780.445052,209.358,92
2026-05-07T22:42:30.297686Z,61822.213805,301.984,94
2026-05-07T22:42:31.298898Z,61865.107738,302.315,93
2026-05-07T22:42:32.300124Z,61908.551108,302.441,94
2026-05-07T22:42:33.301355Z,61952.898101,301.515,94
2026-05-07T22:42:34.302589Z,61995.516339,303.76,94
2026-05-07T22:42:35.303427Z,62038.308954,305.069,94
2026-05-07T22:42:36.304659Z,62081.306647,304.427,93
2026-05-07T22:42:37.305891Z,62124.220539,304.038,94
2026-05-07T22:42:38.307123Z,62166.990937,303.444,94
2026-05-07T22:42:39.307432Z,62213.562595,303.036,94
2026-05-07T22:42:40.308698Z,62261.473239,300.566,93
2026-05-07T22:42:41.309931Z,62306.461222,304.0,95
2026-05-07T22:42:42.311168Z,62350.807727,303.682,93
2026-05-07T22:42:43.312414Z,62395.180294,302.546,93
2026-05-07T22:42:44.313627Z,62444.798575,287.706,43
2026-05-07T22:42:45.314854Z,62492.136345,298.01,9
2026-05-07T22:42:46.316082Z,62536.556763,302.906,94
2026-05-07T22:42:47.317313Z,62579.427015,303.847,94
2026-05-07T22:42:48.318549Z,62625.148395,303.5,94
2026-05-07T22:42:49.319768Z,62669.293179,303.279,93
2026-05-07T22:42:50.320999Z,62713.354773,303.495,94
2026-05-07T22:42:51.322207Z,62757.087144,303.047,93
2026-05-07T22:42:52.323429Z,62802.191948,302.29,94
2026-05-07T22:42:53.324635Z,62846.78717,302.391,94
2026-05-07T22:42:54.325869Z,62891.883002,302.195,94
2026-05-07T22:42:55.327070Z,62934.758137,302.982,94
2026-05-07T22:42:56.327366Z,62976.981234,303.588,94
2026-05-07T22:42:57.328577Z,63020.147505,303.729,94
2026-05-07T22:42:58.329809Z,63063.508539,303.103,93
2026-05-07T22:42:59.331043Z,63107.63538,303.289,94
2026-05-07T22:43:00.331421Z,63153.883979,264.929,94
2026-05-07T22:43:01.332648Z,63201.324532,300.175,95
2026-05-07T22:43:02.333873Z,63247.522595,301.8,93
2026-05-07T22:43:03.335082Z,63291.834737,302.589,93
2026-05-07T22:43:04.336259Z,63336.788052,302.729,92
2026-05-07T22:43:05.337463Z,63381.480809,302.603,94
2026-05-07T22:43:06.338688Z,63426.232342,302.361,94
2026-05-07T22:43:07.339437Z,63470.857472,302.497,93
2026-05-07T22:43:08.340662Z,63515.823483,302.84,93
2026-05-07T22:43:09.341873Z,63561.309267,303.456,94
2026-05-07T22:43:10.343123Z,63606.196908,303.706,94
2026-05-07T22:43:11.343431Z,63650.116474,303.482,93
2026-05-07T22:43:12.344664Z,63694.390591,303.578,94
2026-05-07T22:43:13.345893Z,63737.903175,303.471,91
2026-05-07T22:43:14.347127Z,63784.477336,303.032,94
2026-05-07T22:43:15.348360Z,63828.86565,302.944,93
2026-05-07T22:43:16.349601Z,63873.58868,303.398,94
2026-05-07T22:43:17.350309Z,63918.026677,308.435,95
2026-05-07T22:43:18.351359Z,63963.94996,300.776,95
2026-05-07T22:43:19.352509Z,64005.82589,281.847,89
2026-05-07T22:43:20.353805Z,64052.643092,122.342,4
2026-05-07T22:43:21.355052Z,64097.876131,301.212,94
2026-05-07T22:43:22.356287Z,64142.684976,301.829,94
2026-05-07T22:43:23.357557Z,64186.964831,301.435,93
2026-05-07T22:43:24.358793Z,64231.297603,300.891,94
2026-05-07T22:43:25.360040Z,64275.581181,301.8,94
2026-05-07T22:43:26.361266Z,64319.326675,301.762,94
2026-05-07T22:43:27.362522Z,64363.882225,302.279,95
2026-05-07T22:43:28.363762Z,64408.060761,302.297,93
2026-05-07T22:43:29.365001Z,64452.158671,301.741,94
2026-05-07T22:43:30.366252Z,64495.799612,302.507,94
2026-05-07T22:43:31.367504Z,64540.223692,302.214,93
2026-05-07T22:43:32.368745Z,64584.608649,303.445,93
2026-05-07T22:43:33.370004Z,64627.645954,302.508,94
2026-05-07T22:43:34.371249Z,64672.427944,301.88,94
2026-05-07T22:43:35.372492Z,64715.982458,303.32,92
2026-05-07T22:43:36.373774Z,64761.197919,299.349,93
2026-05-07T22:43:37.375007Z,64804.274652,261.189,92
2026-05-07T22:43:38.375422Z,64847.491338,301.979,94
2026-05-07T22:43:39.376658Z,64890.585588,301.489,94
2026-05-07T22:43:40.377889Z,64933.85037,301.567,94
2026-05-07T22:43:41.379120Z,64977.096719,301.97,93
2026-05-07T22:43:42.379429Z,65020.258901,302.135,93
2026-05-07T22:43:43.380661Z,65063.370973,301.63,94
2026-05-07T22:43:44.381891Z,65106.533644,302.182,93
2026-05-07T22:43:45.383121Z,65149.756739,302.004,94
2026-05-07T22:43:46.384358Z,65192.881933,302.451,94
2026-05-07T22:43:47.385599Z,65237.928388,302.113,93
2026-05-07T22:43:48.386874Z,65283.267688,302.138,94
2026-05-07T22:43:49.388120Z,65329.1773,301.935,94
2026-05-07T22:43:50.389353Z,65373.305178,302.691,93
2026-05-07T22:43:51.390588Z,65416.982556,301.724,94
2026-05-07T22:43:52.391429Z,65466.953803,294.617,27
2026-05-07T22:43:53.392660Z,65516.063296,286.08,24
2026-05-07T22:43:54.393893Z,65562.793584,302.709,94
2026-05-07T22:43:55.395131Z,65608.004711,302.915,94
2026-05-07T22:43:56.396371Z,65652.156881,302.412,88
2026-05-07T22:43:57.397607Z,65695.933929,302.529,92
2026-05-07T22:43:58.398847Z,65741.967625,302.888,94
2026-05-07T22:43:59.400083Z,65786.094099,303.253,93
2026-05-07T22:44:00.401396Z,65829.855156,302.314,94
2026-05-07T22:44:01.402636Z,65873.153813,303.064,94
2026-05-07T22:44:02.403422Z,65918.4853,302.405,93
2026-05-07T22:44:03.404655Z,65962.966937,302.209,94
2026-05-07T22:44:04.405893Z,66010.338032,302.549,93
2026-05-07T22:44:05.407123Z,66056.077905,303.131,94
2026-05-07T22:44:06.408358Z,66101.911406,303.617,94
2026-05-07T22:44:07.409591Z,66146.832189,303.367,94
2026-05-07T22:44:08.410824Z,66194.850255,266.96,93
2026-05-07T22:44:09.412065Z,66245.471463,321.728,95
2026-05-07T22:44:10.413298Z,66297.409623,330.565,85
2026-05-07T22:44:11.414530Z,66348.79145,228.49,33
2026-05-07T22:44:12.415434Z,66392.237262,200.51,77
2026-05-07T22:44:13.416664Z,66436.422878,302.394,94
2026-05-07T22:44:14.417142Z,66481.248813,302.594,93
2026-05-07T22:44:15.418315Z,66524.947249,302.637,93
2026-05-07T22:44:16.419424Z,66569.311576,302.998,95
2026-05-07T22:44:17.420655Z,66613.497193,302.738,94
2026-05-07T22:44:18.421888Z,66658.461372,302.718,93
2026-05-07T22:44:19.423124Z,66703.244949,303.692,93
2026-05-07T22:44:20.424356Z,66747.421777,304.435,94
2026-05-07T22:44:21.425595Z,66791.233677,304.09,94
2026-05-07T22:44:22.426834Z,66835.084639,304.408,93
2026-05-07T22:44:23.428072Z,66878.654717,302.527,93
2026-05-07T22:44:24.429314Z,66922.313602,301.495,95
2026-05-07T22:44:25.430562Z,66965.168473,302.263,93
2026-05-07T22:44:26.431792Z,67009.652307,302.628,94
2026-05-07T22:44:27.433033Z,67053.631015,267.256,95
2026-05-07T22:44:28.434271Z,67096.882613,307.15,95
2026-05-07T22:44:29.435508Z,67141.100396,302.194,94
2026-05-07T22:44:30.436742Z,67184.928714,302.253,94
2026-05-07T22:44:31.438002Z,67228.554334,302.53,93
2026-05-07T22:44:32.439243Z,67272.104516,302.097,93
2026-05-07T22:44:33.440536Z,67316.243014,301.664,94
2026-05-07T22:44:34.441660Z,67360.066266,302.433,93
2026-05-07T22:44:35.442773Z,67404.007254,302.84,94
2026-05-07T22:44:36.443358Z,67446.191961,302.537,92
2026-05-07T22:44:37.444472Z,67490.772169,301.28,93
2026-05-07T22:44:38.445596Z,67535.24343,302.683,94
2026-05-07T22:44:39.446714Z,67579.703887,302.666,94
2026-05-07T22:44:40.447407Z,67624.84696,303.036,94
2026-05-07T22:44:41.448576Z,67670.443889,303.454,94
2026-05-07T22:44:42.449748Z,67715.485461,303.553,93
2026-05-07T22:44:43.450868Z,67763.654344,294.968,94
2026-05-07T22:44:44.451362Z,67815.821325,298.466,95
2026-05-07T22:44:45.452524Z,67861.379802,262.522,94
2026-05-07T22:44:46.453697Z,67904.786612,302.568,94
2026-05-07T22:44:47.454922Z,67951.156488,302.506,94
2026-05-07T22:44:48.455402Z,67995.331546,302.514,94
2026-05-07T22:44:49.456537Z,68038.537185,302.528,94
2026-05-07T22:44:50.457681Z,68081.636318,302.732,93
2026-05-07T22:44:51.458830Z,68124.042704,302.471,94
2026-05-07T22:44:52.459993Z,68165.471369,302.475,93
2026-05-07T22:44:53.461163Z,68208.228828,303.257,93
2026-05-07T22:44:54.462311Z,68250.594687,302.688,94
2026-05-07T22:44:55.463418Z,68292.708532,301.812,93
2026-05-07T22:44:56.464576Z,68334.93816,302.335,94
2026-05-07T22:44:57.465744Z,68377.000613,302.494,93
2026-05-07T22:44:58.466870Z,68419.906387,302.414,93
2026-05-07T22:44:59.467416Z,68464.684898,303.136,94
2026-05-07T22:45:00.468606Z,68517.570505,292.412,7
2026-05-07T22:45:01.469781Z,68568.004336,328.438,29
2026-05-07T22:45:02.471049Z,68616.940612,317.895,88
2026-05-07T22:45:03.471370Z,68665.08386,149.254,4
2026-05-07T22:45:04.472589Z,68712.212707,215.574,92
2026-05-07T22:45:05.473767Z,68758.274967,306.621,92
2026-05-07T22:45:06.474941Z,68804.725531,306.739,93
2026-05-07T22:45:07.475410Z,68851.167917,306.022,93
2026-05-07T22:45:08.476584Z,68897.077956,306.482,93
2026-05-07T22:45:09.477780Z,68944.447769,306.456,92
2026-05-07T22:45:10.478951Z,68991.653092,306.402,95
2026-05-07T22:45:11.479363Z,69038.056477,306.295,93
2026-05-07T22:45:12.480528Z,69083.509119,305.814,93
2026-05-07T22:45:13.481709Z,69131.413782,306.314,94
2026-05-07T22:45:14.482911Z,69176.48874,306.075,94
2026-05-07T22:45:15.483361Z,69222.830723,306.855,93
2026-05-07T22:45:16.484527Z,69269.537818,306.466,93
2026-05-07T22:45:17.485656Z,69315.003949,305.789,94
2026-05-07T22:45:18.486777Z,69366.795198,267.074,95
2026-05-07T22:45:19.487400Z,69414.682649,325.685,95
2026-05-07T22:45:20.488530Z,69457.891889,305.679,94
2026-05-07T22:45:21.489656Z,69501.828605,306.476,93
2026-05-07T22:45:22.490820Z,69547.592282,307.063,93
2026-05-07T22:45:23.491418Z,69593.552491,306.853,93
2026-05-07T22:45:24.492550Z,69639.775029,306.185,94
2026-05-07T22:45:25.493674Z,69687.156988,306.153,94
2026-05-07T22:45:26.494831Z,69732.845287,307.571,94
2026-05-07T22:45:27.495363Z,69780.99415,307.34,94
2026-05-07T22:45:28.495860Z,69826.434647,306.872,94
2026-05-07T22:45:29.497061Z,69870.915368,307.015,94
2026-05-07T22:45:30.498236Z,69916.184844,307.104,94
2026-05-07T22:45:31.499399Z,69961.732274,307.305,94
2026-05-07T22:45:32.500530Z,70007.356608,306.871,94
2026-05-07T22:45:33.501649Z,70053.591719,306.453,94
2026-05-07T22:45:34.502809Z,70107.376493,322.206,93
2026-05-07T22:45:35.503427Z,70154.109223,277.736,93
2026-05-07T22:45:36.504598Z,70200.498203,307.035,94
2026-05-07T22:45:37.505734Z,70247.051368,307.905,93
2026-05-07T22:45:38.506891Z,70293.721842,307.021,94
2026-05-07T22:45:39.507387Z,70340.574505,306.475,93
2026-05-07T22:45:40.508512Z,70386.336167,306.041,94
2026-05-07T22:45:41.509659Z,70432.360464,306.109,94
2026-05-07T22:45:42.510833Z,70478.415277,306.961,93
2026-05-07T22:45:43.511363Z,70525.350704,306.179,94
2026-05-07T22:45:44.512487Z,70571.493408,305.657,94
2026-05-07T22:45:45.513609Z,70615.474009,306.645,92
2026-05-07T22:45:46.514771Z,70662.260449,307.006,93
2026-05-07T22:45:47.515364Z,70708.961562,305.969,94
2026-05-07T22:45:48.516509Z,70755.273394,307.278,93
2026-05-07T22:45:49.517627Z,70801.701315,254.952,95
2026-05-07T22:45:50.518742Z,70848.26333,332.585,95
2026-05-07T22:45:51.519361Z,70893.491302,340.272,96
2026-05-07T22:45:52.520528Z,70938.068825,267.508,87
2026-05-07T22:45:53.521687Z,70982.105577,143.578,3
2026-05-07T22:45:54.522813Z,71026.247432,305.08,94
2026-05-07T22:45:55.523363Z,71072.546081,305.131,94
2026-05-07T22:45:56.524490Z,71118.161381,305.737,93
2026-05-07T22:45:57.525632Z,71163.940317,305.993,93
2026-05-07T22:45:58.526764Z,71211.429148,306.771,94
2026-05-07T22:45:59.527358Z,71258.318737,307.0,94
2026-05-07T22:46:00.528501Z,71306.085705,307.269,93
2026-05-07T22:46:01.529669Z,71350.305318,305.965,94
2026-05-07T22:46:02.530798Z,71394.069366,305.946,92
2026-05-07T22:46:03.531433Z,71438.613991,306.527,94
2026-05-07T22:46:04.532566Z,71484.228498,305.824,93
2026-05-07T22:46:05.533716Z,71528.007866,305.312,93
2026-05-07T22:46:06.534838Z,71571.175908,305.58,92
2026-05-07T22:46:07.535360Z,71614.18361,306.097,95
2026-05-07T22:46:08.536480Z,71657.248136,321.732,95
2026-05-07T22:46:09.537662Z,71700.266031,266.384,93
2026-05-07T22:46:10.538794Z,71743.393484,305.735,94
2026-05-07T22:46:11.539360Z,71786.244449,306.738,94
2026-05-07T22:46:12.540559Z,71831.328318,306.865,94
2026-05-07T22:46:13.541739Z,71878.800792,307.095,93
2026-05-07T22:46:14.542875Z,71925.647779,306.504,92
2026-05-07T22:46:15.543413Z,71972.846754,306.887,93
2026-05-07T22:46:16.544545Z,72019.225298,307.591,95
2026-05-07T22:46:17.545664Z,72065.96584,306.596,93
2026-05-07T22:46:18.546815Z,72112.851584,305.667,93
2026-05-07T22:46:19.547399Z,72160.607443,306.155,93
2026-05-07T22:46:20.548526Z,72209.152241,307.126,94
2026-05-07T22:46:21.549672Z,72256.43575,307.025,94
2026-05-07T22:46:22.550804Z,72302.839257,307.303,94
2026-05-07T22:46:23.551361Z,72352.49184,274.978,95
2026-05-07T22:46:24.552482Z,72398.8077,321.975,95
2026-05-07T22:46:25.553612Z,72446.881857,306.873,94
2026-05-07T22:46:26.554737Z,72491.045623,306.302,93
2026-05-07T22:46:27.555362Z,72537.341098,305.242,92
2026-05-07T22:46:28.556528Z,72583.86521,306.086,93
2026-05-07T22:46:29.557703Z,72628.076461,306.455,92
2026-05-07T22:46:30.558838Z,72673.447134,307.207,93
2026-05-07T22:46:31.559361Z,72718.893245,306.979,94
2026-05-07T22:46:32.560488Z,72763.918032,306.933,93
2026-05-07T22:46:33.561648Z,72810.027167,307.517,93
2026-05-07T22:46:34.562814Z,72855.396863,307.007,93
2026-05-07T22:46:35.563412Z,72901.082354,307.027,94
2026-05-07T22:46:36.564548Z,72946.814293,306.774,94
2026-05-07T22:46:37.565676Z,72992.250578,308.456,93
2026-05-07T22:46:38.566797Z,73037.293126,307.049,93
2026-05-07T22:46:39.567363Z,73083.397927,313.906,94
2026-05-07T22:46:40.568510Z,73128.777511,331.599,94
2026-05-07T22:46:41.569673Z,73168.037725,325.969,89
2026-05-07T22:46:42.570815Z,73216.96332,138.561,14
2026-05-07T22:46:43.571360Z,73260.64668,224.533,93
2026-05-07T22:46:44.572518Z,73304.499412,304.318,93
2026-05-07T22:46:45.573671Z,73344.754924,304.425,94
2026-05-07T22:46:46.574799Z,73386.763789,304.326,93
2026-05-07T22:46:47.575463Z,73433.778561,306.326,94
2026-05-07T22:46:48.576702Z,73483.056267,305.929,94
2026-05-07T22:46:49.577932Z,73532.716418,306.189,93
2026-05-07T22:46:50.579164Z,73581.038438,306.426,94
2026-05-07T22:46:51.580394Z,73627.142263,305.962,93
2026-05-07T22:46:52.581633Z,73672.767696,305.211,94
2026-05-07T22:46:53.582868Z,73719.55145,305.493,94
2026-05-07T22:46:54.583370Z,73766.036805,305.458,94
2026-05-07T22:46:55.584551Z,73812.53754,305.447,94
2026-05-07T22:46:56.585787Z,73858.88166,305.631,94
2026-05-07T22:46:57.587031Z,73909.132447,262.887,94
2026-05-07T22:46:58.588278Z,73958.830867,314.834,95
2026-05-07T22:46:59.589519Z,74006.727168,305.321,93
2026-05-07T22:47:00.590735Z,74051.162662,305.809,93
2026-05-07T22:47:01.591408Z,74097.776129,306.395,93
2026-05-07T22:47:02.592635Z,74142.758192,305.752,93
2026-05-07T22:47:03.593872Z,74187.861714,305.296,93
2026-05-07T22:47:04.595107Z,74234.955771,304.801,93
2026-05-07T22:47:05.596345Z,74283.17281,305.124,93
2026-05-07T22:47:06.597578Z,74330.082968,305.412,94
2026-05-07T22:47:07.598825Z,74377.476707,305.747,93
2026-05-07T22:47:08.600080Z,74423.905238,307.024,94
2026-05-07T22:47:09.601310Z,74470.861417,307.632,94
2026-05-07T22:47:10.602312Z,74516.550203,306.599,93
2026-05-07T22:47:11.603361Z,74562.046608,306.146,94
2026-05-07T22:47:12.604504Z,74607.636152,306.228,93
2026-05-07T22:47:13.605696Z,74652.480092,325.786,95
2026-05-07T22:47:14.606860Z,74696.838499,268.977,94
2026-05-07T22:47:15.607360Z,74741.599554,306.374,94
2026-05-07T22:47:16.608485Z,74787.131908,305.415,94
2026-05-07T22:47:17.609632Z,74831.661396,305.723,94
2026-05-07T22:47:18.610798Z,74875.28897,306.047,94
2026-05-07T22:47:19.611410Z,74918.887858,305.317,93
2026-05-07T22:47:20.612593Z,74962.454213,306.171,94
2026-05-07T22:47:21.613719Z,75006.108276,306.467,95
2026-05-07T22:47:22.614884Z,75049.627696,306.261,93
2026-05-07T22:47:23.615401Z,75096.060988,306.073,91
2026-05-07T22:47:24.616590Z,75143.004044,306.468,93
2026-05-07T22:47:25.617825Z,75188.337607,306.434,94
2026-05-07T22:47:26.619060Z,75233.126128,305.518,94
2026-05-07T22:47:27.619366Z,75278.828159,306.101,94
2026-05-07T22:47:28.620553Z,75328.081268,260.084,95
2026-05-07T22:47:29.621789Z,75373.834691,328.231,96
2026-05-07T22:47:30.623021Z,75426.610313,331.983,95
2026-05-07T22:47:31.623430Z,75475.240925,279.442,92
2026-05-07T22:47:32.624642Z,75519.138457,126.267,3
2026-05-07T22:47:33.625619Z,75567.560819,305.261,94
2026-05-07T22:47:34.626768Z,75616.01443,305.088,94
2026-05-07T22:47:35.627361Z,75661.286348,305.192,93
2026-05-07T22:47:36.628487Z,75705.690653,305.826,93
2026-05-07T22:47:37.629613Z,75750.409533,306.053,94
2026-05-07T22:47:38.630784Z,75794.305538,306.334,95
2026-05-07T22:47:39.631405Z,75840.304261,306.135,93
2026-05-07T22:47:40.632527Z,75885.146492,306.688,94
2026-05-07T22:47:41.633666Z,75930.185317,306.365,94
2026-05-07T22:47:42.634830Z,75975.207236,306.338,94
2026-05-07T22:47:43.635416Z,76020.037565,306.521,94
2026-05-07T22:47:44.636550Z,76064.894201,306.602,93
2026-05-07T22:47:45.637675Z,76109.189681,307.82,94
2026-05-07T22:47:46.638796Z,76153.11126,308.461,94
2026-05-07T22:47:47.639407Z,76196.620487,317.826,93
2026-05-07T22:47:48.640552Z,76240.949537,270.808,93
2026-05-07T22:47:49.641711Z,76284.815147,305.679,94
2026-05-07T22:47:50.642881Z,76328.785676,305.687,94
2026-05-07T22:47:51.643410Z,76374.491431,305.4,94
2026-05-07T22:47:52.644535Z,76421.422646,305.913,94
2026-05-07T22:47:53.645652Z,76469.284767,306.727,94
2026-05-07T22:47:54.646825Z,76516.595437,306.76,94
2026-05-07T22:47:55.647360Z,76563.490825,306.374,94
2026-05-07T22:47:56.648507Z,76609.985518,305.582,93
2026-05-07T22:47:57.648784Z,76659.39152,305.845,93
2026-05-07T22:47:58.649901Z,76707.980751,306.037,94
2026-05-07T22:47:59.651013Z,76754.690592,306.091,94
2026-05-07T22:48:00.651392Z,76800.322433,306.242,93
2026-05-07T22:48:01.652517Z,76845.81896,307.23,93
2026-05-07T22:48:02.653645Z,76890.555051,254.95,93
2026-05-07T22:48:03.654765Z,76938.421811,318.712,96
2026-05-07T22:48:04.655361Z,76985.407225,305.746,94
2026-05-07T22:48:05.656485Z,77030.67426,306.755,94
2026-05-07T22:48:06.657604Z,77075.50929,306.751,94
2026-05-07T22:48:07.658728Z,77123.140027,306.794,93
2026-05-07T22:48:08.659360Z,77168.95302,307.121,93
2026-05-07T22:48:09.660512Z,77214.710593,307.537,95
2026-05-07T22:48:10.661656Z,77260.286832,307.142,93
2026-05-07T22:48:11.662773Z,77305.160313,307.35,94
2026-05-07T22:48:12.663362Z,77349.984051,306.254,94
2026-05-07T22:48:13.664524Z,77394.621388,306.472,93
2026-05-07T22:48:14.665690Z,77438.773435,306.112,94
2026-05-07T22:48:15.666823Z,77483.870305,306.252,93
2026-05-07T22:48:16.667363Z,77528.456433,307.405,94
2026-05-07T22:48:17.668488Z,77572.516867,308.403,94
2026-05-07T22:48:18.669600Z,77618.213711,306.055,57
2026-05-07T22:48:19.670721Z,77662.975132,340.92,88
2026-05-07T22:48:20.671367Z,77700.563537,329.782,90
2026-05-07T22:48:21.672497Z,77749.322689,140.474,3
2026-05-07T22:48:22.673616Z,77793.382086,219.61,92
2026-05-07T22:48:23.674736Z,77837.603896,306.511,92
2026-05-07T22:48:24.675361Z,77881.612817,305.061,92
2026-05-07T22:48:25.676506Z,77927.382231,305.855,93
2026-05-07T22:48:26.677626Z,77971.967078,306.581,94
2026-05-07T22:48:27.678753Z,78017.867351,306.663,94
2026-05-07T22:48:28.679364Z,78063.553879,307.777,94
2026-05-07T22:48:29.680536Z,78109.958668,306.514,93
2026-05-07T22:48:30.681679Z,78154.992305,306.981,93
2026-05-07T22:48:31.682797Z,78200.123293,307.011,93
2026-05-07T22:48:32.683361Z,78244.873301,306.828,93
2026-05-07T22:48:33.684489Z,78289.807878,307.057,94
2026-05-07T22:48:34.685681Z,78334.44137,306.741,94
2026-05-07T22:48:35.686883Z,78379.465668,306.557,94
2026-05-07T22:48:36.687423Z,78425.225805,260.733,94
2026-05-07T22:48:37.688558Z,78473.201085,321.478,95
2026-05-07T22:48:38.689784Z,78519.936927,304.842,93
2026-05-07T22:48:39.690955Z,78566.407878,307.076,94
2026-05-07T22:48:40.692132Z,78613.019575,307.422,94
2026-05-07T22:48:41.693259Z,78659.811142,308.015,94
2026-05-07T22:48:42.694424Z,78707.309128,306.37,93
2026-05-07T22:48:43.695366Z,78753.326711,305.541,93
2026-05-07T22:48:44.696532Z,78798.831111,304.995,93
2026-05-07T22:48:45.697660Z,78846.372554,305.784,94
2026-05-07T22:48:46.698336Z,78892.360229,306.477,94
2026-05-07T22:48:47.699398Z,78938.542423,306.878,93
2026-05-07T22:48:48.700578Z,78985.554632,306.924,93
2026-05-07T22:48:49.701811Z,79031.410288,306.589,93
2026-05-07T22:48:50.703001Z,79077.331008,306.716,93
2026-05-07T22:48:51.703371Z,79123.019002,306.907,94
2026-05-07T22:48:52.704544Z,79168.715418,308.178,60
2026-05-07T22:48:53.705678Z,79213.096774,278.906,92
2026-05-07T22:48:54.706840Z,79257.669597,308.559,94
2026-05-07T22:48:55.707418Z,79302.268482,308.13,95
2026-05-07T22:48:56.708590Z,79345.148255,307.456,93
2026-05-07T22:48:57.709759Z,79387.542372,307.502,94
2026-05-07T22:48:58.710886Z,79430.044888,307.452,94
2026-05-07T22:48:59.711375Z,79472.403788,307.435,95
2026-05-07T22:49:00.712547Z,79514.825433,306.729,93
2026-05-07T22:49:01.713683Z,79557.381659,306.543,93
2026-05-07T22:49:02.714839Z,79599.864949,305.809,93
2026-05-07T22:49:03.715966Z,79642.42264,306.192,93
2026-05-07T22:49:04.717141Z,79684.879258,306.154,94
2026-05-07T22:49:05.718277Z,79727.318968,306.06,93
2026-05-07T22:49:06.719408Z,79769.352369,306.671,94
2026-05-07T22:49:07.720544Z,79812.138453,303.349,95
2026-05-07T22:49:08.721672Z,79858.648588,335.29,96
2026-05-07T22:49:09.722799Z,79912.726209,333.753,92
2026-05-07T22:49:10.723455Z,79958.802323,149.802,3
2026-05-07T22:49:11.724826Z,80005.187215,203.382,94
2026-05-07T22:49:12.725946Z,80050.145351,304.987,94
2026-05-07T22:49:13.727074Z,80095.50931,306.066,93
2026-05-07T22:49:14.728240Z,80141.380042,304.588,94
2026-05-07T22:49:15.729420Z,80186.258772,306.551,93
2026-05-07T22:49:16.730560Z,80233.006394,306.892,94
2026-05-07T22:49:17.731689Z,80284.896765,306.061,92
2026-05-07T22:49:18.732817Z,80333.43198,305.784,93
2026-05-07T22:49:19.734020Z,80380.843235,306.401,93
2026-05-07T22:49:20.735158Z,80428.834384,305.551,93
2026-05-07T22:49:21.736286Z,80474.845131,305.175,93
2026-05-07T22:49:22.737413Z,80522.328347,306.216,94
2026-05-07T22:49:23.738576Z,80567.762679,306.924,94
2026-05-07T22:49:24.739806Z,80613.921313,306.032,91
2026-05-07T22:49:25.740937Z,80662.355698,256.494,37
2026-05-07T22:49:26.742064Z,80715.397188,313.362,92
2026-05-07T22:49:27.743186Z,80762.360142,304.519,93
2026-05-07T22:49:28.744316Z,80810.962007,305.296,93
2026-05-07T22:49:29.745511Z,80858.485506,305.125,93
2026-05-07T22:49:30.746661Z,80905.859836,306.123,94
2026-05-07T22:49:31.747799Z,80952.380774,306.928,94
2026-05-07T22:49:32.748970Z,80999.592628,306.832,94
2026-05-07T22:49:33.750135Z,81045.970073,305.45,93
2026-05-07T22:49:34.751283Z,81094.395486,306.713,94
2026-05-07T22:49:35.752430Z,81141.984658,306.835,94
2026-05-07T22:49:36.753547Z,81189.045024,306.063,94
2026-05-07T22:49:37.754666Z,81234.535996,307.059,94
2026-05-07T22:49:38.755360Z,81278.923151,306.87,94
2026-05-07T22:49:39.756503Z,81324.711424,307.948,94
2026-05-07T22:49:40.757665Z,81369.693853,307.905,94
2026-05-07T22:49:41.758804Z,81421.737116,316.97,95
2026-05-07T22:49:42.760020Z,81469.181819,274.427,94
2026-05-07T22:49:43.761185Z,81513.631412,307.16,94
2026-05-07T22:49:44.762310Z,81558.175609,306.492,93
2026-05-07T22:49:45.763373Z,81602.581074,306.761,93
2026-05-07T22:49:46.764526Z,81646.942289,306.479,93
2026-05-07T22:49:47.765645Z,81690.554604,307.328,93
2026-05-07T22:49:48.766771Z,81733.840138,306.641,93
2026-05-07T22:49:49.767361Z,81777.263122,307.312,93
2026-05-07T22:49:50.768484Z,81820.426952,306.895,93
2026-05-07T22:49:51.769607Z,81862.386989,307.044,93
2026-05-07T22:49:52.770730Z,81903.827923,306.165,93
2026-05-07T22:49:53.771855Z,81945.239682,306.289,93
2026-05-07T22:49:54.772972Z,81991.389832,307.086,93
2026-05-07T22:49:55.774122Z,82036.967841,307.068,94
2026-05-07T22:49:56.775242Z,82084.167305,261.481,92
2026-05-07T22:49:57.775359Z,82136.787348,336.85,96
2026-05-07T22:49:58.776540Z,82190.616984,333.287,90
2026-05-07T22:49:59.777710Z,82236.505599,268.7,22
2026-05-07T22:50:00.778882Z,82282.202442,133.328,94
2026-05-07T22:50:01.780047Z,82329.977467,307.227,93
2026-05-07T22:50:02.781201Z,82375.644342,307.036,94
2026-05-07T22:50:03.782329Z,82421.621397,307.75,94
2026-05-07T22:50:04.783362Z,82467.052555,307.12,94
2026-05-07T22:50:05.784554Z,82511.587292,305.494,93
2026-05-07T22:50:06.785721Z,82556.897479,306.452,94
2026-05-07T22:50:07.786854Z,82601.600245,306.316,93
2026-05-07T22:50:08.787419Z,82646.930452,306.321,92
2026-05-07T22:50:09.788550Z,82691.79313,307.241,95
2026-05-07T22:50:10.789664Z,82736.246263,306.814,94
2026-05-07T22:50:11.790776Z,82781.188836,308.236,94
2026-05-07T22:50:12.791403Z,82826.153443,308.39,93
2026-05-07T22:50:13.792581Z,82871.181648,307.482,93
2026-05-07T22:50:14.793722Z,82915.767288,306.992,94
2026-05-07T22:50:15.794979Z,82960.845603,316.144,60
2026-05-07T22:50:16.796111Z,83007.053248,261.495,93
2026-05-07T22:50:17.797272Z,83053.270049,306.577,93
2026-05-07T22:50:18.798405Z,83100.720122,306.336,94
2026-05-07T22:50:19.799363Z,83146.832797,306.332,94
2026-05-07T22:50:20.800484Z,83193.994603,306.741,94
2026-05-07T22:50:21.801599Z,83241.821995,305.646,93
2026-05-07T22:50:22.802719Z,83289.978915,307.668,93
2026-05-07T22:50:23.803367Z,83337.82236,308.131,94
2026-05-07T22:50:24.804491Z,83384.488073,306.949,93
2026-05-07T22:50:25.805644Z,83431.009499,307.427,94
2026-05-07T22:50:26.806819Z,83476.571394,307.211,94
2026-05-07T22:50:27.807362Z,83521.830617,307.25,93
2026-05-07T22:50:28.808531Z,83567.173152,306.396,94
2026-05-07T22:50:29.809720Z,83612.766297,307.062,93
2026-05-07T22:50:30.810852Z,83658.163031,266.227,93
2026-05-07T22:50:31.811416Z,83701.591509,308.202,94
2026-05-07T22:50:32.812543Z,83746.843285,306.842,94
2026-05-07T22:50:33.813662Z,83792.25064,307.485,93
2026-05-07T22:50:34.814785Z,83837.317907,307.176,93
2026-05-07T22:50:35.815364Z,83882.3383,305.95,94
2026-05-07T22:50:36.816519Z,83927.696704,307.097,94
2026-05-07T22:50:37.817640Z,83971.700254,306.589,93
2026-05-07T22:50:38.818760Z,84018.061402,307.168,93
2026-05-07T22:50:39.819362Z,84063.295844,307.044,94
2026-05-07T22:50:40.820516Z,84108.398756,306.186,93
2026-05-07T22:50:41.821688Z,84153.381429,306.573,93
2026-05-07T22:50:42.822820Z,84199.256556,306.776,93
2026-05-07T22:50:43.823362Z,84244.020662,306.859,94
2026-05-07T22:50:44.824521Z,84288.795877,307.047,94
2026-05-07T22:50:45.825694Z,84351.651429,301.824,90
2026-05-07T22:50:46.826888Z,84413.210232,308.601,95
2026-05-07T22:50:47.827419Z,84466.811901,333.42,82
2026-05-07T22:50:48.828662Z,84519.770017,315.724,92
2026-05-07T22:50:49.829841Z,84562.285351,128.14,4
2026-05-07T22:50:50.831108Z,84609.35243,215.502,93
2026-05-07T22:50:51.832239Z,84654.617939,304.157,93
2026-05-07T22:50:52.833420Z,84701.337058,306.104,94
2026-05-07T22:50:53.834647Z,84746.412504,306.422,93
2026-05-07T22:50:54.835432Z,84793.010102,306.751,94
2026-05-07T22:50:55.836664Z,84838.105689,306.769,94
2026-05-07T22:50:56.837894Z,84884.526652,306.802,94
2026-05-07T22:50:57.839068Z,84931.629498,307.301,94
2026-05-07T22:50:58.840311Z,84977.435472,307.39,94
2026-05-07T22:50:59.841536Z,85020.540098,305.921,94
2026-05-07T22:51:00.842707Z,85068.039732,306.527,94
2026-05-07T22:51:01.843936Z,85115.386535,307.174,94
2026-05-07T22:51:02.845166Z,85162.031984,306.794,94
2026-05-07T22:51:03.846402Z,85208.081427,307.861,93
2026-05-07T22:51:04.847659Z,85258.601439,260.578,92
2026-05-07T22:51:05.848868Z,85310.387378,318.482,93
2026-05-07T22:51:06.850110Z,85357.083243,305.609,93
2026-05-07T22:51:07.851285Z,85402.430417,306.453,93
2026-05-07T22:51:08.852447Z,85449.611021,305.982,93
2026-05-07T22:51:09.853570Z,85496.690246,306.586,93
2026-05-07T22:51:10.854690Z,85543.431215,306.462,93
2026-05-07T22:51:11.855360Z,85590.60181,306.313,94
2026-05-07T22:51:12.856563Z,85636.880744,306.52,94
2026-05-07T22:51:13.857751Z,85682.65675,306.557,93
2026-05-07T22:51:14.858882Z,85729.143325,305.995,94
2026-05-07T22:51:15.859413Z,85774.15914,305.713,93
2026-05-07T22:51:16.860542Z,85821.018945,306.558,94
2026-05-07T22:51:17.861711Z,85866.928983,306.887,94
2026-05-07T22:51:18.862120Z,85913.009005,306.723,94
2026-05-07T22:51:19.863304Z,85957.972024,306.254,95
2026-05-07T22:51:20.864720Z,86002.99321,313.601,95
2026-05-07T22:51:21.865926Z,86048.737539,257.555,93
2026-05-07T22:51:22.867125Z,86093.714169,305.735,93
2026-05-07T22:51:23.867419Z,86138.282293,304.97,94
2026-05-07T22:51:24.868593Z,86184.690499,305.375,93
2026-05-07T22:51:25.869785Z,86229.956924,305.433,94
2026-05-07T22:51:26.870962Z,86276.667986,305.753,93
2026-05-07T22:51:27.872131Z,86323.595112,306.459,93
2026-05-07T22:51:28.873299Z,86369.868309,306.839,93
2026-05-07T22:51:29.874482Z,86404.687555,304.967,93
2026-05-07T22:51:30.875663Z,86441.551719,302.545,94
2026-05-07T22:51:31.876829Z,86489.209251,307.21,94
2026-05-07T22:51:32.878021Z,86537.259665,307.699,94
2026-05-07T22:51:33.879195Z,86583.363673,307.551,94
2026-05-07T22:51:34.879419Z,86628.999481,305.673,94
2026-05-07T22:51:35.880551Z,86675.708407,255.81,93
2026-05-07T22:51:36.881665Z,86723.488741,322.05,89
2026-05-07T22:51:37.882841Z,86769.385657,304.11,92
2026-05-07T22:51:38.883976Z,86812.377247,282.473,4
2026-05-07T22:51:39.885177Z,86855.22931,106.244,78
2026-05-07T22:51:40.885936Z,86897.480178,301.042,93
2026-05-07T22:51:41.887063Z,86939.677641,305.156,93
2026-05-07T22:51:42.887360Z,86981.773419,305.709,93
2026-05-07T22:51:43.888475Z,87022.988097,306.767,93
2026-05-07T22:51:44.889649Z,87064.046463,305.754,93
2026-05-07T22:51:45.890779Z,87105.092195,304.943,94
2026-05-07T22:51:46.891412Z,87146.128467,304.253,93
2026-05-07T22:51:47.892543Z,87187.219854,304.632,93
2026-05-07T22:51:48.893666Z,87228.259177,304.814,93
2026-05-07T22:51:49.894836Z,87269.3704,304.933,94
2026-05-07T22:51:50.895364Z,87310.312129,305.1,93
2026-05-07T22:51:51.896479Z,87355.848267,305.238,92
2026-05-07T22:51:52.897598Z,87403.128481,305.489,93
2026-05-07T22:51:53.898763Z,87445.247941,304.739,92
2026-05-07T22:51:54.899360Z,87497.745975,298.196,95
2026-05-07T22:51:55.900484Z,87544.869451,283.657,94
2026-05-07T22:51:56.901612Z,87590.479381,307.651,94
2026-05-07T22:51:57.902741Z,87636.821791,306.941,94
2026-05-07T22:51:58.903403Z,87683.995254,305.636,93
2026-05-07T22:51:59.904571Z,87731.931655,305.051,93
2026-05-07T22:52:00.905733Z,87779.214737,304.962,93
2026-05-07T22:52:01.906898Z,87825.528217,306.466,93
2026-05-07T22:52:02.908101Z,87871.335839,305.845,93
2026-05-07T22:52:03.909310Z,87917.156828,305.807,93
2026-05-07T22:52:04.910498Z,87962.247716,304.859,93
2026-05-07T22:52:05.911370Z,88007.216229,305.925,93
2026-05-07T22:52:06.912595Z,88052.713549,306.671,93
2026-05-07T22:52:07.913757Z,88096.840877,305.959,94
2026-05-07T22:52:08.914968Z,88142.17914,305.563,93
2026-05-07T22:52:09.916127Z,88187.311593,264.193,4
2026-05-07T22:52:10.917310Z,88232.019608,293.176,3
2026-05-07T22:52:11.918517Z,88276.209681,279.732,93
2026-05-07T22:52:12.919431Z,88320.024449,306.017,94
2026-05-07T22:52:13.920602Z,88363.994246,306.275,93
2026-05-07T22:52:14.921772Z,88407.948113,305.846,93
2026-05-07T22:52:15.922980Z,88451.666446,305.488,93
2026-05-07T22:52:16.924171Z,88495.508802,305.972,93
2026-05-07T22:52:17.925337Z,88539.31649,306.301,94
2026-05-07T22:52:18.926507Z,88583.110567,306.841,93
2026-05-07T22:52:19.927428Z,88626.869489,306.78,94
2026-05-07T22:52:20.928604Z,88670.606254,307.207,94
2026-05-07T22:52:21.929792Z,88714.377504,306.997,93
2026-05-07T22:52:22.930969Z,88758.104443,306.525,93
2026-05-07T22:52:23.932095Z,88801.96102,306.191,93
2026-05-07T22:52:24.933252Z,88845.711397,305.398,94
2026-05-07T22:52:25.934379Z,88889.129132,267.651,95
2026-05-07T22:52:26.935363Z,88933.024039,320.268,95
2026-05-07T22:52:27.936517Z,88977.15149,321.998,91
2026-05-07T22:52:28.937681Z,89019.802199,237.049,3
2026-05-07T22:52:29.938824Z,89063.549218,131.581,94
2026-05-07T22:52:30.939406Z,89107.544528,305.127,94
2026-05-07T22:52:31.940573Z,89151.418073,304.835,93
2026-05-07T22:52:32.941747Z,89195.278434,304.258,94
2026-05-07T22:52:33.942935Z,89239.609924,303.122,94
2026-05-07T22:52:34.943420Z,89285.751896,306.282,93
2026-05-07T22:52:35.944550Z,89330.511608,305.295,94
2026-05-07T22:52:36.945713Z,89377.483717,305.685,94
2026-05-07T22:52:37.946837Z,89423.88997,305.651,94
2026-05-07T22:52:38.947363Z,89469.539939,306.825,94
2026-05-07T22:52:39.948531Z,89516.449853,307.471,94
2026-05-07T22:52:40.949724Z,89564.191369,306.686,92
2026-05-07T22:52:41.950894Z,89611.365809,305.948,93
2026-05-07T22:52:42.952029Z,89658.062466,306.311,94
2026-05-07T22:52:43.953193Z,89705.262907,306.331,94
2026-05-07T22:52:44.954394Z,89752.66635,310.849,95
2026-05-07T22:52:45.955418Z,89793.278795,260.685,93
2026-05-07T22:52:46.956584Z,89838.995597,305.49,93
2026-05-07T22:52:47.957750Z,89884.304746,304.586,93
2026-05-07T22:52:48.958869Z,89932.285947,305.337,94
2026-05-07T22:52:49.959363Z,89981.175653,305.656,94
2026-05-07T22:52:50.960485Z,90025.852968,306.393,94
2026-05-07T22:52:51.961663Z,90070.554086,306.667,94
2026-05-07T22:52:52.962790Z,90115.145708,306.977,94
2026-05-07T22:52:53.963424Z,90159.738794,306.021,94
2026-05-07T22:52:54.964601Z,90204.285372,305.633,95
2026-05-07T22:52:55.965728Z,90248.778422,305.609,93
2026-05-07T22:52:56.966850Z,90293.025196,305.317,92
2026-05-07T22:52:57.967417Z,90337.781552,306.147,95
2026-05-07T22:52:58.968555Z,90381.814093,306.394,93
2026-05-07T22:52:59.969717Z,90425.47609,252.702,4
2026-05-07T22:53:00.970323Z,90468.91177,297.537,18
2026-05-07T22:53:01.971359Z,90512.775183,289.137,93
2026-05-07T22:53:02.972484Z,90556.553086,306.248,93
2026-05-07T22:53:03.973605Z,90600.341609,305.938,93
2026-05-07T22:53:04.974720Z,90644.048468,306.631,94
2026-05-07T22:53:05.975407Z,90687.774552,306.09,93
2026-05-07T22:53:06.976582Z,90731.573634,306.037,93
2026-05-07T22:53:07.977714Z,90775.295019,306.449,94
2026-05-07T22:53:08.978834Z,90818.980332,306.322,94
2026-05-07T22:53:09.980008Z,90862.670589,305.657,93
2026-05-07T22:53:10.981140Z,90906.42304,305.77,93
2026-05-07T22:53:11.982308Z,90950.084977,305.33,93
2026-05-07T22:53:12.983417Z,90993.785182,306.468,94
2026-05-07T22:53:13.984549Z,91037.463232,305.868,93
2026-05-07T22:53:14.985677Z,91081.084397,305.667,94
2026-05-07T22:53:15.985939Z,91125.721185,273.487,96
2026-05-07T22:53:16.987103Z,91182.021028,325.179,96
2026-05-07T22:53:17.987363Z,91235.760271,322.553,91
2026-05-07T22:53:18.988567Z,91285.436962,225.272,3
2026-05-07T22:53:19.989751Z,91331.430619,177.113,93
2026-05-07T22:53:20.990950Z,91377.368307,304.337,94
2026-05-07T22:53:21.991359Z,91422.421658,304.654,93
2026-05-07T22:53:22.992549Z,91469.787565,304.294,93
2026-05-07T22:53:23.993675Z,91517.131255,303.872,93
2026-05-07T22:53:24.994794Z,91564.457183,305.042,93
2026-05-07T22:53:25.995412Z,91611.137728,304.553,93
2026-05-07T22:53:26.996585Z,91657.577794,303.561,93
2026-05-07T22:53:27.997711Z,91704.496437,305.025,93
2026-05-07T22:53:28.998881Z,91751.215311,305.185,93
2026-05-07T22:53:30.000050Z,91793.340814,302.99,93
2026-05-07T22:53:31.001218Z,91839.025755,305.212,93
2026-05-07T22:53:32.002385Z,91885.149722,304.937,94
2026-05-07T22:53:33.002868Z,91931.561285,304.968,93
2026-05-07T22:53:34.003361Z,91980.395999,288.873,16
2026-05-07T22:53:35.004482Z,92025.115977,250.743,94
2026-05-07T22:53:36.005654Z,92069.665118,305.468,93
2026-05-07T22:53:37.006780Z,92113.489713,305.14,93
2026-05-07T22:53:38.007411Z,92157.151711,306.149,93
2026-05-07T22:53:39.008585Z,92200.628406,306.24,94
2026-05-07T22:53:40.009725Z,92244.324339,305.286,93
2026-05-07T22:53:41.010843Z,92287.945688,304.71,94
2026-05-07T22:53:42.011401Z,92331.52895,305.013,93
2026-05-07T22:53:43.012531Z,92374.184908,306.392,94
2026-05-07T22:53:44.013663Z,92416.741012,306.332,93
2026-05-07T22:53:45.014833Z,92459.31793,305.725,94
2026-05-07T22:53:46.015361Z,92501.873973,305.193,93
2026-05-07T22:53:47.016481Z,92544.372582,305.588,93
2026-05-07T22:53:48.017601Z,92586.899268,305.663,94
2026-05-07T22:53:49.018768Z,92629.469532,247.961,92
2026-05-07T22:53:50.019418Z,92672.093386,304.694,93
2026-05-07T22:53:51.020556Z,92714.818618,306.58,93
2026-05-07T22:53:52.021736Z,92757.331266,305.961,93
2026-05-07T22:53:53.022868Z,92804.678129,305.652,93
2026-05-07T22:53:54.024034Z,92852.238432,305.767,94
2026-05-07T22:53:55.025165Z,92901.424098,306.582,93
2026-05-07T22:53:56.026327Z,92949.55874,305.98,94
2026-05-07T22:53:57.027360Z,92995.82504,305.643,93
2026-05-07T22:53:58.028566Z,93042.339813,305.645,93
2026-05-07T22:53:59.029749Z,93089.119967,306.069,94
2026-05-07T22:54:00.030873Z,93136.756747,305.867,93
2026-05-07T22:54:01.031400Z,93182.441261,306.512,93
2026-05-07T22:54:02.032577Z,93230.836767,305.893,94
2026-05-07T22:54:03.033708Z,93286.673294,306.18,94
2026-05-07T22:54:04.034856Z,93334.812942,192.913,93
2026-05-07T22:54:05.035360Z,93387.846558,418.29,95
2026-05-07T22:54:06.036475Z,93441.123827,420.623,95
2026-05-07T22:54:07.037600Z,93491.425212,321.948,4
2026-05-07T22:54:08.038795Z,93534.829519,91.367,4
2026-05-07T22:54:09.039403Z,93577.055058,77.554,5
2026-05-07T22:54:10.039610Z,93624.187262,51.593,7
2026-05-07T22:54:11.040792Z,93707.893896,63.893,4
2026-05-07T22:54:12.041944Z,93810.882951,75.563,4
2026-05-07T22:54:13.042195Z,93934.448003,75.791,4
2026-05-07T22:54:14.043361Z,93978.682021,76.174,4
2026-05-07T22:54:15.044488Z,94021.462917,64.17,7
2026-05-07T22:54:16.045614Z,94068.794156,36.963,10
2026-05-07T22:54:17.046833Z,94108.365405,37.975,19
2026-05-07T22:54:18.048045Z,94148.187996,303.188,99
2026-05-07T22:54:19.049191Z,94186.657196,374.338,98
2026-05-07T22:54:20.050590Z,94227.944383,321.261,98
2026-05-07T22:54:21.051403Z,94254.021038,216.431,4
2026-05-07T22:54:22.052845Z,94257.624056,90.444,3
2026-05-07T22:54:23.054274Z,94261.068078,72.124,7
2026-05-07T22:54:24.055681Z,94264.805312,49.693,9
2026-05-07T22:54:25.057114Z,94268.899784,48.405,12
2026-05-07T22:54:26.058550Z,94273.894156,41.768,18
2026-05-07T22:54:27.059994Z,94277.450787,35.871,22
2026-05-07T22:54:28.061429Z,94281.494417,31.479,23
2026-05-07T22:54:29.062859Z,94285.101769,30.274,22
2026-05-07T22:54:30.064285Z,94288.945509,30.051,23
2026-05-07T22:54:31.065719Z,94292.465275,29.789,24
2026-05-07T22:54:32.067114Z,94296.305719,29.7,23
2026-05-07T22:54:33.068759Z,94299.669541,29.315,23
2026-05-07T22:54:34.070271Z,94303.48313,29.633,22
2026-05-07T22:54:35.071405Z,94306.860441,29.579,22
2026-05-07T22:54:36.072814Z,94310.396931,29.413,22
2026-05-07T22:54:37.073703Z,94313.947398,26.774,21
2026-05-07T22:54:38.075226Z,94317.789063,26.673,21
2026-05-07T22:54:39.076779Z,94321.229789,26.756,21
2026-05-07T22:54:40.078232Z,94324.95152,26.708,22
2026-05-07T22:54:41.079404Z,94330.693693,26.543,22
2026-05-07T22:54:42.080917Z,94334.394611,26.648,21
2026-05-07T22:54:43.082367Z,94337.791636,26.615,21
2026-05-07T22:54:44.083392Z,94341.822876,26.521,21
2026-05-07T22:54:45.084899Z,94345.228568,26.184,21
2026-05-07T22:54:46.086294Z,94348.949017,26.494,21
2026-05-07T22:54:47.087394Z,94352.641574,26.291,22
2026-05-07T22:54:48.088593Z,94356.438683,26.379,22
2026-05-07T22:54:49.090132Z,94359.838638,26.315,24
2026-05-07T22:54:50.091409Z,94363.363348,26.126,23
2026-05-07T22:54:51.092926Z,94366.80444,26.155,24
2026-05-07T22:54:52.094453Z,94370.412463,26.264,24
2026-05-07T22:54:53.095975Z,94373.851664,26.667,24
2026-05-07T22:54:54.097490Z,94377.469574,26.812,23
2026-05-07T22:54:55.099010Z,94380.751975,26.987,23
2026-05-07T22:54:56.100540Z,94384.262465,27.073,23
2026-05-07T22:54:57.102074Z,94387.806889,27.103,23
2026-05-07T22:54:58.103462Z,94391.58465,26.79,23
2026-05-07T22:54:59.104990Z,94394.951707,26.628,23
2026-05-07T22:55:00.106519Z,94398.512306,26.801,24
2026-05-07T22:55:01.108057Z,94401.881499,26.633,24
2026-05-07T22:55:02.109571Z,94408.461011,26.789,21
2026-05-07T22:55:03.111165Z,94411.729191,26.799,22
2026-05-07T22:55:04.112869Z,94415.242183,26.712,22
2026-05-07T22:55:05.114402Z,94418.542772,26.622,21
2026-05-07T22:55:06.115920Z,94422.104165,26.793,22
2026-05-07T22:55:07.117457Z,94425.729582,26.949,24
2026-05-07T22:55:08.118921Z,94429.522725,27.017,23
2026-05-07T22:55:09.119403Z,94432.918163,26.753,22
2026-05-07T22:55:10.120834Z,94436.668763,26.32,24
2026-05-07T22:55:11.122344Z,94440.108147,26.442,24
2026-05-07T22:55:12.123864Z,94443.807051,26.618,23
2026-05-07T22:55:13.125381Z,94447.275853,26.698,23
2026-05-07T22:55:14.126919Z,94451.033046,26.341,26
2026-05-07T22:55:15.128455Z,94454.319597,26.547,24
2026-05-07T22:55:16.129966Z,94457.726388,26.627,26
2026-05-07T22:55:17.131453Z,94461.398131,26.551,24
2026-05-07T22:55:18.132986Z,94465.139455,26.253,26
2026-05-07T22:55:19.134514Z,94468.507183,26.339,26
2026-05-07T22:55:20.135976Z,94472.461335,26.408,25
2026-05-07T22:55:21.136892Z,94475.762902,26.409,26
2026-05-07T22:55:22.138413Z,94479.299575,26.602,25
2026-05-07T22:55:23.139467Z,94482.598578,26.515,25
2026-05-07T22:55:24.141006Z,94486.102292,26.38,25
2026-05-07T22:55:25.142496Z,94489.663867,26.499,24
2026-05-07T22:55:26.143372Z,94493.978309,26.644,23
2026-05-07T22:55:27.144720Z,94497.818021,26.825,25
2026-05-07T22:55:28.146246Z,94501.251606,26.393,26
2026-05-07T22:55:29.147467Z,94504.783518,26.44,26
2026-05-07T22:55:30.148997Z,94508.05652,26.511,25
2026-05-07T22:55:31.150514Z,94511.59124,26.527,25
2026-05-07T22:55:32.151406Z,94514.890609,26.738,24
2026-05-07T22:55:33.152837Z,94518.302649,26.636,26
2026-05-07T22:55:34.153806Z,94521.589261,26.396,25
2026-05-07T22:55:35.155326Z,94525.113483,26.412,24
2026-05-07T22:55:36.156954Z,94528.352672,26.554,24
2026-05-07T22:55:37.158403Z,94531.955141,26.568,23
2026-05-07T22:55:38.159403Z,94535.479057,26.434,22
2026-05-07T22:55:39.160770Z,94538.947615,26.485,22
2026-05-07T22:55:40.162304Z,94542.17362,26.185,22
2026-05-07T22:55:41.163455Z,94545.564786,26.202,21
2026-05-07T22:55:42.164981Z,94548.824116,26.291,22
2026-05-07T22:55:43.166493Z,94552.215404,26.469,21
2026-05-07T22:55:44.167399Z,94555.447146,26.393,21
2026-05-07T22:55:45.168832Z,94558.823968,26.24,21
2026-05-07T22:55:46.170284Z,94562.07219,26.233,21
2026-05-07T22:55:47.171435Z,94565.615516,26.313,23
2026-05-07T22:55:48.172948Z,94568.989287,26.344,21
2026-05-07T22:55:49.174491Z,94572.574299,26.027,23
2026-05-07T22:55:50.175476Z,94575.802624,26.077,23
2026-05-07T22:55:51.177000Z,94579.185794,26.082,23
2026-05-07T22:55:52.178533Z,94582.401728,25.934,24
2026-05-07T22:55:53.180060Z,94585.774461,25.996,23
2026-05-07T22:55:54.181589Z,94589.019936,25.968,24
2026-05-07T22:55:55.183126Z,94592.372161,26.226,24
2026-05-07T22:55:56.184482Z,94595.562827,26.239,24
2026-05-07T22:55:57.186013Z,94599.164868,26.486,27
2026-05-07T22:55:58.187471Z,94602.527409,26.353,23
2026-05-07T22:55:59.188938Z,94605.940486,26.319,25
2026-05-07T22:56:00.190451Z,94609.147875,26.071,23
2026-05-07T22:56:01.191486Z,94612.711098,25.946,24
2026-05-07T22:56:02.193037Z,94618.119776,26.07,23
2026-05-07T22:56:03.194585Z,94621.45424,25.724,23
2026-05-07T22:56:04.196124Z,94624.701241,25.787,23
2026-05-07T22:56:05.197650Z,94628.336486,25.864,21
2026-05-07T22:56:06.199183Z,94631.548208,25.79,21
2026-05-07T22:56:07.199947Z,94635.112347,25.777,21
2026-05-07T22:56:08.201482Z,94638.46091,26.113,21
2026-05-07T22:56:09.203029Z,94641.936304,26.135,21
2026-05-07T22:56:10.204585Z,94645.257036,26.412,22
2026-05-07T22:56:11.206119Z,94648.57148,26.185,22
2026-05-07T22:56:12.207486Z,94651.790405,26.362,25
2026-05-07T22:56:13.208999Z,94655.196707,26.385,22
2026-05-07T22:56:14.210531Z,94658.442854,26.199,22
2026-05-07T22:56:15.211473Z,94662.111973,26.12,22
2026-05-07T22:56:16.213009Z,94665.317409,26.152,23
2026-05-07T22:56:17.214530Z,94668.731707,26.157,24
2026-05-07T22:56:18.215408Z,94672.076974,26.312,23
2026-05-07T22:56:19.216863Z,94675.609253,26.184,26
2026-05-07T22:56:20.218333Z,94679.197378,26.298,24
2026-05-07T22:56:21.219474Z,94682.634442,26.467,25
2026-05-07T22:56:22.221003Z,94685.860875,26.533,24
2026-05-07T22:56:23.222512Z,94689.325709,26.449,25
2026-05-07T22:56:24.223407Z,94692.537371,26.34,26
2026-05-07T22:56:25.224916Z,94696.783088,26.269,23
2026-05-07T22:56:26.226467Z,94699.957213,26.368,24
2026-05-07T22:56:27.227992Z,94703.445302,26.219,24
2026-05-07T22:56:28.229530Z,94706.762249,26.407,22
2026-05-07T22:56:29.231064Z,94710.171237,26.194,22
2026-05-07T22:56:30.232627Z,94713.352137,26.214,22
2026-05-07T22:56:31.234147Z,94716.635881,26.457,23
2026-05-07T22:56:32.235484Z,94719.81904,26.439,25
2026-05-07T22:56:33.237010Z,94723.462524,26.567,22
2026-05-07T22:56:34.238556Z,94726.661368,26.374,25
2026-05-07T22:56:35.240093Z,94729.989363,26.511,25
2026-05-07T22:56:36.241625Z,94733.169835,26.547,22
2026-05-07T22:56:37.243146Z,94739.189779,26.431,21
2026-05-07T22:56:38.244714Z,94742.55238,26.005,22
2026-05-07T22:56:39.246246Z,94746.026919,26.042,23
2026-05-07T22:56:40.247403Z,94749.204829,25.919,24
2026-05-07T22:56:41.248909Z,94754.523785,26.042,25
2026-05-07T22:56:42.250447Z,94757.694919,25.996,26
2026-05-07T22:56:43.251495Z,94761.101405,26.087,24
2026-05-07T22:56:44.253044Z,94764.314653,26.391,27
2026-05-07T22:56:45.254582Z,94767.745125,26.163,25
2026-05-07T22:56:46.256114Z,94770.97052,26.204,25
2026-05-07T22:56:47.257574Z,94774.455863,26.411,25
2026-05-07T22:56:48.259084Z,94777.770979,26.656,26
2026-05-07T22:56:49.260623Z,94780.997289,26.633,26
2026-05-07T22:56:50.262074Z,94784.254238,26.599,27
2026-05-07T22:56:51.263479Z,94787.459613,26.545,26
2026-05-07T22:56:52.265007Z,94790.866953,26.647,23
2026-05-07T22:56:53.266529Z,94794.027834,26.355,24
2026-05-07T22:56:54.268047Z,94797.392632,26.247,25
2026-05-07T22:56:55.269572Z,94800.605332,26.175,25
2026-05-07T22:56:56.271097Z,94803.888771,26.583,24
2026-05-07T22:56:57.272655Z,94807.315215,26.819,24
2026-05-07T22:56:58.274194Z,94810.765584,26.786,25
2026-05-07T22:56:59.275726Z,94814.019238,26.606,24
2026-05-07T22:57:00.277259Z,94817.433719,26.63,25
2026-05-07T22:57:01.278785Z,94820.595393,26.698,24
2026-05-07T22:57:02.280315Z,94826.253154,26.765,24
2026-05-07T22:57:03.281933Z,94829.309604,26.401,26
2026-05-07T22:57:04.283481Z,94832.651209,26.623,29
2026-05-07T22:57:05.285010Z,94835.794573,26.566,29
2026-05-07T22:57:06.286549Z,94839.085824,26.297,26
2026-05-07T22:57:07.288083Z,94842.380188,26.755,28
2026-05-07T22:57:08.289631Z,94845.762016,26.735,27
2026-05-07T22:57:09.291240Z,94848.735458,26.337,25
2026-05-07T22:57:10.292801Z,94852.072241,26.661,24
2026-05-07T22:57:11.294277Z,94855.20474,26.585,27
2026-05-07T22:57:12.295405Z,94858.53365,26.283,27
2026-05-07T22:57:13.296926Z,94861.719982,26.51,29
2026-05-07T22:57:14.298457Z,94865.082889,26.52,27
2026-05-07T22:57:15.299477Z,94868.209834,26.21,28
2026-05-07T22:57:16.301009Z,94871.564989,26.399,26
2026-05-07T22:57:17.302545Z,94875.004067,26.656,26
2026-05-07T22:57:18.303495Z,94878.660186,26.552,25
2026-05-07T22:57:19.305045Z,94881.880575,26.416,25
2026-05-07T22:57:20.306505Z,94885.407788,26.529,27
2026-05-07T22:57:21.308023Z,94888.628666,26.677,25
2026-05-07T22:57:22.309549Z,94891.911983,26.608,26
2026-05-07T22:57:23.311080Z,94895.07738,26.486,24
2026-05-07T22:57:24.312624Z,94898.554239,26.46,25
2026-05-07T22:57:25.314169Z,94902.647002,26.38,28
2026-05-07T22:57:26.315464Z,94905.979147,26.497,26
2026-05-07T22:57:27.316995Z,94909.344311,26.522,26
2026-05-07T22:57:28.318586Z,94912.566837,26.48,24
2026-05-07T22:57:29.319852Z,94915.774532,26.488,25
2026-05-07T22:57:30.321362Z,94919.116747,26.533,25
2026-05-07T22:57:31.322899Z,94922.197,26.533,25
2026-05-07T22:57:32.324429Z,94925.426912,26.918,27
2026-05-07T22:57:33.325959Z,94928.519067,27.061,26
2026-05-07T22:57:34.327480Z,94931.8694,26.945,26
2026-05-07T22:57:35.329029Z,94934.964607,27.202,27
2026-05-07T22:57:36.330558Z,94938.19403,26.833,26
2026-05-07T22:57:37.331492Z,94941.373709,27.022,28
2026-05-07T22:57:38.333027Z,94944.780073,27.23,27
2026-05-07T22:57:39.334580Z,94948.066502,26.721,26
2026-05-07T22:57:40.335473Z,94951.374294,26.873,26
2026-05-07T22:57:41.337013Z,94954.517596,26.713,26
2026-05-07T22:57:42.338534Z,94957.91157,26.666,26
2026-05-07T22:57:43.340076Z,94961.074892,26.273,24
2026-05-07T22:57:44.341620Z,94964.438408,27.114,24
2026-05-07T22:57:45.343146Z,94967.576157,27.21,26
2026-05-07T22:57:46.344685Z,94970.864112,26.564,23
2026-05-07T22:57:47.346159Z,94973.959197,26.371,24
2026-05-07T22:57:48.347477Z,94977.284689,27.93,26
2026-05-07T22:57:49.349028Z,94980.686353,27.576,25
2026-05-07T22:57:50.350586Z,94983.976933,27.587,24
2026-05-07T22:57:51.352122Z,94987.128292,27.318,25
2026-05-07T22:57:52.353656Z,94990.42998,27.338,25
2026-05-07T22:57:53.355208Z,94993.544901,27.374,25
2026-05-07T22:57:54.356762Z,94996.837312,26.29,25
2026-05-07T22:57:55.358235Z,94999.939843,27.242,25
2026-05-07T22:57:56.359473Z,95003.195633,27.234,26
2026-05-07T22:57:57.361011Z,95006.321663,26.333,24
2026-05-07T22:57:58.362539Z,95009.69818,26.195,24
2026-05-07T22:57:59.364085Z,95013.058706,26.283,25
2026-05-07T22:58:00.365627Z,95016.305341,26.444,25
2026-05-07T22:58:01.367175Z,95019.394322,26.068,25
2026-05-07T22:58:02.368723Z,95024.800681,27.133,26
2026-05-07T22:58:03.370266Z,95028.007887,25.915,26
2026-05-07T22:58:04.371801Z,95031.237371,26.19,23
2026-05-07T22:58:05.373181Z,95034.372861,26.17,23
2026-05-07T22:58:06.374696Z,95037.633839,26.006,24
2026-05-07T22:58:07.375482Z,95040.779277,26.041,23
2026-05-07T22:58:08.376995Z,95044.208041,26.335,23
2026-05-07T22:58:09.378527Z,95047.531457,26.006,24
2026-05-07T22:58:10.379470Z,95051.009903,26.145,23
2026-05-07T22:58:11.380944Z,95054.11512,25.947,23
2026-05-07T22:58:12.382467Z,95057.219116,26.212,23
2026-05-07T22:58:13.383984Z,95060.387992,26.126,22
2026-05-07T22:58:14.385510Z,95063.545638,26.516,24
2026-05-07T22:58:15.386967Z,95066.938268,26.874,21
2026-05-07T22:58:16.388490Z,95070.058927,27.234,21
2026-05-07T22:58:17.390041Z,95073.417378,26.588,21
2026-05-07T22:58:18.391709Z,95076.655528,26.748,28
2026-05-07T22:58:19.393405Z,95080.063296,26.877,21
2026-05-07T22:58:20.395097Z,95083.444696,26.599,22
2026-05-07T22:58:21.396045Z,95086.822617,26.368,22
2026-05-07T22:58:22.397585Z,95089.9459,25.967,22
2026-05-07T22:58:23.399092Z,95093.36154,26.404,23
2026-05-07T22:58:24.400634Z,95096.526388,26.296,23
2026-05-07T22:58:25.402154Z,95100.73469,26.2,23
2026-05-07T22:58:26.403680Z,95103.844729,26.013,23
2026-05-07T22:58:27.405125Z,95107.029047,25.927,23
2026-05-07T22:58:28.406565Z,95110.356736,25.928,27
2026-05-07T22:58:29.407478Z,95113.668373,25.942,24
2026-05-07T22:58:30.409007Z,95116.769073,26.343,22
2026-05-07T22:58:31.410538Z,95120.156638,26.43,22
2026-05-07T22:58:32.411460Z,95123.256056,26.212,21
2026-05-07T22:58:33.412965Z,95126.476934,26.218,22
2026-05-07T22:58:34.414489Z,95129.598996,26.225,22
2026-05-07T22:58:35.416017Z,95132.897511,26.21,23
2026-05-07T22:58:36.417551Z,95135.992779,26.113,22
2026-05-07T22:58:37.419067Z,95140.171845,25.982,22
2026-05-07T22:58:38.420612Z,95143.441429,26.358,26
2026-05-07T22:58:39.422089Z,95146.913161,25.96,23
2026-05-07T22:58:40.423497Z,95149.999396,26.176,23
2026-05-07T22:58:41.425009Z,95153.230772,26.176,22
2026-05-07T22:58:42.426528Z,95158.25499,26.062,22
2026-05-07T22:58:43.427490Z,95161.615333,26.438,23
2026-05-07T22:58:44.429021Z,95164.726653,26.642,23
2026-05-07T22:58:45.430544Z,95167.959067,26.457,23
2026-05-07T22:58:46.432073Z,95171.042189,26.35,22
2026-05-07T22:58:47.433585Z,95174.290715,26.739,22
2026-05-07T22:58:48.435116Z,95177.442319,26.393,22
2026-05-07T22:58:49.436668Z,95180.739735,26.044,22
2026-05-07T22:58:50.437293Z,95183.901714,26.237,22
2026-05-07T22:58:51.438697Z,95189.834011,26.322,22
2026-05-07T22:58:52.439388Z,95192.957294,26.334,21
2026-05-07T22:58:53.441014Z,95196.29835,26.452,22
2026-05-07T22:58:54.442479Z,95199.427797,26.524,22
2026-05-07T22:58:55.443477Z,95202.74334,26.117,22
2026-05-07T22:58:56.445021Z,95205.717149,26.072,22
2026-05-07T22:58:57.446548Z,95208.927529,25.965,22
2026-05-07T22:58:58.448145Z,95212.171356,26.365,22
2026-05-07T22:58:59.449687Z,95215.549216,26.473,22
2026-05-07T22:59:00.451215Z,95218.590102,26.134,22
2026-05-07T22:59:01.452758Z,95221.653143,25.804,22
2026-05-07T22:59:02.453367Z,95226.732598,26.036,22
2026-05-07T22:59:03.454945Z,95229.978622,26.176,23
2026-05-07T22:59:04.455388Z,95233.087989,26.016,22
2026-05-07T22:59:05.456819Z,95236.373992,26.105,22
2026-05-07T22:59:06.458194Z,95239.463644,26.335,22
2026-05-07T22:59:07.459389Z,95242.683729,26.348,22
2026-05-07T22:59:08.460583Z,95245.861394,26.446,22
2026-05-07T22:59:09.462114Z,95249.324764,26.446,22
2026-05-07T22:59:10.463393Z,95252.517383,26.498,22
2026-05-07T22:59:11.464837Z,95255.748942,26.452,22
2026-05-07T22:59:12.466250Z,95258.760226,26.543,22
2026-05-07T22:59:13.467454Z,95261.918665,26.324,22
2026-05-07T22:59:14.468993Z,95265.051347,26.27,23
2026-05-07T22:59:15.470561Z,95268.234079,26.356,23
2026-05-07T22:59:16.471457Z,95271.302491,26.112,22
2026-05-07T22:59:17.472972Z,95274.555473,26.382,22
2026-05-07T22:59:18.474429Z,95277.829025,27.053,22
2026-05-07T22:59:19.475484Z,95281.217749,26.698,22
2026-05-07T22:59:20.477016Z,95284.624967,26.551,23
2026-05-07T22:59:21.478611Z,95287.850911,26.418,22
2026-05-07T22:59:22.480156Z,95290.92384,26.363,22
2026-05-07T22:59:23.481667Z,95294.072819,25.944,23
2026-05-07T22:59:24.483208Z,95297.093258,25.978,22
2026-05-07T22:59:25.484747Z,95301.004991,25.525,22
2026-05-07T22:59:26.486053Z,95303.978616,25.659,22
2026-05-07T22:59:27.487481Z,95306.991609,26.123,22
2026-05-07T22:59:28.489019Z,95310.076379,26.208,22
2026-05-07T22:59:29.490485Z,95313.325089,26.189,23
2026-05-07T22:59:30.492009Z,95316.395088,26.391,22
2026-05-07T22:59:31.493527Z,95319.636474,26.493,22
2026-05-07T22:59:32.495007Z,95322.718558,26.64,22
2026-05-07T22:59:33.496540Z,95325.942976,26.568,22
2026-05-07T22:59:34.498056Z,95328.931311,26.268,22
2026-05-07T22:59:35.499394Z,95332.104582,26.653,22
2026-05-07T22:59:36.500928Z,95335.108663,26.177,22
2026-05-07T22:59:37.502375Z,95338.196485,26.367,21
2026-05-07T22:59:38.503400Z,95341.427067,26.169,22
2026-05-07T22:59:39.504888Z,95344.665401,26.353,23
2026-05-07T22:59:40.506266Z,95347.77074,26.116,22
2026-05-07T22:59:41.507469Z,95350.744548,25.932,23
2026-05-07T22:59:42.508984Z,95353.857944,25.811,22
2026-05-07T22:59:43.510456Z,95356.816615,25.875,21
2026-05-07T22:59:44.511465Z,95360.065936,25.993,21
2026-05-07T22:59:45.513001Z,95363.083323,25.75,22
2026-05-07T22:59:46.514521Z,95366.231813,25.665,22
2026-05-07T22:59:47.515482Z,95369.251886,25.899,22
2026-05-07T22:59:48.516942Z,95372.655015,26.178,21
2026-05-07T22:59:49.518390Z,95375.991859,25.861,20
2026-05-07T22:59:50.519892Z,95379.139007,25.779,21
2026-05-07T22:59:51.521352Z,95382.128929,26.077,21
2026-05-07T22:59:52.522770Z,95389.201542,26.191,21
2026-05-07T22:59:53.523365Z,95428.164028,25.967,19
2026-05-07T22:59:54.524591Z,95433.946362,26.463,22
2026-05-07T22:59:55.526126Z,95436.871769,26.579,23
2026-05-07T22:59:56.527666Z,95439.996578,26.178,21
2026-05-07T22:59:57.529131Z,95442.982166,26.609,21
2026-05-07T22:59:58.530585Z,95446.434062,26.4,21
2026-05-07T22:59:59.532148Z,95449.810762,26.342,22
2026-05-07T23:00:00.533694Z,95453.065759,26.238,22
2026-05-07T23:00:01.535222Z,95455.976457,26.105,21
2026-05-07T23:00:02.536761Z,95461.452578,25.858,21
2026-05-07T23:00:03.538299Z,95464.448847,26.015,22
2026-05-07T23:00:04.539470Z,95467.800279,26.003,22
2026-05-07T23:00:05.541003Z,95470.798562,26.129,21
2026-05-07T23:00:06.542455Z,95473.901277,25.954,22
2026-05-07T23:00:07.543470Z,95476.875939,25.77,22
2026-05-07T23:00:08.544895Z,95480.069657,25.693,21
2026-05-07T23:00:09.546346Z,95483.37873,25.838,22
2026-05-07T23:00:10.547836Z,95486.725829,25.393,23
2026-05-07T23:00:11.549373Z,95489.722403,25.324,22
2026-05-07T23:00:12.550835Z,95492.748763,25.745,23
2026-05-07T23:00:13.552354Z,95495.547278,25.961,23
2026-05-07T23:00:14.553872Z,95498.802031,25.822,22
2026-05-07T23:00:15.555338Z,95501.808249,25.647,21
2026-05-07T23:00:16.556795Z,95505.013563,25.748,22
2026-05-07T23:00:17.558313Z,95507.954473,25.473,22
2026-05-07T23:00:18.559397Z,95511.218015,25.455,22
2026-05-07T23:00:19.560874Z,95514.465504,25.89,22
2026-05-07T23:00:20.562315Z,95518.048869,25.568,22
2026-05-07T23:00:21.563475Z,95521.045687,25.071,22
2026-05-07T23:00:22.564999Z,95524.166163,25.365,21
2026-05-07T23:00:23.566537Z,95527.096575,25.753,22
2026-05-07T23:00:24.567390Z,95530.303415,25.645,21
2026-05-07T23:00:25.568858Z,95534.190063,25.533,21
2026-05-07T23:00:26.570376Z,95537.352774,25.733,21
2026-05-07T23:00:27.571919Z,95540.312423,25.586,21
2026-05-07T23:00:28.573382Z,95543.570349,25.798,22
2026-05-07T23:00:29.574843Z,95546.766324,25.698,21
2026-05-07T23:00:30.575486Z,95549.984151,25.522,23
2026-05-07T23:00:31.576960Z,95552.906934,25.417,22
2026-05-07T23:00:32.577817Z,95556.035588,25.477,22
2026-05-07T23:00:33.579263Z,95558.977231,25.619,22
2026-05-07T23:00:34.580682Z,95562.137013,25.717,22
2026-05-07T23:00:35.581700Z,95565.067791,26.017,22
2026-05-07T23:00:36.583221Z,95568.183872,26.097,23
2026-05-07T23:00:37.584820Z,95571.138149,25.831,23
2026-05-07T23:00:38.585934Z,95574.294635,26.248,22
2026-05-07T23:00:39.587478Z,95577.459422,26.097,23
2026-05-07T23:00:40.588107Z,95580.576358,25.838,23
2026-05-07T23:00:41.589638Z,95583.499629,25.616,22
2026-05-07T23:00:42.591094Z,95588.559552,25.697,22
2026-05-07T23:00:43.592633Z,95591.505468,26.063,22
2026-05-07T23:00:44.594154Z,95594.580716,26.386,22
2026-05-07T23:00:45.595390Z,95597.547872,26.607,22
2026-05-07T23:00:46.596880Z,95600.612683,26.391,22
2026-05-07T23:00:47.598415Z,95603.535344,26.303,21
2026-05-07T23:00:48.599404Z,95606.633115,26.377,21
2026-05-07T23:00:49.600921Z,95609.722645,26.034,26
2026-05-07T23:00:50.602457Z,95613.195537,25.636,21
2026-05-07T23:00:51.603996Z,95616.1832,25.763,22
2026-05-07T23:00:52.605536Z,95619.290431,25.886,23
2026-05-07T23:00:53.607063Z,95622.256915,25.983,22
2026-05-07T23:00:54.608609Z,95625.384165,25.964,22
2026-05-07T23:00:55.610139Z,95628.300662,25.949,22
2026-05-07T23:00:56.611662Z,95631.501581,26.163,22
2026-05-07T23:00:57.613199Z,95634.347582,26.137,22
2026-05-07T23:00:58.614737Z,95637.533304,26.161,23
2026-05-07T23:00:59.615454Z,95640.559419,26.008,22
2026-05-07T23:01:00.616922Z,95644.028099,25.955,23
2026-05-07T23:01:01.618420Z,95647.006607,26.038,23
2026-05-07T23:01:02.619412Z,95652.30176,26.435,24
2026-05-07T23:01:03.620874Z,95655.284784,26.439,23
2026-05-07T23:01:04.622287Z,95658.401598,25.993,23
2026-05-07T23:01:05.623387Z,95661.359964,26.239,23
2026-05-07T23:01:06.624191Z,95664.416719,26.337,23
2026-05-07T23:01:07.625596Z,95667.437891,26.371,23
2026-05-07T23:01:08.627093Z,95670.40822,26.502,23
2026-05-07T23:01:09.628628Z,95673.649545,26.715,24
2026-05-07T23:01:10.630156Z,95676.903076,26.111,22
2026-05-07T23:01:11.631513Z,95681.263295,26.117,21
2026-05-07T23:01:12.633081Z,95683.892011,26.2,21
2026-05-07T23:01:13.634362Z,95686.904638,26.323,23
2026-05-07T23:01:14.635386Z,95689.790739,26.441,21
2026-05-07T23:01:15.635903Z,95692.732504,26.291,21
2026-05-07T23:01:16.637431Z,95695.614027,26.184,21
2026-05-07T23:01:17.638931Z,95698.751592,26.285,21
2026-05-07T23:01:18.639395Z,95701.633421,26.532,21
2026-05-07T23:01:19.640882Z,95704.84319,26.622,21
2026-05-07T23:01:20.642415Z,95707.770002,26.504,23
2026-05-07T23:01:21.643482Z,95710.770909,26.108,22
2026-05-07T23:01:22.644988Z,95713.670988,25.788,22
2026-05-07T23:01:23.646506Z,95716.635152,25.984,23
2026-05-07T23:01:24.647477Z,95719.402174,25.333,23
2026-05-07T23:01:25.648990Z,95723.202762,25.486,23
2026-05-07T23:01:26.650673Z,95725.882443,24.989,24
2026-05-07T23:01:27.651412Z,95728.871388,25.458,22
2026-05-07T23:01:28.652922Z,95731.799603,25.607,22
2026-05-07T23:01:29.654356Z,95735.183689,25.952,22
2026-05-07T23:01:30.655457Z,95738.338222,25.434,24
2026-05-07T23:01:31.656992Z,95741.424579,25.831,22
2026-05-07T23:01:32.658455Z,95744.282787,25.692,22
2026-05-07T23:01:33.659389Z,95747.230899,25.824,23
2026-05-07T23:01:34.660933Z,95750.107235,25.979,23
2026-05-07T23:01:35.661554Z,95752.964161,26.008,23
2026-05-07T23:01:36.663000Z,95755.748883,26.022,23
2026-05-07T23:01:37.664587Z,95758.794651,25.972,24
2026-05-07T23:01:38.666124Z,95761.690335,26.202,25
2026-05-07T23:01:39.667463Z,95764.660969,26.025,23
2026-05-07T23:01:40.668924Z,95767.599805,25.939,23
2026-05-07T23:01:41.670427Z,95770.53156,25.878,23
2026-05-07T23:01:42.671384Z,95773.384397,25.964,23
2026-05-07T23:01:43.672875Z,95776.572743,26.011,23
2026-05-07T23:01:44.674407Z,95779.370954,25.813,23
2026-05-07T23:01:45.675466Z,95782.502598,25.41,23
2026-05-07T23:01:46.676978Z,95785.36984,25.372,23
2026-05-07T23:01:47.677927Z,95788.281087,25.905,24
2026-05-07T23:01:48.679402Z,95790.993116,25.637,22
2026-05-07T23:01:49.680835Z,95794.19428,26.036,21
2026-05-07T23:01:50.682366Z,95797.283933,25.694,23
2026-05-07T23:01:51.683464Z,95800.374257,26.014,21
2026-05-07T23:01:52.684933Z,95803.255048,25.867,21
2026-05-07T23:01:53.686375Z,95806.436436,26.078,22
2026-05-07T23:01:54.687403Z,95809.417935,25.919,22
2026-05-07T23:01:55.688902Z,95812.200337,25.549,22
2026-05-07T23:01:56.690430Z,95814.915235,25.667,22
2026-05-07T23:01:57.691462Z,95818.047002,25.832,21
2026-05-07T23:01:58.692989Z,95820.937864,25.87,22
2026-05-07T23:01:59.694493Z,95824.090505,25.987,22
2026-05-07T23:02:00.695470Z,95826.964093,26.36,25
2026-05-07T23:02:01.697007Z,95829.989232,26.328,24
2026-05-07T23:02:02.698468Z,95835.207358,26.004,25
2026-05-07T23:02:03.699461Z,95838.238235,25.746,23
2026-05-07T23:02:04.700927Z,95841.107063,25.993,23
2026-05-07T23:02:05.702441Z,95844.095092,25.969,24
2026-05-07T23:02:06.703395Z,95846.886833,25.669,24
2026-05-07T23:02:07.704882Z,95849.823105,25.906,24
2026-05-07T23:02:08.706402Z,95852.61155,25.546,24
2026-05-07T23:02:09.707475Z,95855.658539,25.83,23
2026-05-07T23:02:10.709006Z,95858.701744,25.969,24
2026-05-07T23:02:11.710535Z,95861.791153,26.644,24
2026-05-07T23:02:12.711548Z,95864.523507,26.441,23
2026-05-07T23:02:13.712992Z,95867.433838,26.702,23
2026-05-07T23:02:14.714410Z,95870.392571,26.54,23
2026-05-07T23:02:15.715390Z,95873.230332,26.477,22
2026-05-07T23:02:16.717009Z,95875.939249,26.371,22
2026-05-07T23:02:17.718521Z,95878.840731,26.27,22
2026-05-07T23:02:18.719485Z,95881.670252,26.208,21
2026-05-07T23:02:19.720929Z,95884.965288,25.959,22
2026-05-07T23:02:20.722465Z,95888.274605,26.296,22
2026-05-07T23:02:21.723998Z,95891.463135,25.984,22
2026-05-07T23:02:22.725531Z,95894.214837,26.242,22
2026-05-07T23:02:23.727051Z,95896.957933,26.422,23
2026-05-07T23:02:24.728606Z,95899.56785,27.133,24
2026-05-07T23:02:25.730131Z,95903.51651,26.768,25
2026-05-07T23:02:26.731402Z,95906.200951,26.9,24
2026-05-07T23:02:27.732893Z,95909.026872,26.718,25
2026-05-07T23:02:28.734342Z,95911.810312,27.03,24
2026-05-07T23:02:29.735870Z,95914.753053,26.867,24
2026-05-07T23:02:30.737402Z,95917.946832,27.206,24
2026-05-07T23:02:31.739091Z,95920.520373,26.65,24
2026-05-07T23:02:32.740786Z,95923.255351,26.778,24
2026-05-07T23:02:33.742319Z,95925.866367,25.837,23
2026-05-07T23:02:34.743479Z,95928.784023,26.584,25
2026-05-07T23:02:35.745004Z,95931.603535,27.413,23
2026-05-07T23:02:36.746462Z,95934.545849,26.806,23
2026-05-07T23:02:37.747476Z,95937.391728,27.31,23
2026-05-07T23:02:38.748979Z,95940.190061,27.552,22
2026-05-07T23:02:39.750500Z,95943.172963,27.624,22
2026-05-07T23:02:40.751478Z,95946.274457,26.131,22
2026-05-07T23:02:41.753005Z,95948.951696,26.726,22
2026-05-07T23:02:42.754518Z,95953.759667,27.049,22
2026-05-07T23:02:43.756051Z,95956.407427,27.024,22
2026-05-07T23:02:44.757555Z,95959.373545,25.757,21
2026-05-07T23:02:45.759026Z,95962.054568,26.076,21
2026-05-07T23:02:46.760553Z,95964.915462,25.8,22
2026-05-07T23:02:47.762030Z,95967.652759,26.818,21
2026-05-07T23:02:48.763471Z,95970.676982,26.84,21
2026-05-07T23:02:49.765000Z,95973.586887,27.198,22
2026-05-07T23:02:50.766469Z,95976.570217,27.41,22
2026-05-07T23:02:51.767481Z,95979.306294,26.865,23
2026-05-07T23:02:52.769011Z,95982.098828,26.953,22
2026-05-07T23:02:53.770556Z,95984.719854,27.153,23
2026-05-07T23:02:54.772071Z,95987.463988,27.191,24
2026-05-07T23:02:55.773604Z,95990.044487,27.087,24
2026-05-07T23:02:56.775123Z,95992.90007,27.514,24
2026-05-07T23:02:57.776669Z,95995.668251,26.901,24
2026-05-07T23:02:58.778189Z,95998.396638,27.071,24
2026-05-07T23:02:59.779465Z,96001.289514,27.219,27
2026-05-07T23:03:00.781001Z,96004.221391,27.514,24
2026-05-07T23:03:01.782599Z,96006.795237,26.023,23
2026-05-07T23:03:02.783469Z,96011.982846,27.437,25
2026-05-07T23:03:03.785006Z,96014.690481,27.345,23
2026-05-07T23:03:04.786523Z,96017.64018,27.457,22
2026-05-07T23:03:05.788068Z,96020.36759,27.066,23
2026-05-07T23:03:06.789572Z,96023.169463,27.837,24
2026-05-07T23:03:07.791046Z,96025.919944,27.361,21
2026-05-07T23:03:08.792557Z,96028.681534,25.729,23
2026-05-07T23:03:09.794039Z,96031.759956,25.929,23
2026-05-07T23:03:10.795396Z,96034.882568,26.032,22
2026-05-07T23:03:11.796845Z,96037.678886,25.954,22
2026-05-07T23:03:12.798268Z,96040.677475,26.075,21
2026-05-07T23:03:13.799477Z,96043.346108,26.13,22
2026-05-07T23:03:14.801011Z,96046.177094,26.183,22
2026-05-07T23:03:15.802545Z,96048.783472,26.319,23
2026-05-07T23:03:16.804003Z,96051.523882,26.168,23
2026-05-07T23:03:17.805440Z,96054.339122,26.22,25
2026-05-07T23:03:18.806936Z,96057.348269,26.155,27
2026-05-07T23:03:19.808442Z,96060.066585,26.95,24
2026-05-07T23:03:20.809881Z,96063.336596,25.893,27
2026-05-07T23:03:21.811169Z,96065.981792,25.39,24
2026-05-07T23:03:22.812679Z,96068.876682,25.68,30
2026-05-07T23:03:23.814195Z,96071.517117,25.595,25
2026-05-07T23:03:24.815489Z,96074.491292,25.612,25
2026-05-07T23:03:25.817042Z,96077.95692,25.536,25
2026-05-07T23:03:26.818567Z,96080.718449,25.682,26
2026-05-07T23:03:27.820105Z,96083.263425,25.689,25
2026-05-07T23:03:28.821638Z,96085.992361,25.566,24
2026-05-07T23:03:29.823136Z,96091.468299,25.721,24
2026-05-07T23:03:30.824606Z,96094.373016,25.481,23
2026-05-07T23:03:31.826071Z,96097.363975,25.548,25
2026-05-07T23:03:32.827413Z,96100.154983,25.746,25
2026-05-07T23:03:33.828862Z,96102.719552,25.522,25
2026-05-07T23:03:34.830294Z,96105.621949,25.923,27
2026-05-07T23:03:35.831392Z,96108.367731,25.971,23
2026-05-07T23:03:36.832900Z,96111.160632,25.987,21
2026-05-07T23:03:37.834427Z,96113.74876,25.791,23
2026-05-07T23:03:38.835867Z,96116.610691,25.768,26
2026-05-07T23:03:39.837375Z,96119.249173,25.735,25
2026-05-07T23:03:40.838857Z,96122.23409,25.906,24
2026-05-07T23:03:41.839401Z,96124.992505,25.918,27
2026-05-07T23:03:42.840838Z,96128.011785,26.046,27
2026-05-07T23:03:43.842268Z,96130.753782,25.791,29
2026-05-07T23:03:44.843393Z,96133.725027,25.851,27
2026-05-07T23:03:45.844828Z,96136.452681,25.739,29
2026-05-07T23:03:46.846239Z,96139.456091,25.581,27
2026-05-07T23:03:47.847394Z,96142.174407,25.652,28
2026-05-07T23:03:48.848823Z,96145.05355,25.839,27
2026-05-07T23:03:49.849659Z,96147.848282,25.746,27
2026-05-07T23:03:50.851192Z,96150.899299,25.836,25
2026-05-07T23:03:51.852710Z,96153.730957,25.718,27
2026-05-07T23:03:52.853847Z,96156.725151,25.759,27
2026-05-07T23:03:53.855289Z,96159.447739,25.701,26
2026-05-07T23:03:54.856761Z,96162.213785,25.426,25
2026-05-07T23:03:55.858296Z,96165.024141,25.619,25
2026-05-07T23:03:56.859478Z,96167.654261,25.796,25
2026-05-07T23:03:57.860992Z,96170.500201,25.602,26
2026-05-07T23:03:58.862528Z,96173.281139,26.28,24
2026-05-07T23:03:59.863472Z,96176.168033,26.007,26
2026-05-07T23:04:00.865016Z,96179.018612,26.095,23
2026-05-07T23:04:01.866562Z,96182.208973,25.877,26
2026-05-07T23:04:02.867476Z,96186.835304,26.017,24
2026-05-07T23:04:03.869013Z,96189.690277,25.904,27
2026-05-07T23:04:04.870566Z,96192.342614,25.686,27
2026-05-07T23:04:05.872088Z,96195.222672,25.762,25
2026-05-07T23:04:06.873610Z,96197.844858,25.84,26
2026-05-07T23:04:07.875121Z,96200.587527,25.652,29
2026-05-07T23:04:08.876669Z,96203.264949,25.455,28
2026-05-07T23:04:09.878202Z,96206.216174,25.794,28
2026-05-07T23:04:10.879499Z,96208.946148,25.943,29
2026-05-07T23:04:11.881053Z,96212.072788,26.151,28
2026-05-07T23:04:12.882588Z,96214.754238,25.874,26
2026-05-07T23:04:13.884112Z,96217.660786,26.005,29
2026-05-07T23:04:14.885689Z,96220.408704,26.001,27
2026-05-07T23:04:15.887225Z,96223.197271,26.321,27
2026-05-07T23:04:16.888725Z,96225.850585,26.288,25
2026-05-07T23:04:17.890244Z,96228.615958,26.254,26
2026-05-07T23:04:18.891488Z,96231.210007,26.189,27
2026-05-07T23:04:19.893007Z,96233.987343,25.98,24
2026-05-07T23:04:20.894540Z,96236.951691,25.801,26
2026-05-07T23:04:21.895491Z,96239.766381,26.212,26
2026-05-07T23:04:22.897018Z,96242.413958,26.158,25
2026-05-07T23:04:23.898555Z,96245.176097,26.065,25
2026-05-07T23:04:24.899539Z,96247.933109,26.153,27
2026-05-07T23:04:25.900431Z,96251.545892,26.007,24
2026-05-07T23:04:26.902125Z,96254.134814,26.304,23
2026-05-07T23:04:27.903522Z,96256.937236,26.775,24
2026-05-07T23:04:28.905092Z,96259.49857,26.704,26
2026-05-07T23:04:29.906533Z,96262.442654,26.511,24
2026-05-07T23:04:30.907478Z,96265.227681,26.435,24
2026-05-07T23:04:31.909024Z,96268.216016,26.34,25
2026-05-07T23:04:32.910572Z,96270.968206,25.865,24
2026-05-07T23:04:33.911468Z,96273.872739,25.747,22
2026-05-07T23:04:34.913005Z,96276.520072,26.133,23
2026-05-07T23:04:35.914561Z,96279.302169,25.949,23
2026-05-07T23:04:36.916098Z,96281.918922,26.011,23
2026-05-07T23:04:37.917486Z,96284.665925,26.071,24
2026-05-07T23:04:38.918954Z,96287.355798,25.862,23
2026-05-07T23:04:39.920507Z,96290.180925,25.546,23
2026-05-07T23:04:40.922032Z,96293.049631,25.883,23
2026-05-07T23:04:41.923471Z,96296.229677,25.681,23
2026-05-07T23:04:42.925000Z,96300.706655,25.864,23
2026-05-07T23:04:43.926537Z,96303.670942,26.037,23
2026-05-07T23:04:44.928081Z,96306.382361,26.254,25
2026-05-07T23:04:45.929610Z,96309.308196,26.034,22
2026-05-07T23:04:46.930479Z,96312.006553,25.824,23
2026-05-07T23:04:47.931464Z,96314.944656,26.109,24
2026-05-07T23:04:48.933000Z,96317.62574,26.258,24
2026-05-07T23:04:49.934546Z,96320.398072,26.176,24
2026-05-07T23:04:50.935418Z,96323.267083,26.554,23
2026-05-07T23:04:51.937130Z,96326.212815,26.067,23
2026-05-07T23:04:52.938832Z,96328.931253,26.11,23
2026-05-07T23:04:53.939498Z,96331.790072,26.146,23
2026-05-07T23:04:54.941176Z,96334.472865,26.165,24
2026-05-07T23:04:55.942853Z,96337.307025,26.266,23
2026-05-07T23:04:56.944660Z,96339.921643,26.282,22
2026-05-07T23:04:57.946244Z,96342.804692,26.236,22
2026-05-07T23:04:58.947772Z,96345.396299,26.02,22
2026-05-07T23:04:59.949301Z,96348.222158,25.837,21
2026-05-07T23:05:00.950828Z,96351.036116,26.129,22
2026-05-07T23:05:01.951474Z,96354.08988,26.123,22
2026-05-07T23:05:02.952998Z,96358.879846,26.054,23
2026-05-07T23:05:03.954525Z,96361.641069,25.926,21
2026-05-07T23:05:04.955467Z,96364.251414,26.039,21
2026-05-07T23:05:05.956974Z,96366.983707,26.088,21
2026-05-07T23:05:06.958503Z,96369.559689,26.085,22
2026-05-07T23:05:07.959471Z,96372.389089,26.324,21
2026-05-07T23:05:08.961005Z,96375.235944,26.26,24
2026-05-07T23:05:09.962519Z,96378.075292,25.899,21
2026-05-07T23:05:10.964046Z,96380.97122,26.418,22
2026-05-07T23:05:11.965567Z,96383.856894,26.399,23
2026-05-07T23:05:12.967381Z,96386.623061,26.17,22
2026-05-07T23:05:13.968887Z,96389.382576,26.353,23
2026-05-07T23:05:14.970409Z,96392.025513,26.411,23
2026-05-07T23:05:15.971486Z,96394.827874,26.429,23
2026-05-07T23:05:16.973010Z,96397.541368,26.496,24
2026-05-07T23:05:17.974457Z,96400.316752,26.101,24
2026-05-07T23:05:18.975963Z,96403.089328,26.045,23
2026-05-07T23:05:19.977401Z,96406.123011,25.789,22
2026-05-07T23:05:20.978765Z,96409.217364,25.874,23
2026-05-07T23:05:21.980306Z,96411.979625,25.862,22
2026-05-07T23:05:22.981829Z,96414.983523,26.103,22
2026-05-07T23:05:23.983377Z,96417.676693,25.974,22
2026-05-07T23:05:24.984885Z,96420.543507,25.821,22
2026-05-07T23:05:25.986423Z,96423.959819,26.03,21
2026-05-07T23:05:26.987475Z,96426.872592,25.91,21
2026-05-07T23:05:27.988990Z,96429.517055,26.086,21
2026-05-07T23:05:28.990511Z,96432.373188,26.109,21
2026-05-07T23:05:29.991785Z,96434.986951,26.439,22
2026-05-07T23:05:30.993299Z,96438.275151,26.05,22
2026-05-07T23:05:31.994821Z,96441.031674,26.1,22
2026-05-07T23:05:32.996356Z,96443.773916,26.15,22
2026-05-07T23:05:33.997877Z,96446.44554,26.456,22
2026-05-07T23:05:34.999402Z,96449.327063,26.189,22
2026-05-07T23:05:36.000872Z,96451.945343,26.447,22
2026-05-07T23:05:37.002306Z,96454.843284,26.573,22
2026-05-07T23:05:38.003812Z,96457.446366,26.57,22
2026-05-07T23:05:39.005324Z,96460.312081,26.355,23
2026-05-07T23:05:40.006838Z,96462.971315,26.659,23
2026-05-07T23:05:41.008350Z,96468.505176,27.12,23
2026-05-07T23:05:42.009910Z,96471.419963,26.711,22
2026-05-07T23:05:43.011428Z,96474.221775,26.933,22
2026-05-07T23:05:44.012965Z,96476.883023,27.354,22
2026-05-07T23:05:45.014420Z,96479.810933,27.044,22
2026-05-07T23:05:46.015404Z,96482.425794,27.209,22
2026-05-07T23:05:47.016900Z,96485.302374,26.974,22
2026-05-07T23:05:48.018427Z,96487.992247,27.109,22
2026-05-07T23:05:49.019945Z,96490.723014,27.123,22
2026-05-07T23:05:50.021470Z,96493.322922,27.365,21
2026-05-07T23:05:51.022916Z,96496.207803,27.297,22
2026-05-07T23:05:52.023470Z,96499.069184,27.374,22
2026-05-07T23:05:53.025005Z,96501.92605,27.247,22
2026-05-07T23:05:54.026530Z,96504.541521,27.542,22
2026-05-07T23:05:55.028048Z,96507.273814,27.295,22
2026-05-07T23:05:56.029562Z,96509.809757,27.506,22
2026-05-07T23:05:57.031073Z,96512.686032,27.678,22
2026-05-07T23:05:58.032618Z,96515.270681,27.519,22
2026-05-07T23:05:59.034134Z,96518.090498,27.509,23
2026-05-07T23:06:00.035684Z,96520.687781,27.45,22
2026-05-07T23:06:01.037194Z,96523.647613,27.552,28
2026-05-07T23:06:02.038717Z,96526.533897,27.622,23
2026-05-07T23:06:03.040253Z,96531.648019,27.733,23
2026-05-07T23:06:04.041777Z,96534.333193,27.71,23
2026-05-07T23:06:05.043293Z,96537.29864,27.554,24
2026-05-07T23:06:06.044840Z,96539.874805,27.444,22
2026-05-07T23:06:07.046355Z,96542.618878,27.278,22
2026-05-07T23:06:08.047873Z,96545.304234,27.231,23
2026-05-07T23:06:09.049393Z,96548.030668,26.967,22
2026-05-07T23:06:10.050938Z,96550.742453,27.173,20
2026-05-07T23:06:11.052592Z,96553.625197,27.137,24
2026-05-07T23:06:12.053712Z,96556.347602,27.288,24
2026-05-07T23:06:13.055255Z,96559.116333,27.101,23
2026-05-07T23:06:14.056787Z,96561.724053,26.964,24
2026-05-07T23:06:15.058307Z,96564.61992,26.713,22
2026-05-07T23:06:16.059840Z,96567.228861,26.894,22
2026-05-07T23:06:17.061284Z,96570.070834,26.922,23
2026-05-07T23:06:18.062739Z,96572.635463,26.706,21
2026-05-07T23:06:19.063446Z,96575.524433,26.918,21
2026-05-07T23:06:20.064973Z,96578.140393,27.266,23
2026-05-07T23:06:21.066478Z,96581.37769,27.214,23
2026-05-07T23:06:22.067468Z,96584.089841,27.317,22
2026-05-07T23:06:23.068993Z,96586.9959,27.047,24
2026-05-07T23:06:24.069815Z,96589.635176,26.951,23
2026-05-07T23:06:25.071345Z,96592.434973,27.038,24
2026-05-07T23:06:26.072902Z,96595.814542,26.694,23
2026-05-07T23:06:27.074424Z,96598.494528,26.911,23
2026-05-07T23:06:28.075476Z,96601.067764,26.954,23
2026-05-07T23:06:29.076986Z,96603.855354,27.308,22
2026-05-07T23:06:30.078446Z,96606.44275,27.535,23
2026-05-07T23:06:31.079465Z,96609.360528,27.477,22
2026-05-07T23:06:32.080935Z,96612.077684,27.375,23
2026-05-07T23:06:33.082452Z,96614.847758,27.637,24
2026-05-07T23:06:34.083975Z,96617.409213,27.297,22
2026-05-07T23:06:35.085483Z,96620.251308,27.611,22
2026-05-07T23:06:36.087008Z,96622.899373,27.382,23
2026-05-07T23:06:37.088538Z,96625.605665,27.615,23
2026-05-07T23:06:38.090056Z,96628.29505,26.983,25
2026-05-07T23:06:39.091586Z,96631.120482,26.911,24
2026-05-07T23:06:40.093114Z,96633.757255,26.735,22
2026-05-07T23:06:41.094639Z,96636.712997,26.956,22
2026-05-07T23:06:42.096055Z,96639.571449,27.554,22
2026-05-07T23:06:43.097500Z,96644.249965,27.251,22
2026-05-07T23:06:44.098672Z,96646.954182,27.503,24
2026-05-07T23:06:45.099403Z,96649.684277,27.369,25
2026-05-07T23:06:46.100853Z,96652.258673,27.895,26
2026-05-07T23:06:47.102355Z,96654.958251,27.453,22
2026-05-07T23:06:48.103455Z,96657.676811,26.889,23
2026-05-07T23:06:49.104973Z,96660.451523,27.463,25
2026-05-07T23:06:50.106490Z,96663.204628,27.617,23
2026-05-07T23:06:51.108012Z,96665.938142,27.462,23
2026-05-07T23:06:52.109513Z,96668.900964,27.218,22
2026-05-07T23:06:53.110972Z,96671.878373,27.552,25
2026-05-07T23:06:54.112552Z,96674.865792,27.735,26
2026-05-07T23:06:55.114086Z,96677.474123,27.365,22
2026-05-07T23:06:56.115481Z,96680.163691,26.235,22
2026-05-07T23:06:57.117371Z,96682.736988,25.927,22
2026-05-07T23:06:58.118876Z,96685.556622,26.047,22
2026-05-07T23:06:59.119404Z,96688.15415,25.88,22
2026-05-07T23:07:00.120895Z,96690.940764,25.807,21
2026-05-07T23:07:01.122422Z,96693.533469,25.88,21
2026-05-07T23:07:02.123469Z,96696.503615,26.197,22
2026-05-07T23:07:03.125048Z,96701.943299,26.422,22
2026-05-07T23:07:04.126644Z,96704.843133,26.501,21
2026-05-07T23:07:05.127462Z,96707.454088,26.528,26
2026-05-07T23:07:06.128973Z,96710.233561,27.447,25
2026-05-07T23:07:07.130500Z,96712.834262,27.06,22
2026-05-07T23:07:08.132014Z,96715.715847,26.233,22
2026-05-07T23:07:09.133540Z,96718.37209,26.063,22
2026-05-07T23:07:10.135062Z,96721.232678,26.246,22
2026-05-07T23:07:11.136605Z,96723.81867,26.249,22
2026-05-07T23:07:12.138105Z,96726.837766,26.21,23
2026-05-07T23:07:13.139637Z,96729.541312,25.943,23
2026-05-07T23:07:14.141177Z,96732.306746,25.998,23
2026-05-07T23:07:15.142706Z,96735.104286,26.242,22
2026-05-07T23:07:16.144229Z,96737.892303,26.074,22
2026-05-07T23:07:17.145756Z,96740.543237,25.797,22
2026-05-07T23:07:18.147271Z,96743.442216,25.722,22
2026-05-07T23:07:19.149183Z,96746.021128,26.632,30
2026-05-07T23:07:20.150718Z,96748.809512,26.617,22
2026-05-07T23:07:21.152269Z,96751.596797,26.16,22
2026-05-07T23:07:22.153794Z,96754.484058,26.483,21
2026-05-07T23:07:23.155320Z,96757.435955,26.365,22
2026-05-07T23:07:24.157029Z,96760.224033,26.224,21
2026-05-07T23:07:25.158498Z,96763.363063,26.512,21
2026-05-07T23:07:26.159456Z,96766.445636,26.085,21
2026-05-07T23:07:27.160992Z,96769.049511,25.818,21
2026-05-07T23:07:28.162495Z,96771.873784,25.856,23
2026-05-07T23:07:29.163471Z,96774.608457,25.613,21
2026-05-07T23:07:30.164989Z,96777.387014,25.679,22
2026-05-07T23:07:31.166507Z,96779.990462,25.445,23
2026-05-07T23:07:32.167471Z,96782.984107,25.685,22
2026-05-07T23:07:33.169004Z,96785.604889,25.474,22
2026-05-07T23:07:34.170597Z,96788.341698,25.809,22
2026-05-07T23:07:35.172124Z,96791.004167,25.919,21
2026-05-07T23:07:36.173646Z,96793.793589,25.814,21
2026-05-07T23:07:37.175161Z,96796.43323,25.724,21
2026-05-07T23:07:38.176682Z,96799.098568,25.909,21
2026-05-07T23:07:39.178199Z,96801.850453,25.771,22
2026-05-07T23:07:40.179480Z,96804.60954,25.725,22
2026-05-07T23:07:41.180910Z,96807.285864,25.617,22
2026-05-07T23:07:42.182313Z,96810.281339,26.236,28
2026-05-07T23:07:43.183389Z,96813.184164,26.507,22
2026-05-07T23:07:44.184786Z,96815.923476,25.788,22
2026-05-07T23:07:45.186322Z,96818.629829,25.974,23
2026-05-07T23:07:46.187471Z,96821.485168,25.957,23
2026-05-07T23:07:47.188927Z,96824.165703,25.827,23
2026-05-07T23:07:48.190379Z,96826.919358,26.104,26
2026-05-07T23:07:49.191389Z,96829.676798,25.707,23
2026-05-07T23:07:50.192820Z,96832.60898,25.695,24
2026-05-07T23:07:51.194329Z,96835.238917,25.588,23
2026-05-07T23:07:52.195487Z,96838.174456,25.474,23
2026-05-07T23:07:53.197010Z,96840.857189,25.737,23
2026-05-07T23:07:54.198460Z,96843.690006,25.849,23
2026-05-07T23:07:55.199481Z,96846.248899,25.946,23
2026-05-07T23:07:56.200992Z,96848.960806,26.291,23
2026-05-07T23:07:57.202516Z,96851.50096,26.028,23
2026-05-07T23:07:58.203467Z,96854.345313,25.993,22
2026-05-07T23:07:59.204997Z,96856.903657,25.757,21
2026-05-07T23:08:00.206457Z,96859.619409,25.586,21
2026-05-07T23:08:01.207396Z,96862.186175,25.819,21
2026-05-07T23:08:02.208838Z,96867.012212,25.832,21
2026-05-07T23:08:03.209139Z,96869.864927,25.671,21
2026-05-07T23:08:04.210368Z,96872.56774,26.211,21
2026-05-07T23:08:05.211455Z,96875.095749,26.461,21
2026-05-07T23:08:06.212967Z,96877.82145,26.196,22
2026-05-07T23:08:07.214488Z,96882.892237,26.186,22
2026-05-07T23:08:08.215482Z,96885.551899,26.596,22
2026-05-07T23:08:09.217000Z,96888.249829,26.483,22
2026-05-07T23:08:10.218444Z,96891.121037,25.777,22
2026-05-07T23:08:11.219779Z,96893.728513,25.94,23
2026-05-07T23:08:12.221286Z,96896.367179,26.384,24
2026-05-07T23:08:13.222714Z,96899.335127,26.064,23
2026-05-07T23:08:14.223390Z,96902.024757,26.07,23
2026-05-07T23:08:15.224981Z,96904.822479,25.963,24
2026-05-07T23:08:16.226510Z,96907.313379,26.262,23
2026-05-07T23:08:17.227485Z,96909.982439,26.078,23
2026-05-07T23:08:18.229010Z,96912.478404,26.193,23
2026-05-07T23:08:19.230514Z,96915.205448,26.039,23
2026-05-07T23:08:20.232033Z,96917.727292,26.238,22
2026-05-07T23:08:21.233481Z,96920.747548,25.986,23
2026-05-07T23:08:22.235010Z,96923.499189,26.06,22
2026-05-07T23:08:23.236558Z,96926.328955,25.915,21
2026-05-07T23:08:24.238193Z,96928.95877,26.097,22
2026-05-07T23:08:25.239479Z,96932.603231,25.959,22
2026-05-07T23:08:26.241009Z,96935.147719,26.179,21
2026-05-07T23:08:27.242543Z,96937.810737,26.047,22
2026-05-07T23:08:28.243466Z,96940.525635,26.088,22
2026-05-07T23:08:29.244981Z,96943.220513,26.045,21
2026-05-07T23:08:30.246500Z,96945.867235,26.043,23
2026-05-07T23:08:31.248024Z,96948.516825,25.896,22
2026-05-07T23:08:32.249549Z,96951.20267,26.109,27
2026-05-07T23:08:33.251091Z,96954.161159,25.868,21
2026-05-07T23:08:34.252636Z,96956.835224,26.258,23
2026-05-07T23:08:35.253338Z,96959.479871,26.072,23
2026-05-07T23:08:36.254882Z,96962.011176,26.399,24
2026-05-07T23:08:37.256393Z,96964.779296,26.582,23
2026-05-07T23:08:38.257915Z,96967.309258,26.282,24
2026-05-07T23:08:39.259437Z,96969.932847,25.943,23
2026-05-07T23:08:40.260966Z,96972.44047,25.88,23
2026-05-07T23:08:41.262488Z,96975.151645,25.95,23
2026-05-07T23:08:42.264031Z,96977.852688,26.003,27
2026-05-07T23:08:43.265572Z,96982.54158,26.234,23
2026-05-07T23:08:44.267115Z,96985.180062,26.362,24
2026-05-07T23:08:45.268664Z,96988.003846,26.009,23
2026-05-07T23:08:46.270133Z,96990.608026,26.025,22
2026-05-07T23:08:47.271625Z,96993.407213,26.21,23
2026-05-07T23:08:48.273164Z,96995.95341,26.204,24
2026-05-07T23:08:49.274686Z,96998.902316,25.857,21
2026-05-07T23:08:50.275479Z,97001.442593,25.966,21
2026-05-07T23:08:51.276994Z,97004.118245,25.985,21
2026-05-07T23:08:52.278522Z,97006.760817,26.044,21
2026-05-07T23:08:53.280050Z,97009.781256,25.931,22
2026-05-07T23:08:54.281598Z,97012.357177,26.107,22
2026-05-07T23:08:55.283131Z,97015.044182,26.119,21
2026-05-07T23:08:56.284698Z,97017.569871,25.692,22
2026-05-07T23:08:57.286208Z,97020.316934,26.143,22
2026-05-07T23:08:58.287456Z,97022.877292,25.708,23
2026-05-07T23:08:59.288974Z,97025.743129,25.699,22
2026-05-07T23:09:00.290446Z,97044.121378,25.671,21
2026-05-07T23:09:01.291752Z,97078.503553,25.091,18
2026-05-07T23:09:02.293289Z,97083.151551,25.515,23
2026-05-07T23:09:03.294828Z,97086.019708,26.093,25
2026-05-07T23:09:04.296355Z,97088.618945,25.525,25
2026-05-07T23:09:05.297875Z,97091.342998,25.651,24
2026-05-07T23:09:06.299413Z,97093.878209,25.586,24
2026-05-07T23:09:07.300930Z,97096.510282,25.616,24
2026-05-07T23:09:08.302446Z,97099.036215,25.978,23
2026-05-07T23:09:09.303487Z,97101.830031,25.964,23
2026-05-07T23:09:10.305025Z,97104.484993,25.806,21
2026-05-07T23:09:11.306554Z,97107.110963,25.813,23
2026-05-07T23:09:12.307467Z,97109.730463,25.977,22
2026-05-07T23:09:13.308999Z,97112.634264,26.379,23
2026-05-07T23:09:14.310526Z,97115.23759,26.133,21
2026-05-07T23:09:15.312048Z,97117.945041,25.7,21
2026-05-07T23:09:16.313576Z,97120.468595,26.284,21
2026-05-07T23:09:17.315094Z,97123.226827,26.276,22
2026-05-07T23:09:18.316793Z,97125.724502,26.582,22
2026-05-07T23:09:19.318313Z,97128.577766,26.718,22
2026-05-07T23:09:20.319474Z,97131.12378,26.698,22
2026-05-07T23:09:21.321009Z,97133.998162,26.618,21
2026-05-07T23:09:22.322555Z,97136.665819,26.358,21
2026-05-07T23:09:23.323481Z,97139.508402,26.584,24
2026-05-07T23:09:24.325020Z,97142.049045,26.38,23
2026-05-07T23:09:25.326561Z,97145.580713,26.543,23
2026-05-07T23:09:26.328106Z,97148.102313,26.556,23
2026-05-07T23:09:27.329644Z,97150.700634,26.349,23
2026-05-07T23:09:28.331189Z,97153.238103,26.563,23
2026-05-07T23:09:29.332746Z,97155.954099,26.804,24
2026-05-07T23:09:30.334054Z,97158.487113,26.507,28
2026-05-07T23:09:31.335500Z,97161.148056,26.679,24
2026-05-07T23:09:32.337326Z,97163.800942,26.525,24
2026-05-07T23:09:33.338789Z,97166.708711,26.6,24
2026-05-07T23:09:34.339490Z,97169.369287,26.005,23
2026-05-07T23:09:35.340942Z,97172.035845,25.913,24
2026-05-07T23:09:36.342391Z,97174.670543,26.045,23
2026-05-07T23:09:37.343476Z,97177.280644,25.932,27
2026-05-07T23:09:38.345009Z,97179.989011,26.235,23
2026-05-07T23:09:39.346531Z,97182.538138,26.13,22
2026-05-07T23:09:40.348051Z,97185.245406,26.008,22
2026-05-07T23:09:41.349536Z,97187.908913,26.061,25
2026-05-07T23:09:42.351028Z,97190.735505,25.882,22
2026-05-07T23:09:43.352535Z,97193.343286,26.125,23
2026-05-07T23:09:44.354072Z,97196.173296,26.365,23
2026-05-07T23:09:45.355471Z,97198.71345,26.629,21
2026-05-07T23:09:46.357320Z,97201.565799,26.42,22
2026-05-07T23:09:47.358844Z,97204.064328,26.245,21
2026-05-07T23:09:48.360353Z,97206.71935,26.011,26
2026-05-07T23:09:49.361892Z,97209.261153,25.892,23
2026-05-07T23:09:50.363438Z,97211.932655,25.676,23
2026-05-07T23:09:51.364896Z,97214.461884,25.91,23
2026-05-07T23:09:52.366413Z,97217.155115,25.967,24
2026-05-07T23:09:53.367483Z,97219.983782,25.981,25
2026-05-07T23:09:54.369013Z,97222.812205,25.586,23
2026-05-07T23:09:55.370550Z,97225.334171,25.745,24
2026-05-07T23:09:56.372078Z,97227.920529,25.764,24
2026-05-07T23:09:57.373614Z,97230.39501,25.569,24
2026-05-07T23:09:58.375133Z,97232.965377,25.441,25
2026-05-07T23:09:59.376663Z,97235.470864,25.728,25
2026-05-07T23:10:00.378179Z,97238.1102,25.891,24
2026-05-07T23:10:01.379722Z,97240.660059,25.783,26
2026-05-07T23:10:02.381255Z,97254.519704,25.66,23
2026-05-07T23:10:03.382792Z,97259.298561,25.957,23
2026-05-07T23:10:04.383502Z,97262.207612,25.806,23
2026-05-07T23:10:05.385023Z,97264.716577,25.834,24
2026-05-07T23:10:06.386533Z,97267.429278,25.614,22
2026-05-07T23:10:07.387480Z,97269.91444,25.521,22
2026-05-07T23:10:08.389336Z,97272.604252,25.78,22
2026-05-07T23:10:09.390871Z,97275.236387,25.843,23
2026-05-07T23:10:10.392397Z,97277.928274,26.053,23
2026-05-07T23:10:11.393939Z,97280.425155,26.35,23
2026-05-07T23:10:12.395386Z,97283.181496,25.935,25
2026-05-07T23:10:13.396180Z,97285.817475,25.659,25
2026-05-07T23:10:14.397714Z,97288.848901,25.989,24
2026-05-07T23:10:15.399254Z,97291.367693,26.159,27
2026-05-07T23:10:16.400790Z,97293.954234,26.324,26
2026-05-07T23:10:17.402326Z,97296.433354,26.059,27
2026-05-07T23:10:18.403846Z,97299.157956,26.02,25
2026-05-07T23:10:19.405389Z,97301.725089,25.895,28
2026-05-07T23:10:20.406920Z,97306.226542,26.049,30
2026-05-07T23:10:21.408463Z,97309.004611,26.015,27
2026-05-07T23:10:22.409995Z,97311.625637,26.309,28
2026-05-07T23:10:23.411571Z,97314.378621,26.032,31
2026-05-07T23:10:24.413125Z,97317.224133,25.939,29
2026-05-07T23:10:25.414669Z,97320.499638,26.155,29
2026-05-07T23:10:26.415493Z,97323.238034,26.05,27
2026-05-07T23:10:27.417023Z,97325.743032,25.893,28
2026-05-07T23:10:28.418550Z,97328.404036,26.381,27
2026-05-07T23:10:29.419478Z,97330.946632,26.253,29
2026-05-07T23:10:30.421020Z,97333.621613,26.221,28
2026-05-07T23:10:31.422557Z,97336.121119,26.157,30
2026-05-07T23:10:32.424081Z,97338.757648,26.117,29
2026-05-07T23:10:33.425616Z,97341.394543,26.312,30
2026-05-07T23:10:34.427142Z,97344.141057,26.511,29
2026-05-07T23:10:35.428840Z,97346.777097,26.613,29
2026-05-07T23:10:36.430393Z,97349.511343,26.58,30
2026-05-07T23:10:37.431921Z,97352.021713,26.58,29
2026-05-07T23:10:38.433433Z,97354.670449,26.636,27
2026-05-07T23:10:39.434950Z,97357.22928,26.436,28
2026-05-07T23:10:40.436480Z,97359.956629,26.51,27
2026-05-07T23:10:41.437999Z,97362.478473,26.265,26
2026-05-07T23:10:42.439509Z,97365.210033,26.248,26
2026-05-07T23:10:43.441047Z,97367.826848,26.552,26
2026-05-07T23:10:44.442595Z,97370.810117,26.11,27
2026-05-07T23:10:45.444127Z,97373.354239,26.397,25
2026-05-07T23:10:46.445589Z,97376.069259,26.615,26
2026-05-07T23:10:47.447064Z,97378.597267,26.602,24
2026-05-07T23:10:48.448610Z,97381.233003,27.065,26
2026-05-07T23:10:49.450146Z,97383.76095,26.621,26
2026-05-07T23:10:50.451519Z,97386.443622,26.539,27
2026-05-07T23:10:51.453049Z,97389.039074,26.572,27
2026-05-07T23:10:52.454578Z,97391.743657,26.449,27
2026-05-07T23:10:53.456101Z,97394.468198,26.592,29
2026-05-07T23:10:54.457642Z,97397.436086,26.404,27
2026-05-07T23:10:55.459168Z,97400.015608,26.27,28
2026-05-07T23:10:56.460714Z,97402.655494,26.369,28
2026-05-07T23:10:57.462259Z,97405.152253,26.845,27
2026-05-07T23:10:58.463470Z,97407.753321,26.833,27
2026-05-07T23:10:59.465009Z,97410.344012,26.886,28
2026-05-07T23:11:00.466521Z,97412.843517,26.614,27
2026-05-07T23:11:01.467478Z,97415.498296,26.666,28
2026-05-07T23:11:02.469002Z,97419.874139,26.525,27
2026-05-07T23:11:03.470696Z,97422.622606,26.662,30
2026-05-07T23:11:04.472184Z,97425.451762,26.713,27
2026-05-07T23:11:05.473757Z,97428.321444,26.446,26
2026-05-07T23:11:06.475300Z,97430.829678,26.616,26
2026-05-07T23:11:07.476862Z,97433.558186,26.647,26
2026-05-07T23:11:08.478561Z,97436.06764,26.724,25
2026-05-07T23:11:09.479498Z,97438.748725,26.938,25
2026-05-07T23:11:10.481184Z,97441.417419,26.782,25
2026-05-07T23:11:11.482867Z,97444.227043,26.779,26
2026-05-07T23:11:12.484584Z,97446.763353,27.007,25
2026-05-07T23:11:13.486273Z,97449.609659,27.14,25
2026-05-07T23:11:14.487977Z,97452.343599,26.592,24
2026-05-07T23:11:15.489658Z,97455.020656,26.44,25
2026-05-07T23:11:16.491315Z,97457.520039,26.462,26
2026-05-07T23:11:17.492997Z,97460.177381,26.351,26
2026-05-07T23:11:18.494672Z,97462.683234,26.772,25
2026-05-07T23:11:19.495491Z,97465.308532,26.527,26
2026-05-07T23:11:20.497230Z,97467.811822,26.687,27
2026-05-07T23:11:21.498746Z,97470.800767,26.625,26
2026-05-07T23:11:22.499471Z,97473.297647,26.313,27
2026-05-07T23:11:23.501001Z,97476.04996,27.01,26
2026-05-07T23:11:24.502539Z,97478.752101,26.58,26
2026-05-07T23:11:25.503476Z,97482.241777,26.639,26
2026-05-07T23:11:26.505034Z,97484.759654,26.097,26
2026-05-07T23:11:27.506561Z,97487.378239,26.284,26
2026-05-07T23:11:28.507128Z,97489.901182,26.383,26
2026-05-07T23:11:29.508615Z,97492.534842,26.538,27
2026-05-07T23:11:30.510121Z,97495.030258,27.031,26
2026-05-07T23:11:31.511473Z,97497.781349,26.202,23
2026-05-07T23:11:32.513004Z,97500.301546,25.775,23
2026-05-07T23:11:33.514537Z,97503.316552,26.697,22
2026-05-07T23:11:34.515482Z,97506.194353,25.594,22
2026-05-07T23:11:35.517028Z,97508.862498,25.731,23
2026-05-07T23:11:36.518572Z,97511.383915,25.882,21
2026-05-07T23:11:37.520105Z,97514.087094,25.783,21
2026-05-07T23:11:38.521637Z,97516.637685,26.423,25
2026-05-07T23:11:39.523094Z,97519.476301,25.709,25
2026-05-07T23:11:40.524627Z,97521.955787,25.832,22
2026-05-07T23:11:41.526085Z,97524.734222,25.691,21
2026-05-07T23:11:42.527466Z,97527.332421,25.704,22
2026-05-07T23:11:43.528996Z,97530.17476,25.72,22
2026-05-07T23:11:44.530535Z,97532.871653,25.49,22
2026-05-07T23:11:45.531474Z,97535.608218,25.776,23
2026-05-07T23:11:46.533007Z,97538.098507,25.677,24
2026-05-07T23:11:47.534520Z,97540.701039,25.55,23
2026-05-07T23:11:48.535470Z,97545.454323,26.088,26
2026-05-07T23:11:49.537006Z,97548.177766,25.687,23
2026-05-07T23:11:50.538543Z,97550.675745,25.361,23
2026-05-07T23:11:51.539410Z,97553.497332,25.493,23
2026-05-07T23:11:52.540870Z,97556.016796,25.307,23
2026-05-07T23:11:53.542374Z,97559.054508,25.618,24
2026-05-07T23:11:54.543489Z,97561.7337,25.721,23
2026-05-07T23:11:55.545012Z,97564.339223,25.506,23
2026-05-07T23:11:56.546546Z,97566.858443,26.525,25
2026-05-07T23:11:57.547500Z,97569.532692,25.801,22
2026-05-07T23:11:58.549030Z,97572.074738,25.416,22
2026-05-07T23:11:59.550545Z,97574.821435,25.441,22
2026-05-07T23:12:00.551477Z,97577.391924,25.838,22
2026-05-07T23:12:01.552997Z,97580.029064,25.441,22
2026-05-07T23:12:02.554684Z,97585.7785,25.562,22
2026-05-07T23:12:03.555675Z,97588.611866,25.77,21
2026-05-07T23:12:04.557252Z,97591.275495,25.541,21
2026-05-07T23:12:05.558724Z,97593.957495,25.587,23
2026-05-07T23:12:06.559406Z,97596.483367,26.042,21
2026-05-07T23:12:07.560933Z,97599.145348,25.727,22
2026-05-07T23:12:08.562410Z,97601.640275,25.801,22
2026-05-07T23:12:09.563936Z,97604.359995,25.806,22
2026-05-07T23:12:10.565470Z,97606.960818,26.011,22
2026-05-07T23:12:11.567002Z,97609.666561,25.854,22
2026-05-07T23:12:12.568546Z,97612.174245,25.714,23
2026-05-07T23:12:13.570093Z,97614.982343,25.936,23
2026-05-07T23:12:14.571407Z,97617.799536,25.955,23
2026-05-07T23:12:15.572928Z,97620.453277,25.913,23
2026-05-07T23:12:16.574409Z,97622.978661,26.225,23
2026-05-07T23:12:17.575469Z,97625.65706,26.008,23
2026-05-07T23:12:18.577010Z,97628.177439,25.931,23
2026-05-07T23:12:19.578536Z,97630.915957,25.962,23
2026-05-07T23:12:20.579463Z,97633.488277,25.994,22
2026-05-07T23:12:21.580913Z,97636.39275,26.144,24
2026-05-07T23:12:22.582359Z,97639.013288,26.079,22
2026-05-07T23:12:23.583388Z,97641.680517,26.154,22
2026-05-07T23:12:24.584923Z,97644.669035,26.415,22
2026-05-07T23:12:25.586081Z,97648.003804,25.918,23
2026-05-07T23:12:26.587496Z,97650.645704,25.914,22
2026-05-07T23:12:27.589184Z,97653.135078,25.617,22
2026-05-07T23:12:28.590851Z,97655.866577,25.743,21
2026-05-07T23:12:29.592570Z,97658.388177,25.863,21
2026-05-07T23:12:30.594267Z,97661.124803,26.412,25
2026-05-07T23:12:31.595504Z,97663.690348,25.567,23
2026-05-07T23:12:32.597207Z,97666.339206,25.686,23
2026-05-07T23:12:33.598901Z,97669.063504,25.499,22
2026-05-07T23:12:34.600672Z,97672.176167,25.604,22
2026-05-07T23:12:35.601499Z,97674.709974,25.393,22
2026-05-07T23:12:36.603177Z,97677.379767,25.244,22
2026-05-07T23:12:37.604952Z,97679.863098,25.484,22
2026-05-07T23:12:38.606411Z,97682.593132,25.424,22
2026-05-07T23:12:39.607463Z,97685.111863,25.62,23
2026-05-07T23:12:40.608982Z,97687.73997,25.73,22
2026-05-07T23:12:41.610509Z,97690.340976,25.725,23
2026-05-07T23:12:42.612039Z,97693.137356,25.601,22
2026-05-07T23:12:43.613627Z,97695.766194,25.723,23
2026-05-07T23:12:44.615191Z,97701.191351,25.61,22
2026-05-07T23:12:45.616762Z,97703.801879,25.288,22
2026-05-07T23:12:46.618302Z,97706.527641,25.445,22
2026-05-07T23:12:47.619867Z,97709.022691,25.338,22
2026-05-07T23:12:48.621528Z,97711.786722,25.233,23
2026-05-07T23:12:49.623229Z,97714.303012,25.717,22
2026-05-07T23:12:50.624951Z,97716.976528,25.389,22
2026-05-07T23:12:51.626641Z,97719.577351,25.318,22
2026-05-07T23:12:52.628350Z,97722.333021,25.719,21
2026-05-07T23:12:53.630031Z,97724.844611,26.046,23
2026-05-07T23:12:54.631715Z,97727.740233,25.771,21
2026-05-07T23:12:55.633433Z,97730.673514,25.83,21
2026-05-07T23:12:56.635131Z,97733.320297,26.227,22
2026-05-07T23:12:57.636985Z,97735.81553,26.032,22
2026-05-07T23:12:58.638516Z,97738.481478,26.192,22
2026-05-07T23:12:59.639480Z,97741.04745,25.946,22
2026-05-07T23:13:00.640987Z,97743.745502,25.795,22
2026-05-07T23:13:01.642508Z,97746.265393,26.044,21
2026-05-07T23:13:02.644017Z,97750.672548,25.912,22
2026-05-07T23:13:03.645560Z,97753.166316,25.892,22
2026-05-07T23:13:04.647079Z,97756.014514,25.793,24
2026-05-07T23:13:05.648619Z,97758.657818,26.045,21
2026-05-07T23:13:06.650144Z,97761.295079,25.923,22
2026-05-07T23:13:07.651718Z,97763.78958,25.812,23
2026-05-07T23:13:08.653232Z,97766.482688,25.553,23
2026-05-07T23:13:09.654764Z,97768.969925,26.376,21
2026-05-07T23:13:10.655479Z,97771.689462,25.873,23
2026-05-07T23:13:11.657011Z,97774.206301,25.645,21
2026-05-07T23:13:12.658540Z,97776.768428,25.734,21
2026-05-07T23:13:13.659457Z,97779.299305,26.331,22
2026-05-07T23:13:14.660981Z,97782.179669,26.005,26
2026-05-07T23:13:15.662515Z,97784.95902,25.792,22
2026-05-07T23:13:16.664055Z,97787.665922,25.786,23
2026-05-07T23:13:17.665594Z,97790.205589,25.539,22
2026-05-07T23:13:18.667127Z,97792.932144,25.503,21
2026-05-07T23:13:19.668619Z,97795.554208,25.992,21
2026-05-07T23:13:20.670141Z,97798.353639,26.026,23
2026-05-07T23:13:21.671472Z,97801.305047,25.463,22
2026-05-07T23:13:22.672996Z,97804.088366,25.751,21
2026-05-07T23:13:23.674542Z,97806.612773,25.58,23
2026-05-07T23:13:24.676060Z,97809.540256,25.767,22
2026-05-07T23:13:25.677539Z,97812.80099,25.669,22
2026-05-07T23:13:26.679002Z,97815.5638,25.36,21
2026-05-07T23:13:27.680627Z,97818.066784,25.748,21
2026-05-07T23:13:28.681173Z,97820.743535,25.934,22
2026-05-07T23:13:29.682637Z,97823.303709,25.58,22
2026-05-07T23:13:30.683468Z,97826.018668,25.369,22
2026-05-07T23:13:31.684992Z,97828.530808,25.327,22
2026-05-07T23:13:32.686434Z,97831.25596,25.604,21
2026-05-07T23:13:33.687472Z,97833.775057,25.585,20
2026-05-07T23:13:34.688541Z,97838.461019,25.382,21
2026-05-07T23:13:35.690008Z,97841.237501,25.216,21
2026-05-07T23:13:36.691547Z,97843.921271,25.562,21
2026-05-07T23:13:37.693089Z,97846.498779,26.123,21
2026-05-07T23:13:38.694611Z,97849.308587,26.159,21
2026-05-07T23:13:39.696142Z,97851.860765,25.754,22
2026-05-07T23:13:40.697678Z,97854.514201,25.971,21
2026-05-07T23:13:41.699198Z,97857.014255,25.832,23
2026-05-07T23:13:42.700855Z,97859.733487,25.769,22
2026-05-07T23:13:43.702368Z,97862.322164,25.9,22
2026-05-07T23:13:44.703390Z,97865.091505,26.445,22
2026-05-07T23:13:45.704657Z,97867.834906,26.332,21
2026-05-07T23:13:46.706128Z,97870.467895,26.084,21
2026-05-07T23:13:47.707461Z,97872.968438,26.078,23
2026-05-07T23:13:48.708971Z,97875.423327,26.158,21
2026-05-07T23:13:49.710484Z,97878.121745,26.0,20
2026-05-07T23:13:50.712021Z,97880.574559,25.67,22
2026-05-07T23:13:51.713545Z,97883.326383,25.74,22
2026-05-07T23:13:52.715015Z,97885.86489,25.813,22
2026-05-07T23:13:53.716553Z,97888.485793,25.803,22
2026-05-07T23:13:54.718083Z,97891.119637,25.952,22
2026-05-07T23:13:55.719468Z,97894.155213,25.955,22
2026-05-07T23:13:56.720990Z,97896.679864,25.796,23
2026-05-07T23:13:57.722511Z,97899.393847,26.046,23
2026-05-07T23:13:58.723399Z,97901.881084,26.398,22
2026-05-07T23:13:59.724822Z,97904.579075,26.0,22
2026-05-07T23:14:00.726276Z,97907.056486,25.988,23
2026-05-07T23:14:01.727810Z,97909.793722,25.955,23
2026-05-07T23:14:02.729279Z,97914.199656,26.06,22
2026-05-07T23:14:03.730337Z,97918.587096,25.832,22
2026-05-07T23:14:04.731473Z,97921.25048,26.251,23
2026-05-07T23:14:05.733015Z,97924.211166,26.068,22
2026-05-07T23:14:06.734474Z,97926.728127,26.228,22
2026-05-07T23:14:07.735390Z,97929.438692,26.201,22
2026-05-07T23:14:08.736839Z,97931.926783,26.482,22
2026-05-07T23:14:09.738274Z,97934.616413,26.287,22
2026-05-07T23:14:10.739388Z,97937.136365,25.653,21
2026-05-07T23:14:11.740894Z,97939.840704,26.259,21
2026-05-07T23:14:12.742421Z,97942.335082,25.596,21
2026-05-07T23:14:13.743473Z,97945.063041,25.89,21
2026-05-07T23:14:14.745001Z,97947.757553,26.191,21
2026-05-07T23:14:15.746540Z,97950.59977,26.089,22
2026-05-07T23:14:16.747391Z,97953.151888,26.162,21
2026-05-07T23:14:17.748884Z,97955.812403,26.493,22
2026-05-07T23:14:18.750340Z,97958.337238,26.059,22
2026-05-07T23:14:19.751831Z,97961.092541,25.917,23
2026-05-07T23:14:20.753283Z,97963.585516,25.881,23
2026-05-07T23:14:21.754715Z,97966.583311,25.998,24
2026-05-07T23:14:22.755387Z,97969.074149,25.995,23
2026-05-07T23:14:23.756831Z,97971.807297,25.943,23
2026-05-07T23:14:24.758317Z,97974.556923,26.636,23
2026-05-07T23:14:25.759839Z,97978.095733,26.402,24
2026-05-07T23:14:26.761371Z,97980.604637,26.117,23
2026-05-07T23:14:27.762818Z,97983.192338,26.215,23
2026-05-07T23:14:28.763403Z,97985.684947,26.263,23
2026-05-07T23:14:29.764905Z,97988.451968,26.156,22
2026-05-07T23:14:30.766436Z,97990.958554,26.333,23
2026-05-07T23:14:31.767388Z,97993.626149,26.045,22
2026-05-07T23:14:32.768602Z,97996.082259,26.407,22
2026-05-07T23:14:33.770127Z,97998.641578,26.316,22
2026-05-07T23:14:34.771492Z,98001.435394,26.429,21
2026-05-07T23:14:35.773042Z,98004.275109,26.36,21
2026-05-07T23:14:36.774582Z,98006.812517,26.31,21
2026-05-07T23:14:37.775477Z,98009.47584,26.498,21
2026-05-07T23:14:38.777008Z,98011.932377,25.769,22
2026-05-07T23:14:39.778464Z,98014.608334,25.928,22
2026-05-07T23:14:40.779460Z,98017.051688,26.01,22
2026-05-07T23:14:41.780909Z,98019.72911,25.894,21
2026-05-07T23:14:42.782358Z,98022.148965,25.917,21
2026-05-07T23:14:43.783398Z,98024.845125,25.865,21
2026-05-07T23:14:44.784967Z,98027.570581,25.846,22
2026-05-07T23:14:45.786511Z,98030.411639,25.899,23
2026-05-07T23:14:46.787399Z,98032.956981,26.126,23
2026-05-07T23:14:47.788851Z,98035.644902,26.465,24
2026-05-07T23:14:48.790291Z,98038.133421,26.124,24
2026-05-07T23:14:49.791470Z,98040.762808,26.34,23
2026-05-07T23:14:50.793008Z,98043.217453,26.431,23
2026-05-07T23:14:51.794530Z,98045.953713,26.345,23
2026-05-07T23:14:52.795474Z,98048.437838,26.109,23
2026-05-07T23:14:53.796932Z,98051.114833,26.204,23
2026-05-07T23:14:54.798478Z,98055.008011,25.924,23
2026-05-07T23:14:55.799405Z,98057.703073,25.961,24
2026-05-07T23:14:56.800805Z,98060.237246,25.943,22
2026-05-07T23:14:57.802197Z,98062.957271,25.874,23
2026-05-07T23:14:58.803389Z,98065.418629,26.111,21
2026-05-07T23:14:59.803876Z,98068.02873,26.366,21
2026-05-07T23:15:00.805376Z,98070.582923,26.622,21
2026-05-07T23:15:01.806898Z,98073.301299,26.412,21
2026-05-07T23:15:02.807478Z,98077.719379,26.177,21
2026-05-07T23:15:03.809177Z,98080.427075,26.134,22
2026-05-07T23:15:04.810366Z,98083.303166,26.156,22
2026-05-07T23:15:05.811485Z,98086.206784,26.361,21
2026-05-07T23:15:06.812948Z,98088.745169,25.891,21
2026-05-07T23:15:07.814346Z,98091.476973,25.851,21
2026-05-07T23:15:08.815385Z,98093.936806,25.704,22
2026-05-07T23:15:09.816752Z,98096.623872,25.831,22
2026-05-07T23:15:10.818211Z,98099.355066,25.835,24
2026-05-07T23:15:11.819394Z,98101.988604,25.98,23
2026-05-07T23:15:12.820811Z,98104.533092,26.021,24
2026-05-07T23:15:13.822207Z,98107.153996,26.058,24
2026-05-07T23:15:14.823391Z,98109.869626,25.756,23
2026-05-07T23:15:15.824792Z,98112.76592,25.65,23
2026-05-07T23:15:16.825277Z,98115.390425,26.091,23
2026-05-07T23:15:17.826799Z,98117.913856,26.321,23
2026-05-07T23:15:18.827474Z,98120.65799,26.238,23
2026-05-07T23:15:19.829006Z,98123.132593,26.28,23
2026-05-07T23:15:20.830327Z,98125.759478,25.928,23
2026-05-07T23:15:21.831781Z,98128.612132,26.08,24
2026-05-07T23:15:22.833311Z,98131.266788,26.199,23
2026-05-07T23:15:23.834782Z,98133.759213,26.604,21
2026-05-07T23:15:24.835391Z,98136.460928,26.914,21
2026-05-07T23:15:25.836721Z,98139.720929,26.531,22
2026-05-07T23:15:26.838265Z,98142.363256,26.402,23
2026-05-07T23:15:27.839489Z,98144.860564,26.414,22
2026-05-07T23:15:28.841022Z,98147.485253,26.239,22
2026-05-07T23:15:29.842555Z,98149.99196,26.346,22
2026-05-07T23:15:30.843465Z,98152.864938,26.086,21
2026-05-07T23:15:31.845006Z,98155.334109,26.082,21
2026-05-07T23:15:32.846526Z,98158.064144,26.196,24
2026-05-07T23:15:33.847459Z,98160.55248,26.098,23
2026-05-07T23:15:34.848906Z,98163.347089,26.658,23
2026-05-07T23:15:35.850152Z,98166.127417,26.447,25
2026-05-07T23:15:36.851485Z,98168.767913,26.425,23
2026-05-07T23:15:37.853016Z,98171.254052,26.214,24
2026-05-07T23:15:38.854527Z,98173.836076,26.563,24
2026-05-07T23:15:39.855463Z,98176.360118,25.968,25
2026-05-07T23:15:40.856994Z,98179.004947,25.915,25
2026-05-07T23:15:41.858533Z,98181.476132,25.69,24
2026-05-07T23:15:42.859805Z,98184.172231,26.147,24
2026-05-07T23:15:43.861231Z,98186.674483,26.171,24
2026-05-07T23:15:44.862425Z,98189.439796,25.958,23
2026-05-07T23:15:45.863490Z,98191.980073,26.582,25
2026-05-07T23:15:46.865028Z,98194.828332,26.555,23
2026-05-07T23:15:47.866496Z,98197.345904,26.451,23
2026-05-07T23:15:48.867471Z,98199.935924,26.273,22
2026-05-07T23:15:49.869003Z,98202.494389,26.377,23
2026-05-07T23:15:50.870532Z,98205.132078,26.746,22
2026-05-07T23:15:51.872064Z,98207.753775,26.266,21
2026-05-07T23:15:52.873600Z,98210.418502,26.271,22
2026-05-07T23:15:53.875132Z,98212.889199,26.345,21
2026-05-07T23:15:54.876787Z,98215.601594,26.165,21
2026-05-07T23:15:55.877563Z,98218.189356,26.533,27
2026-05-07T23:15:56.878441Z,98221.069354,25.982,22
2026-05-07T23:15:57.879487Z,98223.623485,25.605,23
2026-05-07T23:15:58.881019Z,98226.28632,26.291,22
2026-05-07T23:15:59.882546Z,98228.810179,26.183,22
2026-05-07T23:16:00.883409Z,98231.453055,26.596,24
2026-05-07T23:16:01.884927Z,98233.919479,26.238,23
2026-05-07T23:16:02.886438Z,98238.364964,26.319,24
2026-05-07T23:16:03.887467Z,98242.805687,26.455,26
2026-05-07T23:16:04.889006Z,98245.625016,26.322,25
2026-05-07T23:16:05.890537Z,98248.254221,26.127,24
2026-05-07T23:16:06.891469Z,98251.229982,25.951,25
2026-05-07T23:16:07.892996Z,98253.716914,25.636,23
2026-05-07T23:16:08.894514Z,98256.36034,25.768,23
2026-05-07T23:16:09.896066Z,98258.983929,25.649,24
2026-05-07T23:16:10.897600Z,98261.622412,25.775,24
2026-05-07T23:16:11.899147Z,98264.106963,26.415,24
2026-05-07T23:16:12.900686Z,98266.708946,26.516,23
2026-05-07T23:16:13.902212Z,98269.199113,26.836,23
2026-05-07T23:16:14.903721Z,98271.849741,26.6,21
2026-05-07T23:16:15.905251Z,98274.407169,26.696,25
2026-05-07T23:16:16.906775Z,98277.248775,26.315,23
2026-05-07T23:16:17.908344Z,98279.754201,26.569,22
2026-05-07T23:16:18.909808Z,98282.361799,26.555,21
2026-05-07T23:16:19.911315Z,98284.874854,25.246,21
2026-05-07T23:16:20.912880Z,98287.551911,25.366,21
2026-05-07T23:16:21.914341Z,98290.377831,26.164,23
2026-05-07T23:16:22.915482Z,98292.957109,26.319,22
2026-05-07T23:16:23.917016Z,98295.446971,26.286,22
2026-05-07T23:16:24.918539Z,98298.097965,26.745,21
2026-05-07T23:16:25.920060Z,98301.539668,26.967,23
2026-05-07T23:16:26.921588Z,98304.416186,26.381,26
2026-05-07T23:16:27.923109Z,98306.971844,27.272,23
2026-05-07T23:16:28.924657Z,98309.676549,27.348,25
2026-05-07T23:16:29.926185Z,98312.188505,26.912,25
2026-05-07T23:16:30.927505Z,98314.7629,27.202,24
2026-05-07T23:16:31.929031Z,98317.244523,26.498,24
2026-05-07T23:16:32.930536Z,98319.872445,26.147,25
2026-05-07T23:16:33.931456Z,98322.350344,25.709,24
2026-05-07T23:16:34.932971Z,98325.013912,26.629,25
2026-05-07T23:16:35.934497Z,98327.682484,25.905,26
2026-05-07T23:16:36.936000Z,98330.411603,26.884,24
2026-05-07T23:16:37.937528Z,98332.912329,25.384,24
2026-05-07T23:16:38.939047Z,98335.506133,25.844,25
2026-05-07T23:16:39.940535Z,98338.034386,25.434,24
2026-05-07T23:16:40.941957Z,98340.586931,26.22,22
2026-05-07T23:16:41.943176Z,98343.092784,25.957,23
2026-05-07T23:16:42.944834Z,98345.546025,25.702,22
2026-05-07T23:16:43.946350Z,98348.14166,27.325,24
2026-05-07T23:16:44.947468Z,98350.619742,25.543,22
2026-05-07T23:16:45.948985Z,98353.587142,25.521,23
2026-05-07T23:16:46.950544Z,98356.179298,25.359,23
2026-05-07T23:16:47.952093Z,98358.832856,25.704,22
2026-05-07T23:16:48.953634Z,98361.351648,25.98,26
2026-05-07T23:16:49.954394Z,98364.078143,25.786,25
2026-05-07T23:16:50.955463Z,98366.53767,25.666,25
2026-05-07T23:16:51.956991Z,98369.224675,25.946,24
2026-05-07T23:16:52.958534Z,98371.702513,25.559,25
2026-05-07T23:16:53.959492Z,98374.327384,25.434,23
2026-05-07T23:16:54.961039Z,98376.826645,25.682,27
2026-05-07T23:16:55.962609Z,98379.709939,25.979,25
2026-05-07T23:16:56.963472Z,98382.424776,25.763,26
2026-05-07T23:16:57.965011Z,98385.015894,25.985,28
2026-05-07T23:16:58.966474Z,98387.476704,26.414,28
2026-05-07T23:16:59.967980Z,98390.065503,25.948,25
2026-05-07T23:17:00.969511Z,98392.543524,26.236,27
2026-05-07T23:17:01.970976Z,98395.283263,26.202,27
2026-05-07T23:17:02.972444Z,98399.772876,25.871,23
2026-05-07T23:17:03.973971Z,98402.427593,26.093,24
2026-05-07T23:17:04.975390Z,98404.941869,26.353,25
2026-05-07T23:17:05.976819Z,98407.90463,26.511,29
2026-05-07T23:17:06.978323Z,98410.486166,26.157,27
2026-05-07T23:17:07.979408Z,98413.094131,26.545,27
2026-05-07T23:17:08.980926Z,98415.594735,26.279,28
2026-05-07T23:17:09.982465Z,98418.338868,26.326,28
2026-05-07T23:17:10.983477Z,98420.847651,26.438,28
2026-05-07T23:17:11.984999Z,98423.584704,26.297,27
2026-05-07T23:17:12.986532Z,98426.083599,26.126,29
2026-05-07T23:17:13.988072Z,98428.740636,26.135,27
2026-05-07T23:17:14.989606Z,98431.254607,26.326,27
2026-05-07T23:17:15.991088Z,98436.662369,26.701,26
2026-05-07T23:17:16.992639Z,98439.294686,27.542,26
2026-05-07T23:17:17.994172Z,98442.031862,26.123,26
2026-05-07T23:17:18.995645Z,98444.513545,26.281,25
2026-05-07T23:17:19.997170Z,98447.200245,26.275,26
2026-05-07T23:17:20.998696Z,98449.694623,26.392,26
2026-05-07T23:17:21.999494Z,98452.523412,26.64,24
2026-05-07T23:17:23.001035Z,98455.03427,26.208,25
2026-05-07T23:17:24.002563Z,98457.680503,26.632,25
2026-05-07T23:17:25.003487Z,98460.201066,26.621,27
2026-05-07T23:17:26.005026Z,98463.492683,26.418,24
2026-05-07T23:17:27.006680Z,98466.083619,26.547,26
2026-05-07T23:17:28.007502Z,98468.76806,26.681,27
2026-05-07T23:17:29.009194Z,98471.265307,26.678,28
2026-05-07T23:17:30.010888Z,98473.93565,26.739,30
2026-05-07T23:17:31.012639Z,98476.441136,26.522,27
2026-05-07T23:17:32.014199Z,98479.137724,26.637,26
2026-05-07T23:17:33.015465Z,98481.648093,26.35,28
2026-05-07T23:17:34.016971Z,98484.297501,26.657,29
2026-05-07T23:17:35.018441Z,98486.825998,26.62,28
2026-05-07T23:17:36.019394Z,98489.497866,26.633,28
2026-05-07T23:17:37.020919Z,98492.225398,26.774,28
2026-05-07T23:17:38.022372Z,98494.878894,26.48,25
2026-05-07T23:17:39.023395Z,98497.326825,26.479,26
2026-05-07T23:17:40.024857Z,98499.923803,26.483,25
2026-05-07T23:17:41.026384Z,98502.380828,26.298,25
2026-05-07T23:17:42.027909Z,98505.044335,26.404,24
2026-05-07T23:17:43.029455Z,98507.525896,26.005,26
2026-05-07T23:17:44.030911Z,98510.23176,26.185,27
2026-05-07T23:17:45.032346Z,98512.765506,26.3,24
2026-05-07T23:17:46.033807Z,98515.45953,26.366,26
2026-05-07T23:17:47.035283Z,98518.060842,26.517,26
2026-05-07T23:17:48.036025Z,98520.750593,26.529,25
2026-05-07T23:17:49.037677Z,98523.244667,26.023,22
2026-05-07T23:17:50.039207Z,98525.944,26.267,25
2026-05-07T23:17:51.040660Z,98528.425867,26.316,24
2026-05-07T23:17:52.042107Z,98531.035418,26.108,23
2026-05-07T23:17:53.043389Z,98533.529858,26.018,23
2026-05-07T23:17:54.044885Z,98536.2002,26.262,24
2026-05-07T23:17:55.046430Z,98538.724058,26.163,23
2026-05-07T23:17:56.047960Z,98541.430045,25.874,28
2026-05-07T23:17:57.049422Z,98544.084579,26.124,25
2026-05-07T23:17:58.050878Z,98546.765602,25.888,25
2026-05-07T23:17:59.051481Z,98549.246858,26.035,24
2026-05-07T23:18:00.052944Z,98551.920863,26.191,25
2026-05-07T23:18:01.054477Z,98554.396015,26.05,26
2026-05-07T23:18:02.055463Z,98556.866651,26.111,25
2026-05-07T23:18:03.056986Z,98561.373536,26.258,25
2026-05-07T23:18:04.058616Z,98565.36376,26.252,25
2026-05-07T23:18:05.059481Z,98567.948349,25.98,25
2026-05-07T23:18:06.061019Z,98570.707741,26.192,23
2026-05-07T23:18:07.062581Z,98573.541596,26.232,26
2026-05-07T23:18:08.063416Z,98603.16414,26.197,24
2026-05-07T23:18:09.064703Z,98620.696321,25.625,18
2026-05-07T23:18:10.066245Z,98623.313136,26.145,22
2026-05-07T23:18:11.067735Z,98626.029926,26.145,22
2026-05-07T23:18:12.069190Z,98628.520703,26.337,23
2026-05-07T23:18:13.070613Z,98631.114874,26.411,21
2026-05-07T23:18:14.072063Z,98633.648681,26.569,22
2026-05-07T23:18:15.073482Z,98636.266045,26.291,22
2026-05-07T23:18:16.074946Z,98638.832139,26.579,23
2026-05-07T23:18:17.076438Z,98641.556864,26.658,24
2026-05-07T23:18:18.077953Z,98644.055331,26.491,22
2026-05-07T23:18:19.079494Z,98646.701443,26.497,24
2026-05-07T23:18:20.081032Z,98649.203267,26.645,23
2026-05-07T23:18:21.082507Z,98651.874525,26.6,24
2026-05-07T23:18:22.083846Z,98654.70246,26.197,24
2026-05-07T23:18:23.085394Z,98657.27832,26.256,23
2026-05-07T23:18:24.086929Z,98659.765313,26.113,24
2026-05-07T23:18:25.088427Z,98662.480882,26.552,23
2026-05-07T23:18:26.089870Z,98665.879494,26.818,27
2026-05-07T23:18:27.091412Z,98668.745759,26.763,24
2026-05-07T23:18:28.092876Z,98671.311243,26.749,24
2026-05-07T23:18:29.094311Z,98674.055133,26.585,24
2026-05-07T23:18:30.095387Z,98676.589123,26.9,23
2026-05-07T23:18:31.096840Z,98679.212468,26.382,22
2026-05-07T23:18:32.098284Z,98681.68524,26.548,22
2026-05-07T23:18:33.099516Z,98684.353324,26.181,22
2026-05-07T23:18:34.100989Z,98686.829575,26.106,20
2026-05-07T23:18:35.102487Z,98689.481973,26.485,22
2026-05-07T23:18:36.103408Z,98692.221651,26.523,21
2026-05-07T23:18:37.104848Z,98695.015284,26.499,21
2026-05-07T23:18:38.106264Z,98697.512897,26.437,21
2026-05-07T23:18:39.107394Z,98700.131787,26.569,21
2026-05-07T23:18:40.108838Z,98702.620123,26.495,21
2026-05-07T23:18:41.110306Z,98705.229247,26.388,22
2026-05-07T23:18:42.111384Z,98707.766045,26.699,22
2026-05-07T23:18:43.112837Z,98710.475816,26.559,21
2026-05-07T23:18:44.114306Z,98712.944742,26.342,22
2026-05-07T23:18:45.115687Z,98715.710543,26.443,22
2026-05-07T23:18:46.117141Z,98718.361843,26.483,22
2026-05-07T23:18:47.118476Z,98721.226154,26.095,23
2026-05-07T23:18:48.119471Z,98723.801526,26.181,22
2026-05-07T23:18:49.121010Z,98726.454168,26.138,22
2026-05-07T23:18:50.122546Z,98728.950195,26.292,22
2026-05-07T23:18:51.123456Z,98731.812919,26.319,23
2026-05-07T23:18:52.124912Z,98735.040938,26.191,23
2026-05-07T23:18:53.126463Z,98737.843971,26.67,22
2026-05-07T23:18:54.127459Z,98740.308442,26.501,22
2026-05-07T23:18:55.128989Z,98742.941675,26.727,24
2026-05-07T23:18:56.130529Z,98745.454608,26.645,22
2026-05-07T23:18:57.132061Z,98748.159008,26.362,22
2026-05-07T23:18:58.133600Z,98750.825017,26.278,23
2026-05-07T23:18:59.135159Z,98753.509824,26.675,23
2026-05-07T23:19:00.136860Z,98756.045828,26.646,23
2026-05-07T23:19:01.138542Z,98758.770614,26.802,21
2026-05-07T23:19:02.140238Z,98761.243874,26.531,22
2026-05-07T23:19:03.141918Z,98765.655606,26.833,22
2026-05-07T23:19:04.143504Z,98768.163534,26.59,22
2026-05-07T23:19:05.145185Z,98770.773208,26.908,22
2026-05-07T23:19:06.146880Z,98773.221627,27.164,22
2026-05-07T23:19:07.148598Z,98776.007081,26.869,22
2026-05-07T23:19:08.150309Z,98778.758844,26.295,22
2026-05-07T23:19:09.151507Z,98781.388476,26.885,22
2026-05-07T23:19:10.153218Z,98784.018169,26.906,22
2026-05-07T23:19:11.154886Z,98786.662999,26.292,22
2026-05-07T23:19:12.156710Z,98789.119718,26.381,23
2026-05-07T23:19:13.158242Z,98791.931906,26.421,23
2026-05-07T23:19:14.159474Z,98794.421707,26.524,23
2026-05-07T23:19:15.160996Z,98797.093636,26.297,22
2026-05-07T23:19:16.162584Z,98799.571352,25.923,23
2026-05-07T23:19:17.164226Z,98802.491999,26.281,22
2026-05-07T23:19:18.165923Z,98805.30266,26.254,22
2026-05-07T23:19:19.167501Z,98807.894023,26.574,22
2026-05-07T23:19:20.169180Z,98810.408177,26.401,23
2026-05-07T23:19:21.170871Z,98813.043546,26.137,23
2026-05-07T23:19:22.172578Z,98815.805197,26.441,23
2026-05-07T23:19:23.174234Z,98818.472854,26.51,24
2026-05-07T23:19:24.175459Z,98820.953133,26.082,22
2026-05-07T23:19:25.176894Z,98823.611818,26.45,22
2026-05-07T23:19:26.178256Z,98826.903252,26.45,21
2026-05-07T23:19:27.179431Z,98831.880412,26.58,21
2026-05-07T23:19:28.180773Z,98834.777438,26.81,22
2026-05-07T23:19:29.182467Z,98837.261868,27.13,22
2026-05-07T23:19:30.183494Z,98839.921346,27.001,23
2026-05-07T23:19:31.185116Z,98849.466244,27.122,21
2026-05-07T23:19:32.186443Z,98856.626931,27.311,22
2026-05-07T23:19:33.188125Z,98859.103426,27.269,22
2026-05-07T23:19:34.189800Z,98861.830287,27.054,22
2026-05-07T23:19:35.191489Z,98864.353718,27.185,22
2026-05-07T23:19:36.193176Z,98867.01521,27.223,21
2026-05-07T23:19:37.194834Z,98869.771734,27.056,22
2026-05-07T23:19:38.196574Z,98872.676023,27.268,22
2026-05-07T23:19:39.198259Z,98875.189261,27.47,21
2026-05-07T23:19:40.199942Z,98877.856063,26.733,22
2026-05-07T23:19:41.201639Z,98880.326455,26.745,22
2026-05-07T23:19:42.203324Z,98883.044283,27.089,22
2026-05-07T23:19:43.205030Z,98885.557155,27.062,21
2026-05-07T23:19:44.206724Z,98888.219806,27.138,22
2026-05-07T23:19:45.208409Z,98890.776563,27.131,22
2026-05-07T23:19:46.210090Z,98893.460455,27.374,22
2026-05-07T23:19:47.211776Z,98896.172484,27.261,22
2026-05-07T23:19:48.213467Z,98899.134085,26.923,22
2026-05-07T23:19:49.215155Z,98901.631454,27.07,22
2026-05-07T23:19:50.216890Z,98904.276467,27.18,22
2026-05-07T23:19:51.218370Z,98906.783297,27.03,21
2026-05-07T23:19:52.219389Z,98909.4042,27.11,21
2026-05-07T23:19:53.220817Z,98911.862263,27.154,21
2026-05-07T23:19:54.222270Z,98914.593274,26.981,22
2026-05-07T23:19:55.223478Z,98917.122687,27.357,22
2026-05-07T23:19:56.224928Z,98919.732299,27.456,22
2026-05-07T23:19:57.226378Z,98922.302666,27.472,22
2026-05-07T23:19:58.227486Z,98925.114548,27.495,22
2026-05-07T23:19:59.229016Z,98927.610453,27.248,21
2026-05-07T23:20:00.230465Z,98930.365878,27.437,20
2026-05-07T23:20:01.231478Z,98932.826382,28.425,19
2026-05-07T23:20:02.232923Z,98935.509602,28.625,19
2026-05-07T23:20:03.234348Z,98940.06617,28.429,19
2026-05-07T23:20:04.235390Z,98944.520749,28.454,19
2026-05-07T23:20:05.236853Z,98947.063406,28.341,19
2026-05-07T23:20:06.238369Z,98949.886458,28.449,20
2026-05-07T23:20:07.239389Z,98952.498939,28.616,19
2026-05-07T23:20:08.240841Z,98955.382232,29.422,19
2026-05-07T23:20:09.242303Z,98957.875451,28.919,18
2026-05-07T23:20:10.243389Z,98960.548845,28.559,18
2026-05-07T23:20:11.244912Z,98963.010203,28.271,19
2026-05-07T23:20:12.246440Z,98965.584721,28.007,19
2026-05-07T23:20:13.247969Z,98968.044736,28.364,19
2026-05-07T23:20:14.249431Z,98970.81072,28.507,20
2026-05-07T23:20:15.250881Z,98973.322372,28.285,19
2026-05-07T23:20:16.252396Z,98975.992653,28.502,19
2026-05-07T23:20:17.253947Z,98978.56595,28.371,19
2026-05-07T23:20:18.255501Z,98981.509546,28.6,19
2026-05-07T23:20:19.257031Z,98983.999285,28.332,19
2026-05-07T23:20:20.258503Z,98986.677806,28.087,19
2026-05-07T23:20:21.259477Z,98989.159123,28.66,20
2026-05-07T23:20:22.260984Z,98992.075986,29.178,20
2026-05-07T23:20:23.262506Z,98994.535635,28.512,20
2026-05-07T23:20:24.263476Z,98997.303328,28.268,20
2026-05-07T23:20:25.265007Z,98999.844216,28.032,20
2026-05-07T23:20:26.266530Z,99002.954315,27.933,19
2026-05-07T23:20:27.267488Z,99005.549706,27.748,19
2026-05-07T23:20:28.269020Z,99008.247697,27.449,19
2026-05-07T23:20:29.270561Z,99010.799327,28.295,19
2026-05-07T23:20:30.271463Z,99013.487064,27.733,19
2026-05-07T23:20:31.272995Z,99015.96777,28.085,19
2026-05-07T23:20:32.274459Z,99018.613455,28.551,19
2026-05-07T23:20:33.275485Z,99021.082137,28.178,22
2026-05-07T23:20:34.276991Z,99023.739784,27.602,23
2026-05-07T23:20:35.278510Z,99026.273164,27.523,23
2026-05-07T23:20:36.280036Z,99028.985926,27.668,23
2026-05-07T23:20:37.281576Z,99031.600543,27.581,23
2026-05-07T23:20:38.283118Z,99034.41035,27.805,23
2026-05-07T23:20:39.284657Z,99036.879277,26.663,21
2026-05-07T23:20:40.286187Z,99039.599546,27.433,22
2026-05-07T23:20:41.287732Z,99042.085196,27.381,22
2026-05-07T23:20:42.289248Z,99044.70317,27.54,22
2026-05-07T23:20:43.290716Z,99047.156961,27.732,22
2026-05-07T23:20:44.291481Z,99049.803377,27.508,21
2026-05-07T23:20:45.293009Z,99052.306972,26.891,22
2026-05-07T23:20:46.294527Z,99055.01363,27.591,21
2026-05-07T23:20:47.295476Z,99057.640149,27.695,25
2026-05-07T23:20:48.297006Z,99060.445501,27.45,21
2026-05-07T23:20:49.298496Z,99062.985106,26.806,22
2026-05-07T23:20:50.300016Z,99065.744071,27.204,21
2026-05-07T23:20:51.301504Z,99068.27977,26.949,22
2026-05-07T23:20:52.303034Z,99070.908731,27.088,22
2026-05-07T23:20:53.304572Z,99073.404391,26.974,22
2026-05-07T23:20:54.306027Z,99076.102382,27.34,22
2026-05-07T23:20:55.307480Z,99078.669636,27.365,23
2026-05-07T23:20:56.308344Z,99081.216749,26.897,23
2026-05-07T23:20:57.309671Z,99084.067816,27.395,25
2026-05-07T23:20:58.311377Z,99086.687438,27.852,23
2026-05-07T23:20:59.313078Z,99089.368767,27.731,23
2026-05-07T23:21:00.314612Z,99091.886155,27.483,23
2026-05-07T23:21:01.316154Z,99094.589578,26.93,23
2026-05-07T23:21:02.317716Z,99097.05405,26.862,23
2026-05-07T23:21:03.319227Z,99101.900717,26.997,23
2026-05-07T23:21:04.320788Z,99104.345779,27.348,23
2026-05-07T23:21:05.321534Z,99107.033089,27.377,23
2026-05-07T23:21:06.323067Z,99109.465456,27.496,22
2026-05-07T23:21:07.324738Z,99112.182002,27.525,23
2026-05-07T23:21:08.326271Z,99114.914722,27.679,21
2026-05-07T23:21:09.327475Z,99117.502117,27.451,22
2026-05-07T23:21:10.329010Z,99120.106237,27.355,21
2026-05-07T23:21:11.330552Z,99122.804655,27.289,21
2026-05-07T23:21:12.332087Z,99125.263145,27.964,21
2026-05-07T23:21:13.333605Z,99127.798844,27.368,21
2026-05-07T23:21:14.335133Z,99130.263559,27.351,21
2026-05-07T23:21:15.336665Z,99132.874942,28.008,22
2026-05-07T23:21:16.338137Z,99135.338803,27.427,22
2026-05-07T23:21:17.339480Z,99138.111928,27.066,22
2026-05-07T23:21:18.341004Z,99140.836225,27.077,22
2026-05-07T23:21:19.342523Z,99143.505103,27.357,22
2026-05-07T23:21:20.343471Z,99146.124969,26.468,22
2026-05-07T23:21:21.345000Z,99148.77755,27.627,23
2026-05-07T23:21:22.346527Z,99151.48079,27.432,23
2026-05-07T23:21:23.347485Z,99154.111277,27.152,23
2026-05-07T23:21:24.349009Z,99156.599613,27.027,24
2026-05-07T23:21:25.350512Z,99159.291439,26.533,23
2026-05-07T23:21:26.352042Z,99162.472095,26.233,23
2026-05-07T23:21:27.353156Z,99165.461223,26.985,23
2026-05-07T23:21:28.354711Z,99168.245213,26.897,23
2026-05-07T23:21:29.355486Z,99170.864713,26.228,23
2026-05-07T23:21:30.357014Z,99173.420065,26.851,24
2026-05-07T23:21:31.358541Z,99176.102492,26.577,22
2026-05-07T23:21:32.359471Z,99178.576363,26.163,22
2026-05-07T23:21:33.360985Z,99181.291627,26.463,22
2026-05-07T23:21:34.362507Z,99183.739069,27.182,21
2026-05-07T23:21:35.363476Z,99186.315662,26.612,21
2026-05-07T23:21:36.365000Z,99188.746198,26.568,21
2026-05-07T23:21:37.366501Z,99191.640111,27.164,21
2026-05-07T23:21:38.367443Z,99194.28665,27.846,21
2026-05-07T23:21:39.368779Z,99196.883994,26.666,21
2026-05-07T23:21:40.370246Z,99199.387894,26.219,22
2026-05-07T23:21:41.371467Z,99202.008249,26.031,22
2026-05-07T23:21:42.372988Z,99204.4527,26.157,22
2026-05-07T23:21:43.374519Z,99207.060177,26.285,22
2026-05-07T23:21:44.375991Z,99209.521535,27.161,22
2026-05-07T23:21:45.377501Z,99212.187605,26.978,23
2026-05-07T23:21:46.379037Z,99214.608924,26.616,23
2026-05-07T23:21:47.380681Z,99217.158051,26.575,23
2026-05-07T23:21:48.382073Z,99221.915485,27.329,23
2026-05-07T23:21:49.383494Z,99224.734082,26.97,23
2026-05-07T23:21:50.385045Z,99227.247808,26.365,23
2026-05-07T23:21:51.386583Z,99229.948851,26.532,24
2026-05-07T23:21:52.387493Z,99232.439201,25.909,23
2026-05-07T23:21:53.389007Z,99235.082932,26.523,23
2026-05-07T23:21:54.390543Z,99237.581461,25.883,23
2026-05-07T23:21:55.391392Z,99240.200473,26.428,23
2026-05-07T23:21:56.392911Z,99242.697842,26.671,22
2026-05-07T23:21:57.394444Z,99245.301229,26.421,23
2026-05-07T23:21:58.395491Z,99247.916029,26.36,22
2026-05-07T23:21:59.397040Z,99250.781439,26.097,21
2026-05-07T23:22:00.398577Z,99253.33789,26.92,21
2026-05-07T23:22:01.399475Z,99255.985589,26.831,21
2026-05-07T23:22:02.401006Z,99258.469286,26.996,22
2026-05-07T23:22:03.402456Z,99263.318944,26.447,22
2026-05-07T23:22:04.403494Z,99267.547998,25.525,22
2026-05-07T23:22:05.404965Z,99270.157732,25.687,22
2026-05-07T23:22:06.406472Z,99272.61018,27.332,24
2026-05-07T23:22:07.407997Z,99275.290593,27.753,24
2026-05-07T23:22:08.409528Z,99277.96948,26.129,24
2026-05-07T23:22:09.411096Z,99280.782217,25.714,22
2026-05-07T23:22:10.412657Z,99283.466964,25.846,23
2026-05-07T23:22:11.414208Z,99286.100136,26.051,24
2026-05-07T23:22:12.415747Z,99288.580049,25.948,23
2026-05-07T23:22:13.417288Z,99291.082423,26.123,25
2026-05-07T23:22:14.418829Z,99293.560444,25.823,24
2026-05-07T23:22:15.419481Z,99296.14967,25.839,23
2026-05-07T23:22:16.421011Z,99298.607245,27.19,27
2026-05-07T23:22:17.422540Z,99301.245238,26.518,24
2026-05-07T23:22:18.423487Z,99303.827324,25.821,24
2026-05-07T23:22:19.425011Z,99306.516038,27.258,25
2026-05-07T23:22:20.426416Z,99309.121927,27.247,27
2026-05-07T23:22:21.427956Z,99311.585483,26.513,22
2026-05-07T23:22:22.429489Z,99314.580959,25.729,21
2026-05-07T23:22:23.431032Z,99317.056782,25.57,22
2026-05-07T23:22:24.432580Z,99319.697706,25.609,21
2026-05-07T23:22:25.434098Z,99323.122319,25.984,22
2026-05-07T23:22:26.435444Z,99325.766721,26.127,21
2026-05-07T23:22:27.436977Z,99328.236075,25.981,21
2026-05-07T23:22:28.438509Z,99331.056441,25.802,21
2026-05-07T23:22:29.439487Z,99333.801613,25.844,21
2026-05-07T23:22:30.441025Z,99336.450043,25.696,22
2026-05-07T23:22:31.442563Z,99338.908716,25.925,23
2026-05-07T23:22:32.444082Z,99341.575457,26.017,22
2026-05-07T23:22:33.445630Z,99344.018933,25.902,23
2026-05-07T23:22:34.447154Z,99346.649114,25.909,24
2026-05-07T23:22:35.448804Z,99349.315794,25.965,23
2026-05-07T23:22:36.450487Z,99351.957999,25.577,24
2026-05-07T23:22:37.452177Z,99354.420273,25.948,24
2026-05-07T23:22:38.453855Z,99357.071145,26.227,25
2026-05-07T23:22:39.455544Z,99359.743197,26.099,26
2026-05-07T23:22:40.457232Z,99362.453028,25.712,24
2026-05-07T23:22:41.458918Z,99364.886921,25.951,24
2026-05-07T23:22:42.460658Z,99367.487073,25.956,23
2026-05-07T23:22:43.462173Z,99369.923835,25.992,23
2026-05-07T23:22:44.463389Z,99372.545898,26.071,23
2026-05-07T23:22:45.464808Z,99375.046075,26.183,23
2026-05-07T23:22:46.465371Z,99377.795885,25.932,22
2026-05-07T23:22:47.466895Z,99380.229838,25.861,22
2026-05-07T23:22:48.467451Z,99383.038669,26.247,22
2026-05-07T23:22:49.468873Z,99385.726101,25.771,22
2026-05-07T23:22:50.470301Z,99388.381795,26.248,21
2026-05-07T23:22:51.471398Z,99390.829787,26.141,21
2026-05-07T23:22:52.472821Z,99393.378608,26.046,21
2026-05-07T23:22:53.473441Z,99395.805787,26.251,21
2026-05-07T23:22:54.474977Z,99398.406672,26.22,21
2026-05-07T23:22:55.476526Z,99400.916187,25.894,21
2026-05-07T23:22:56.478048Z,99403.563702,25.814,21
2026-05-07T23:22:57.479586Z,99406.02384,26.35,22
2026-05-07T23:22:58.481109Z,99408.773894,26.161,24
2026-05-07T23:22:59.482564Z,99411.388633,26.101,22
2026-05-07T23:23:00.483481Z,99414.051102,26.119,24
2026-05-07T23:23:01.485007Z,99416.513498,26.116,23
2026-05-07T23:23:02.486007Z,99419.092898,26.175,24
2026-05-07T23:23:03.487391Z,99423.611868,26.064,24
2026-05-07T23:23:04.488801Z,99426.219833,25.993,24
2026-05-07T23:23:05.490214Z,99428.680886,25.99,28
2026-05-07T23:23:06.491391Z,99431.339998,26.461,25
2026-05-07T23:23:07.492892Z,99433.783412,26.086,25
2026-05-07T23:23:08.494154Z,99436.539997,26.322,28
2026-05-07T23:23:09.495483Z,99439.320202,25.79,24
2026-05-07T23:23:10.497035Z,99442.045659,26.411,24
2026-05-07T23:23:11.498563Z,99444.512633,26.189,23
2026-05-07T23:23:12.500082Z,99447.120292,25.923,23
2026-05-07T23:23:13.501612Z,99449.561753,25.847,24
2026-05-07T23:23:14.503121Z,99452.204202,25.622,22
2026-05-07T23:23:15.504672Z,99454.67142,25.652,23
2026-05-07T23:23:16.506200Z,99457.343655,25.465,22
2026-05-07T23:23:17.507466Z,99459.846334,25.639,23
2026-05-07T23:23:18.508973Z,99462.615919,25.765,22
2026-05-07T23:23:19.510435Z,99465.250129,25.88,23
2026-05-07T23:23:20.511947Z,99467.911743,25.775,22
2026-05-07T23:23:21.513477Z,99470.354608,26.234,23
2026-05-07T23:23:22.514996Z,99473.174547,25.866,26
2026-05-07T23:23:23.516540Z,99475.622111,25.9,23
2026-05-07T23:23:24.517988Z,99478.215,25.662,22
2026-05-07T23:23:25.519481Z,99481.29153,25.714,24
2026-05-07T23:23:26.521089Z,99483.864644,25.738,26
2026-05-07T23:23:27.522611Z,99486.339918,25.777,25
2026-05-07T23:23:28.524130Z,99489.039863,25.988,26
2026-05-07T23:23:29.525653Z,99491.662109,26.159,30
2026-05-07T23:23:30.527199Z,99494.297845,26.041,26
2026-05-07T23:23:31.528748Z,99496.734911,26.14,28
2026-05-07T23:23:32.530192Z,99499.252361,26.047,27
2026-05-07T23:23:33.531403Z,99501.669164,25.919,25
2026-05-07T23:23:34.532895Z,99504.194304,25.898,25
2026-05-07T23:23:35.534361Z,99506.624473,25.853,25
2026-05-07T23:23:36.535857Z,99509.203507,25.969,25
2026-05-07T23:23:37.537387Z,99511.606211,25.874,24
2026-05-07T23:23:38.538888Z,99514.28522,26.117,24
2026-05-07T23:23:39.540425Z,99517.077205,26.374,26
2026-05-07T23:23:40.541950Z,99519.731617,26.006,26
2026-05-07T23:23:41.543482Z,99522.171736,25.894,26
2026-05-07T23:23:42.544916Z,99524.778052,25.871,24
2026-05-07T23:23:43.546409Z,99527.248871,25.773,23
2026-05-07T23:23:44.547385Z,99529.755518,26.106,23
2026-05-07T23:23:45.548746Z,99532.331683,25.892,25
2026-05-07T23:23:46.550280Z,99534.798351,26.026,25
2026-05-07T23:23:47.551472Z,99537.438054,26.027,26
2026-05-07T23:23:48.552989Z,99540.165891,26.303,26
2026-05-07T23:23:49.554529Z,99543.1881,26.134,26
2026-05-07T23:23:50.555459Z,99545.699324,26.203,27
2026-05-07T23:23:51.556997Z,99548.321815,26.175,27
2026-05-07T23:23:52.558520Z,99550.809602,25.848,28
2026-05-07T23:23:53.559461Z,99553.533533,25.642,27
2026-05-07T23:23:54.560491Z,99556.001666,25.933,26
2026-05-07T23:23:55.561912Z,99558.589611,25.877,26
2026-05-07T23:23:56.563274Z,99561.03803,25.77,24
2026-05-07T23:23:57.564820Z,99566.277702,25.677,24
2026-05-07T23:23:58.566287Z,99568.9525,25.854,24
2026-05-07T23:23:59.567406Z,99571.962502,25.971,26
2026-05-07T23:24:00.568932Z,99574.468111,25.685,27
2026-05-07T23:24:01.570444Z,99577.052516,25.787,27
2026-05-07T23:24:02.571917Z,99580.951676,25.923,25
2026-05-07T23:24:03.573261Z,99584.166328,25.855,26
2026-05-07T23:24:04.574792Z,99588.601925,25.894,23
2026-05-07T23:24:05.576326Z,99591.174611,25.784,28
2026-05-07T23:24:06.577848Z,99593.654097,25.987,28
2026-05-07T23:24:07.579509Z,99596.296424,25.861,29
2026-05-07T23:24:08.581041Z,99598.982696,25.72,28
2026-05-07T23:24:09.582578Z,99601.819542,26.15,28
2026-05-07T23:24:10.583499Z,99604.394731,25.876,29
2026-05-07T23:24:11.585027Z,99607.024973,25.553,27
2026-05-07T23:24:12.586554Z,99609.49506,25.528,26
2026-05-07T23:24:13.587489Z,99612.151486,25.808,25
2026-05-07T23:24:14.589038Z,99614.648,25.514,26
2026-05-07T23:24:15.590499Z,99617.209762,25.312,25
2026-05-07T23:24:16.592006Z,99619.663246,25.469,27
2026-05-07T23:24:17.593542Z,99622.306001,25.266,25
2026-05-07T23:24:18.595081Z,99624.883265,25.072,25
2026-05-07T23:24:19.596567Z,99627.707965,25.177,25
2026-05-07T23:24:20.598070Z,99630.226025,25.266,26
2026-05-07T23:24:21.599598Z,99632.863164,25.416,26
2026-05-07T23:24:22.601129Z,99635.570676,25.899,24
2026-05-07T23:24:23.602220Z,99638.254996,25.502,24
2026-05-07T23:24:24.603461Z,99640.74559,25.49,24
2026-05-07T23:24:25.604984Z,99644.113867,25.384,26
2026-05-07T23:24:26.606512Z,99646.579376,25.272,27
2026-05-07T23:24:27.607760Z,99649.170495,25.216,29
2026-05-07T23:24:28.609173Z,99651.858415,25.318,27
2026-05-07T23:24:29.610648Z,99654.73884,25.769,28
2026-05-07T23:24:30.611458Z,99657.253909,25.408,28
2026-05-07T23:24:31.612970Z,99659.907528,25.352,27
2026-05-07T23:24:32.614493Z,99662.367544,25.753,28
2026-05-07T23:24:33.615482Z,99664.929793,26.061,29
2026-05-07T23:24:34.617010Z,99667.418434,25.979,29
2026-05-07T23:24:35.618528Z,99670.03177,25.991,28
2026-05-07T23:24:36.619469Z,99672.515101,26.09,30
2026-05-07T23:24:37.620984Z,99675.148395,26.538,29
2026-05-07T23:24:38.622509Z,99677.63197,25.965,27
2026-05-07T23:24:39.624035Z,99680.460942,25.996,26
2026-05-07T23:24:40.625515Z,99683.040342,25.985,27
2026-05-07T23:24:41.627016Z,99685.736564,26.057,27
2026-05-07T23:24:42.628498Z,99688.188156,25.892,26
2026-05-07T23:24:43.629981Z,99690.821512,25.812,26
2026-05-07T23:24:44.631483Z,99693.306979,25.679,26
2026-05-07T23:24:45.633010Z,99695.969875,25.755,26
2026-05-07T23:24:46.634532Z,99698.44222,25.893,26
2026-05-07T23:24:47.635492Z,99701.007399,25.806,26
2026-05-07T23:24:48.637009Z,99703.477302,26.042,25
2026-05-07T23:24:49.637652Z,99706.335876,26.167,27
2026-05-07T23:24:50.639188Z,99708.968926,25.9,26
2026-05-07T23:24:51.640863Z,99711.709825,25.608,29
2026-05-07T23:24:52.642341Z,99714.194621,25.725,29
2026-05-07T23:24:53.643406Z,99716.800022,26.012,28
2026-05-07T23:24:54.644940Z,99719.310818,26.203,28
2026-05-07T23:24:55.646478Z,99722.039571,26.462,27
2026-05-07T23:24:56.647475Z,99724.522414,26.456,28
2026-05-07T23:24:57.649315Z,99727.193123,26.677,27
2026-05-07T23:24:58.650770Z,99729.669068,26.31,29
2026-05-07T23:24:59.651394Z,99732.384149,26.726,28
2026-05-07T23:25:00.652916Z,99735.147265,26.308,28
2026-05-07T23:25:01.654398Z,99737.766155,26.358,28
2026-05-07T23:25:02.655454Z,99742.245147,26.095,27
2026-05-07T23:25:03.656576Z,99744.813927,25.98,26
2026-05-07T23:25:04.657674Z,99747.332048,25.865,27
2026-05-07T23:25:05.659156Z,99749.953074,26.115,27
2026-05-07T23:25:06.660753Z,99752.43317,25.567,27
2026-05-07T23:25:07.662203Z,99755.030454,25.275,27
2026-05-07T23:25:08.663478Z,99757.533377,25.592,26
2026-05-07T23:25:09.664998Z,99760.177779,25.92,26
2026-05-07T23:25:10.666257Z,99763.159583,25.889,26
2026-05-07T23:25:11.667466Z,99765.614106,26.085,25
2026-05-07T23:25:12.668917Z,99768.164697,26.173,26
2026-05-07T23:25:13.670466Z,99770.606036,26.021,25
2026-05-07T23:25:14.671987Z,99773.273022,25.764,26
2026-05-07T23:25:15.673452Z,99775.750615,25.927,27
2026-05-07T23:25:16.674949Z,99778.502561,25.851,27
2026-05-07T23:25:17.676443Z,99780.961234,25.916,27
2026-05-07T23:25:18.677940Z,99783.664536,26.154,27
2026-05-07T23:25:19.679480Z,99786.332375,26.077,29
2026-05-07T23:25:20.681014Z,99789.301301,25.831,26
2026-05-07T23:25:21.682533Z,99791.789454,25.967,28
2026-05-07T23:25:22.683475Z,99794.520465,26.313,28
2026-05-07T23:25:23.685013Z,99796.946972,26.813,27
2026-05-07T23:25:24.686527Z,99799.52094,26.912,28
2026-05-07T23:25:25.688065Z,99802.623166,26.746,27
2026-05-07T23:25:26.689538Z,99805.195608,26.575,28
2026-05-07T23:25:27.691046Z,99807.695785,26.686,27
2026-05-07T23:25:28.692525Z,99810.300698,26.413,26
2026-05-07T23:25:29.694034Z,99812.954378,26.389,28
2026-05-07T23:25:30.695389Z,99815.876611,25.897,26
2026-05-07T23:25:31.696842Z,99818.371051,26.141,25
2026-05-07T23:25:32.698353Z,99821.008617,26.045,26
2026-05-07T23:25:33.699466Z,99823.454656,25.997,25
2026-05-07T23:25:34.700104Z,99826.086485,26.366,26
2026-05-07T23:25:35.701637Z,99828.537773,26.809,25
2026-05-07T23:25:36.703427Z,99831.123276,26.97,25
2026-05-07T23:25:37.704696Z,99833.589457,26.65,25
2026-05-07T23:25:38.706222Z,99836.197299,26.464,26
2026-05-07T23:25:39.707463Z,99838.84103,26.406,25
2026-05-07T23:25:40.708936Z,99841.566853,27.036,25
2026-05-07T23:25:41.710770Z,99844.044081,26.874,26
2026-05-07T23:25:42.711470Z,99846.617255,26.642,27
2026-05-07T23:25:43.712996Z,99849.093567,26.372,26
2026-05-07T23:25:44.714510Z,99851.796197,26.416,26
2026-05-07T23:25:45.715469Z,99854.297472,26.447,26
2026-05-07T23:25:46.716996Z,99857.040019,26.303,27
2026-05-07T23:25:47.718492Z,99859.547398,26.558,26
2026-05-07T23:25:48.719390Z,99862.252835,26.636,26
2026-05-07T23:25:49.720808Z,99865.028768,26.906,27
2026-05-07T23:25:50.722279Z,99867.806532,26.11,23
2026-05-07T23:25:51.723469Z,99870.316657,26.94,26
2026-05-07T23:25:52.724993Z,99872.952027,26.065,23
2026-05-07T23:25:53.726513Z,99875.439325,25.742,23
2026-05-07T23:25:54.728030Z,99878.041735,25.975,22
2026-05-07T23:25:55.729551Z,99880.51646,26.551,25
2026-05-07T23:25:56.731070Z,99883.146337,26.134,24
2026-05-07T23:25:57.732617Z,99885.644255,25.934,22
2026-05-07T23:25:58.734133Z,99888.26992,25.877,23
2026-05-07T23:25:59.735487Z,99890.99855,25.882,22
2026-05-07T23:26:00.737018Z,99893.777779,26.973,25
2026-05-07T23:26:01.738477Z,99896.27228,26.618,22
2026-05-07T23:26:02.739494Z,99901.118031,26.223,23
2026-05-07T23:26:03.741025Z,99903.618574,26.251,22
2026-05-07T23:26:04.742536Z,99907.990206,26.075,23
2026-05-07T23:26:05.744062Z,99910.49081,25.987,23
2026-05-07T23:26:06.745582Z,99913.092061,25.84,23
2026-05-07T23:26:07.747097Z,99915.570448,26.637,26
2026-05-07T23:26:08.748625Z,99918.186652,26.817,26
2026-05-07T23:26:09.750146Z,99920.852966,26.472,26
2026-05-07T23:26:10.751681Z,99923.895195,25.821,23
2026-05-07T23:26:11.753225Z,99926.423875,25.814,23
2026-05-07T23:26:12.754737Z,99929.04075,25.655,22
2026-05-07T23:26:13.755458Z,99931.521884,26.029,24
2026-05-07T23:26:14.757019Z,99934.189297,26.098,22
2026-05-07T23:26:15.758550Z,99936.671956,25.796,23
2026-05-07T23:26:16.760066Z,99939.231337,25.78,22
2026-05-07T23:26:17.761586Z,99941.687385,25.662,22
2026-05-07T23:26:18.763100Z,99944.358704,26.048,22
2026-05-07T23:26:19.764648Z,99949.247242,26.145,22
2026-05-07T23:26:20.766174Z,99952.105572,26.689,25
2026-05-07T23:26:21.767468Z,99954.618138,26.166,22
2026-05-07T23:26:22.768925Z,99957.656888,26.062,23
2026-05-07T23:26:23.770429Z,99960.113852,26.164,23
2026-05-07T23:26:24.771480Z,99962.698501,26.088,23
2026-05-07T23:26:25.772956Z,99965.815192,25.957,22
2026-05-07T23:26:26.774392Z,99968.395264,25.999,22
2026-05-07T23:26:27.775394Z,99970.874811,25.592,22
2026-05-07T23:26:28.776814Z,99973.544604,25.728,22
2026-05-07T23:26:29.777871Z,99976.35728,25.635,22
2026-05-07T23:26:30.779394Z,99979.079441,25.871,22
2026-05-07T23:26:31.780793Z,99981.632168,25.869,23
2026-05-07T23:26:32.782317Z,99984.100668,25.854,22
2026-05-07T23:26:33.784042Z,99986.820327,26.15,23
2026-05-07T23:26:34.785573Z,99989.383552,26.186,21
2026-05-07T23:26:35.787097Z,99991.947389,26.124,21
2026-05-07T23:26:36.788635Z,99994.42187,26.242,22
2026-05-07T23:26:37.790146Z,99997.016467,26.246,22
2026-05-07T23:26:38.791683Z,99999.47099,26.288,22
2026-05-07T23:26:39.793195Z,100002.509678,25.917,22
2026-05-07T23:26:40.794723Z,100005.18234,26.007,22
2026-05-07T23:26:41.796254Z,100007.888449,26.003,22
2026-05-07T23:26:42.797780Z,100010.373611,26.095,21
2026-05-07T23:26:43.799288Z,100013.104866,26.044,22
2026-05-07T23:26:44.800833Z,100015.615541,26.437,22
2026-05-07T23:26:45.802365Z,100018.220087,26.342,22
2026-05-07T23:26:46.803458Z,100020.724903,26.402,22
2026-05-07T23:26:47.804901Z,100023.387555,26.013,22
2026-05-07T23:26:48.806352Z,100025.855993,25.876,22
2026-05-07T23:26:49.807858Z,100028.698698,26.019,22
2026-05-07T23:26:50.809397Z,100031.383445,26.163,22
2026-05-07T23:26:51.810924Z,100034.137283,25.761,22
2026-05-07T23:26:52.812449Z,100036.600656,26.022,23
2026-05-07T23:26:53.813408Z,100039.280947,26.032,24
2026-05-07T23:26:54.814372Z,100041.778255,25.883,23
2026-05-07T23:26:55.815478Z,100044.488087,25.822,22
2026-05-07T23:26:56.816210Z,100046.979352,25.792,23
2026-05-07T23:26:57.816803Z,100049.611792,26.249,22
2026-05-07T23:26:58.818330Z,100052.073577,25.862,21
2026-05-07T23:26:59.819464Z,100054.94973,26.238,21
2026-05-07T23:27:00.821000Z,100057.553483,26.193,22
2026-05-07T23:27:01.822470Z,100060.29487,26.112,22
2026-05-07T23:27:02.824024Z,100064.607603,26.061,22
2026-05-07T23:27:03.825608Z,100067.179557,26.05,23
2026-05-07T23:27:04.827136Z,100069.690476,25.804,23
2026-05-07T23:27:05.828675Z,100072.303994,25.995,22
2026-05-07T23:27:06.830188Z,100074.768954,26.148,22
2026-05-07T23:27:07.831469Z,100077.332729,26.282,22
2026-05-07T23:27:08.832612Z,100079.812886,26.071,21
2026-05-07T23:27:09.834044Z,100082.90376,26.101,22
2026-05-07T23:27:10.835333Z,100085.585088,25.75,22
2026-05-07T23:27:11.836909Z,100088.276671,25.641,23
2026-05-07T23:27:12.838435Z,100090.760978,26.101,22
2026-05-07T23:27:13.839957Z,100093.375779,25.994,22
2026-05-07T23:27:14.841485Z,100099.584686,25.784,22
2026-05-07T23:27:15.842691Z,100132.675605,25.228,19
2026-05-07T23:27:16.843951Z,100136.219663,25.622,22
2026-05-07T23:27:17.845485Z,100138.833426,25.636,21
2026-05-07T23:27:18.847007Z,100141.393661,25.711,21
2026-05-07T23:27:19.848548Z,100144.112771,26.224,22
2026-05-07T23:27:20.849926Z,100146.66263,26.16,21
2026-05-07T23:27:21.851474Z,100149.512171,25.833,22
2026-05-07T23:27:22.852932Z,100152.097919,25.695,22
2026-05-07T23:27:23.854441Z,100154.912609,25.44,22
2026-05-07T23:27:24.855472Z,100157.381535,25.214,22
2026-05-07T23:27:25.856999Z,100160.656979,25.161,21
2026-05-07T23:27:26.858541Z,100163.113515,25.368,23
2026-05-07T23:27:27.859461Z,100165.839461,25.243,24
2026-05-07T23:27:28.861006Z,100168.284278,25.368,23
2026-05-07T23:27:29.862529Z,100170.921296,25.379,24
2026-05-07T23:27:30.864086Z,100173.478296,25.793,23
2026-05-07T23:27:31.865585Z,100176.279558,25.402,22
2026-05-07T23:27:32.867037Z,100178.766735,25.247,23
2026-05-07T23:27:33.868570Z,100181.373417,25.651,24
2026-05-07T23:27:34.870123Z,100183.880674,25.613,23
2026-05-07T23:27:35.871479Z,100186.618826,25.453,23
2026-05-07T23:27:36.873004Z,100189.102096,25.13,24
2026-05-07T23:27:37.874524Z,100191.748208,25.48,23
2026-05-07T23:27:38.875468Z,100194.200106,25.432,22
2026-05-07T23:27:39.876989Z,100196.905482,25.825,22
2026-05-07T23:27:40.878531Z,100199.472736,25.57,22
2026-05-07T23:27:41.879387Z,100202.390759,25.665,22
2026-05-07T23:27:42.880843Z,100204.901006,25.411,23
2026-05-07T23:27:43.882392Z,100207.49005,25.589,22
2026-05-07T23:27:44.883412Z,100210.069023,25.419,22
2026-05-07T23:27:45.885100Z,100212.64238,25.564,20
2026-05-07T23:27:46.886789Z,100215.176126,25.811,21
2026-05-07T23:27:47.887506Z,100217.861605,25.731,21
2026-05-07T23:27:48.889197Z,100220.343044,25.658,21
2026-05-07T23:27:49.890886Z,100222.985249,25.621,22
2026-05-07T23:27:50.892710Z,100225.581739,25.326,27
2026-05-07T23:27:51.894279Z,100228.40827,25.422,23
2026-05-07T23:27:52.895814Z,100230.934875,25.569,23
2026-05-07T23:27:53.897336Z,100233.558037,25.65,23
2026-05-07T23:27:54.898790Z,100236.091844,25.577,23
2026-05-07T23:27:55.899392Z,100238.689005,25.608,23
2026-05-07T23:27:56.900897Z,100241.225315,25.553,23
2026-05-07T23:27:57.902335Z,100243.921963,25.099,24
2026-05-07T23:27:58.903516Z,100246.442037,25.414,23
2026-05-07T23:27:59.905034Z,100248.947829,25.285,23
2026-05-07T23:28:00.906566Z,100251.868903,25.311,24
2026-05-07T23:28:01.908052Z,100254.450745,25.232,23
2026-05-07T23:28:02.909576Z,100259.091297,25.091,23
2026-05-07T23:28:03.911483Z,100261.546735,24.984,22
2026-05-07T23:28:04.913058Z,100266.02176,25.137,22
2026-05-07T23:28:05.914601Z,100268.539393,25.199,22
2026-05-07T23:28:06.915456Z,100271.325946,25.072,21
2026-05-07T23:28:07.916905Z,100273.781201,24.654,21
2026-05-07T23:28:08.918327Z,100276.370305,25.001,21
2026-05-07T23:28:09.919389Z,100279.018919,25.219,21
2026-05-07T23:28:10.920846Z,100281.857291,25.442,21
2026-05-07T23:28:11.922373Z,100284.607589,25.213,21
2026-05-07T23:28:12.923388Z,100287.312355,25.142,22
2026-05-07T23:28:13.924824Z,100289.722322,25.463,21
2026-05-07T23:28:14.926268Z,100292.409937,25.274,21
2026-05-07T23:28:15.927386Z,100294.863239,25.544,22
2026-05-07T23:28:16.928815Z,100297.508984,25.402,22
2026-05-07T23:28:17.930317Z,100299.976812,25.201,23
2026-05-07T23:28:18.931415Z,100302.707335,25.198,23
2026-05-07T23:28:19.932932Z,100305.204033,24.858,24
2026-05-07T23:28:20.934480Z,100307.920823,25.308,23
2026-05-07T23:28:21.936049Z,100310.688211,25.481,23
2026-05-07T23:28:22.937581Z,100313.763215,25.319,23
2026-05-07T23:28:23.938442Z,100316.229273,25.036,23
2026-05-07T23:28:24.939396Z,100318.928912,25.222,23
2026-05-07T23:28:25.940837Z,100322.177744,24.931,23
2026-05-07T23:28:26.942360Z,100324.773502,24.876,23
2026-05-07T23:28:27.943462Z,100327.252072,24.87,23
2026-05-07T23:28:28.944910Z,100329.808584,24.823,23
2026-05-07T23:28:29.946344Z,100332.308334,25.087,22
2026-05-07T23:28:30.947396Z,100335.022438,25.509,22
2026-05-07T23:28:31.948844Z,100337.636933,25.758,21
2026-05-07T23:28:32.950540Z,100340.315027,26.266,21
2026-05-07T23:28:33.952067Z,100342.811542,25.634,21
2026-05-07T23:28:34.953510Z,100345.500133,25.396,21
2026-05-07T23:28:35.954943Z,100347.953557,25.629,21
2026-05-07T23:28:36.956390Z,100350.561156,25.708,21
2026-05-07T23:28:37.957845Z,100353.004081,25.643,21
2026-05-07T23:28:38.959255Z,100355.689744,25.415,21
2026-05-07T23:28:39.960715Z,100358.192728,25.126,21
2026-05-07T23:28:40.962227Z,100363.674525,25.239,22
2026-05-07T23:28:41.963797Z,100366.460102,25.167,23
2026-05-07T23:28:42.965264Z,100369.16267,24.829,23
2026-05-07T23:28:43.966707Z,100371.611639,24.796,23
2026-05-07T23:28:44.967392Z,100374.307066,24.824,23
2026-05-07T23:28:45.968828Z,100376.773186,25.225,23
2026-05-07T23:28:46.970252Z,100379.32927,25.342,23
2026-05-07T23:28:47.971712Z,100381.798441,24.946,23
2026-05-07T23:28:48.973219Z,100384.518222,25.137,23
2026-05-07T23:28:49.974692Z,100387.024868,25.143,23
2026-05-07T23:28:50.975390Z,100389.82314,25.022,24
2026-05-07T23:28:51.976847Z,100392.68263,24.828,23
2026-05-07T23:28:52.978289Z,100395.372137,25.06,22
2026-05-07T23:28:53.979490Z,100397.834228,25.277,22
2026-05-07T23:28:54.981020Z,100400.506584,25.732,23
2026-05-07T23:28:55.982552Z,100402.969652,25.418,21
2026-05-07T23:28:56.983472Z,100405.590251,25.408,22
2026-05-07T23:28:57.984939Z,100408.043674,25.297,21
2026-05-07T23:28:58.986368Z,100410.659329,25.411,21
2026-05-07T23:28:59.987389Z,100413.140707,25.316,21
2026-05-07T23:29:00.988815Z,100415.868239,25.513,21
2026-05-07T23:29:01.990338Z,100418.60572,25.477,21
2026-05-07T23:29:02.991867Z,100423.376704,25.394,22
2026-05-07T23:29:03.993008Z,100425.837574,25.4,21
2026-05-07T23:29:04.993751Z,100428.537457,25.316,22
2026-05-07T23:29:05.995210Z,100430.991248,25.26,22
2026-05-07T23:29:06.996653Z,100433.525604,25.214,23
2026-05-07T23:29:07.998112Z,100435.965783,25.498,25
2026-05-07T23:29:08.999469Z,100438.610552,25.402,24
2026-05-07T23:29:10.000928Z,100441.185802,25.405,24
2026-05-07T23:29:11.002435Z,100443.932132,25.6,23
2026-05-07T23:29:12.003469Z,100446.50665,25.694,24
2026-05-07T23:29:13.004989Z,100449.147573,25.708,25
2026-05-07T23:29:14.006455Z,100451.605819,25.775,25
2026-05-07T23:29:15.007952Z,100454.364235,25.834,24
2026-05-07T23:29:16.008918Z,100456.829682,25.368,24
2026-05-07T23:29:17.010435Z,100459.446436,25.41,23
2026-05-07T23:29:18.011392Z,100461.898273,25.518,24
2026-05-07T23:29:19.012807Z,100464.517224,25.446,23
2026-05-07T23:29:20.014243Z,100467.024114,25.025,22
2026-05-07T23:29:21.015391Z,100469.657469,25.205,22
2026-05-07T23:29:22.016828Z,100472.22808,25.187,22
2026-05-07T23:29:23.018290Z,100475.186813,25.339,21
2026-05-07T23:29:24.019474Z,100477.643594,25.271,21
2026-05-07T23:29:25.020973Z,100480.158968,25.565,21
2026-05-07T23:29:26.022278Z,100483.397119,25.449,22
2026-05-07T23:29:27.023385Z,100485.855914,25.389,22
2026-05-07T23:29:28.024818Z,100488.472729,25.574,21
2026-05-07T23:29:29.026337Z,100490.912969,25.501,22
2026-05-07T23:29:30.027502Z,100493.5343,25.674,21
2026-05-07T23:29:31.029171Z,100496.244987,25.668,22
2026-05-07T23:29:32.031134Z,100499.002914,25.584,22
2026-05-07T23:29:33.032922Z,100501.531411,25.502,23
2026-05-07T23:29:34.034466Z,100504.030184,25.729,25
2026-05-07T23:29:35.036005Z,100506.513576,25.527,23
2026-05-07T23:29:36.037532Z,100509.202961,25.745,24
2026-05-07T23:29:37.039068Z,100511.652174,25.858,24
2026-05-07T23:29:38.040515Z,100514.226264,25.893,25
2026-05-07T23:29:39.042064Z,100516.662842,25.851,25
2026-05-07T23:29:40.043485Z,100519.50219,25.264,24
2026-05-07T23:29:41.044969Z,100522.080553,25.129,24
2026-05-07T23:29:42.046501Z,100524.975321,25.442,24
2026-05-07T23:29:43.047492Z,100527.496066,25.231,23
2026-05-07T23:29:44.049043Z,100530.1152,25.414,24
2026-05-07T23:29:45.050592Z,100532.623312,25.547,24
2026-05-07T23:29:46.051480Z,100535.237929,25.366,22
2026-05-07T23:29:47.053024Z,100537.664314,25.665,21
2026-05-07T23:29:48.054549Z,100540.25409,25.65,21
2026-05-07T23:29:49.056106Z,100542.681025,26.065,23
2026-05-07T23:29:50.057660Z,100545.255054,26.058,21
2026-05-07T23:29:51.059337Z,100547.819257,25.997,21
2026-05-07T23:29:52.060026Z,100550.571813,26.267,22
2026-05-07T23:29:53.061559Z,100553.10324,25.541,22
2026-05-07T23:29:54.063085Z,100555.707481,25.861,21
2026-05-07T23:29:55.064754Z,100558.184098,25.269,23
2026-05-07T23:29:56.066287Z,100560.787058,25.409,21
2026-05-07T23:29:57.067482Z,100563.23505,25.844,22
2026-05-07T23:29:58.069005Z,100565.882016,25.874,23
2026-05-07T23:29:59.070531Z,100568.326162,25.678,25
2026-05-07T23:30:00.072043Z,100570.930953,25.837,25
2026-05-07T23:30:01.072998Z,100573.479469,26.098,24
2026-05-07T23:30:02.074258Z,100576.180268,26.165,29
2026-05-07T23:30:03.075485Z,100580.52657,26.266,25
2026-05-07T23:30:04.077090Z,100583.083876,26.199,27
2026-05-07T23:30:05.078634Z,100587.115054,26.182,24
2026-05-07T23:30:06.079486Z,100589.739193,25.901,24
2026-05-07T23:30:07.081012Z,100592.169363,25.908,24
2026-05-07T23:30:08.082545Z,100594.728438,25.652,25
2026-05-07T23:30:09.083470Z,100597.151039,25.531,24
2026-05-07T23:30:10.084995Z,100599.95163,25.498,24
2026-05-07T23:30:11.086523Z,100602.395289,25.513,23
2026-05-07T23:30:12.088053Z,100605.047626,25.745,24
2026-05-07T23:30:13.089587Z,100607.611218,25.855,22
2026-05-07T23:30:14.091054Z,100610.221441,26.187,26
2026-05-07T23:30:15.092519Z,100612.678038,25.942,24
2026-05-07T23:30:16.094042Z,100615.201225,26.095,22
2026-05-07T23:30:17.095464Z,100617.612596,25.844,23
2026-05-07T23:30:18.096984Z,100620.293253,25.783,24
2026-05-07T23:30:19.098511Z,100622.72623,25.608,23
2026-05-07T23:30:20.100027Z,100625.366849,25.916,25
2026-05-07T23:30:21.101564Z,100627.809835,26.275,25
2026-05-07T23:30:22.103079Z,100630.506057,26.483,29
2026-05-07T23:30:23.104062Z,100633.565863,26.23,23
2026-05-07T23:30:24.105492Z,100636.116943,26.592,26
2026-05-07T23:30:25.106974Z,100638.5841,26.938,23
2026-05-07T23:30:26.108278Z,100642.03215,26.75,21
2026-05-07T23:30:27.109745Z,100644.4918,26.724,23
2026-05-07T23:30:28.111234Z,100647.047091,26.69,21
2026-05-07T23:30:29.112773Z,100649.502956,26.467,22
2026-05-07T23:30:30.114284Z,100652.228291,26.481,22
2026-05-07T23:30:31.115465Z,100654.697218,26.15,23
2026-05-07T23:30:32.116991Z,100657.409003,25.888,23
2026-05-07T23:30:33.118519Z,100660.127319,26.054,25
2026-05-07T23:30:34.119627Z,100662.719902,26.224,24
2026-05-07T23:30:35.120258Z,100665.222948,26.482,24
2026-05-07T23:30:36.120756Z,100667.777812,26.71,24
2026-05-07T23:30:37.122242Z,100670.241062,26.721,25
2026-05-07T23:30:38.123392Z,100672.861722,26.784,25
2026-05-07T23:30:39.124818Z,100675.320151,26.606,24
2026-05-07T23:30:40.126295Z,100678.028457,26.476,24
2026-05-07T23:30:41.127385Z,100680.516854,26.068,25
2026-05-07T23:30:42.128796Z,100683.286073,26.152,26
2026-05-07T23:30:43.130265Z,100685.906183,26.475,24
2026-05-07T23:30:44.131519Z,100688.514758,26.344,25
2026-05-07T23:30:45.132871Z,100691.037823,26.453,26
2026-05-07T23:30:46.134403Z,100693.497961,26.295,24
2026-05-07T23:30:47.135150Z,100696.038543,26.552,25
2026-05-07T23:30:48.135743Z,100698.474083,26.512,25
2026-05-07T23:30:49.137213Z,100701.106706,26.472,24
2026-05-07T23:30:50.138845Z,100703.581492,26.442,23
2026-05-07T23:30:51.140261Z,100706.254337,26.424,23
2026-05-07T23:30:52.141729Z,100711.448598,26.439,23
2026-05-07T23:30:53.143261Z,100714.250105,26.833,24
2026-05-07T23:30:54.144817Z,100716.75315,27.038,24
2026-05-07T23:30:55.146346Z,100719.388397,26.543,23
2026-05-07T23:30:56.147884Z,100721.850488,26.384,23
2026-05-07T23:30:57.149408Z,100724.741106,26.066,23
2026-05-07T23:30:58.150944Z,100727.180248,25.726,25
2026-05-07T23:30:59.152478Z,100729.813481,26.005,24
2026-05-07T23:31:00.153982Z,100732.287595,26.188,24
2026-05-07T23:31:01.155393Z,100734.913016,26.044,24
2026-05-07T23:31:02.156824Z,100737.62358,26.312,23
2026-05-07T23:31:03.157843Z,100742.246188,26.13,25
2026-05-07T23:31:04.159401Z,100744.718411,25.765,26
2026-05-07T23:31:05.160928Z,100747.407857,25.167,25
2026-05-07T23:31:06.162452Z,100749.865736,25.586,26
2026-05-07T23:31:07.163964Z,100752.551032,26.007,24
2026-05-07T23:31:08.165501Z,100755.022034,25.935,26
2026-05-07T23:31:09.166275Z,100757.671991,25.657,25
2026-05-07T23:31:10.167389Z,100760.276537,26.104,26
2026-05-07T23:31:11.168827Z,100762.854839,25.447,25
2026-05-07T23:31:12.169687Z,100765.402989,25.836,28
2026-05-07T23:31:13.171174Z,100768.354886,26.563,25
2026-05-07T23:31:14.172640Z,100770.864706,25.973,25
2026-05-07T23:31:15.174151Z,100773.557875,26.032,25
2026-05-07T23:31:16.175478Z,100776.019112,26.049,25
2026-05-07T23:31:17.176996Z,100778.667298,25.565,23
2026-05-07T23:31:18.178523Z,100781.109187,25.299,24
2026-05-07T23:31:19.180037Z,100783.688465,25.779,23
2026-05-07T23:31:20.181557Z,100786.148236,25.842,24
2026-05-07T23:31:21.183085Z,100788.680395,25.435,22
2026-05-07T23:31:22.184642Z,100791.396697,25.7,23
2026-05-07T23:31:23.186160Z,100794.500876,25.761,24
2026-05-07T23:31:24.187432Z,100796.992203,25.229,24
2026-05-07T23:31:25.188940Z,100799.738778,25.517,25
2026-05-07T23:31:26.190471Z,100802.969787,26.409,25
2026-05-07T23:31:27.191474Z,100805.624688,25.967,25
2026-05-07T23:31:28.193010Z,100808.093432,25.292,26
2026-05-07T23:31:29.194551Z,100810.677104,25.38,24
2026-05-07T23:31:30.195474Z,100813.17136,25.487,23
2026-05-07T23:31:31.196997Z,100815.994962,25.707,25
2026-05-07T23:31:32.198555Z,100818.643392,25.758,24
2026-05-07T23:31:33.200093Z,100821.549574,26.168,25
2026-05-07T23:31:34.201551Z,100824.039741,25.268,26
2026-05-07T23:31:35.202965Z,100826.615723,25.49,25
2026-05-07T23:31:36.204144Z,100829.079523,25.816,25
2026-05-07T23:31:37.205665Z,100831.80028,25.762,24
2026-05-07T23:31:38.207185Z,100834.240948,25.536,23
2026-05-07T23:31:39.208709Z,100836.848973,25.541,24
2026-05-07T23:31:40.210231Z,100839.301115,25.29,22
2026-05-07T23:31:41.211489Z,100841.85427,25.48,22
2026-05-07T23:31:42.212814Z,100844.412919,25.79,22
2026-05-07T23:31:43.213867Z,100847.090402,25.638,21
2026-05-07T23:31:44.215400Z,100849.606387,25.199,21
2026-05-07T23:31:45.216919Z,100852.264949,26.281,25
2026-05-07T23:31:46.218444Z,100854.717397,25.694,22
2026-05-07T23:31:47.219463Z,100857.304365,25.897,22
2026-05-07T23:31:48.220987Z,100859.726295,25.648,21
2026-05-07T23:31:49.222512Z,100862.418366,25.807,21
2026-05-07T23:31:50.224061Z,100864.907861,25.806,21
2026-05-07T23:31:51.225587Z,100867.633684,25.832,22
2026-05-07T23:31:52.227102Z,100870.163768,25.594,22
2026-05-07T23:31:53.228556Z,100873.080082,25.613,22
2026-05-07T23:31:54.229967Z,100875.550839,25.535,22
2026-05-07T23:31:55.230928Z,100878.178884,25.718,22
2026-05-07T23:31:56.232483Z,100880.615463,25.518,22
2026-05-07T23:31:57.233995Z,100883.233681,25.786,23
2026-05-07T23:31:58.235540Z,100885.673921,25.505,23
2026-05-07T23:31:59.237054Z,100888.308802,25.737,22
2026-05-07T23:32:00.238578Z,100890.780842,25.626,24
2026-05-07T23:32:01.239463Z,100893.366285,25.585,21
2026-05-07T23:32:02.241002Z,100895.958258,25.897,22
2026-05-07T23:32:03.242535Z,100900.668817,25.52,22
2026-05-07T23:32:04.243477Z,100903.153857,25.824,22
2026-05-07T23:32:05.244991Z,100907.447181,25.736,22
2026-05-07T23:32:06.246528Z,100909.915437,25.242,21
2026-05-07T23:32:07.248040Z,100912.595789,25.833,22
2026-05-07T23:32:08.249573Z,100915.063983,26.054,21
2026-05-07T23:32:09.251098Z,100917.716381,25.865,22
2026-05-07T23:32:10.252642Z,100920.323857,25.69,22
2026-05-07T23:32:11.254177Z,100922.902159,25.813,22
2026-05-07T23:32:12.255715Z,100925.5335,25.876,21
2026-05-07T23:32:13.257167Z,100928.361739,25.763,22
2026-05-07T23:32:14.258553Z,100930.872475,25.851,22
2026-05-07T23:32:15.260012Z,100933.332186,26.036,22
2026-05-07T23:32:16.260908Z,100935.982753,25.707,22
2026-05-07T23:32:17.262447Z,100938.430195,25.815,22
2026-05-07T23:32:18.263968Z,100941.044629,25.903,23
2026-05-07T23:32:19.265432Z,100943.49671,25.662,23
2026-05-07T23:32:20.266932Z,100946.223144,25.701,23
2026-05-07T23:32:21.268485Z,100948.681451,25.736,22
2026-05-07T23:32:22.269994Z,100951.403612,25.566,26
2026-05-07T23:32:23.271406Z,100954.388284,25.999,22
2026-05-07T23:32:24.272940Z,100956.988558,26.146,23
2026-05-07T23:32:25.274469Z,100959.512783,26.18,23
2026-05-07T23:32:26.275481Z,100963.26552,25.903,23
2026-05-07T23:32:27.277013Z,100965.727672,26.067,22
2026-05-07T23:32:28.278527Z,100968.477604,25.758,22
2026-05-07T23:32:29.280059Z,100970.977597,25.354,22
2026-05-07T23:32:30.281503Z,100973.648123,25.599,22
2026-05-07T23:32:31.283025Z,100976.166915,25.828,22
2026-05-07T23:32:32.284703Z,100978.99662,25.582,25
2026-05-07T23:32:33.286230Z,100981.60019,25.932,22
2026-05-07T23:32:34.287471Z,100984.246118,25.961,23
2026-05-07T23:32:35.289000Z,100986.73421,26.39,22
2026-05-07T23:32:36.290520Z,100989.398448,26.125,22
2026-05-07T23:32:37.292047Z,100991.882207,26.25,22
2026-05-07T23:32:38.293567Z,100994.639524,26.08,22
2026-05-07T23:32:39.295101Z,100997.10723,25.825,22
2026-05-07T23:32:40.296640Z,100999.704208,26.047,22
2026-05-07T23:32:41.298172Z,101002.19053,26.122,22
2026-05-07T23:32:42.299477Z,101004.988008,26.002,22
2026-05-07T23:32:43.301015Z,101007.555079,25.844,22
2026-05-07T23:32:44.302628Z,101010.346149,25.904,22
2026-05-07T23:32:45.303476Z,101012.958264,26.125,22
2026-05-07T23:32:46.305002Z,101015.525152,25.975,22
2026-05-07T23:32:47.306541Z,101017.972228,26.072,22
2026-05-07T23:32:48.308073Z,101020.550712,26.022,22
2026-05-07T23:32:49.309586Z,101023.022996,26.143,23
2026-05-07T23:32:50.310989Z,101025.626322,25.946,23
2026-05-07T23:32:51.312196Z,101028.121067,25.873,23
2026-05-07T23:32:52.313634Z,101030.934231,25.374,24
2026-05-07T23:32:53.314328Z,101033.462789,25.72,22
2026-05-07T23:32:54.315478Z,101036.154615,25.977,22
2026-05-07T23:32:55.317016Z,101038.690498,25.682,23
2026-05-07T23:32:56.318553Z,101041.26239,25.835,22
2026-05-07T23:32:57.319461Z,101043.738214,25.828,22
2026-05-07T23:32:58.320969Z,101046.452746,25.851,21
2026-05-07T23:32:59.322499Z,101048.90562,25.865,22
2026-05-07T23:33:00.324007Z,101051.639988,25.765,22
2026-05-07T23:33:01.325539Z,101054.121854,25.888,22
2026-05-07T23:33:02.327061Z,101056.819663,25.936,22
2026-05-07T23:33:03.328623Z,101061.746164,26.008,23
2026-05-07T23:33:04.330095Z,101064.553529,25.808,23
2026-05-07T23:33:05.331478Z,101067.122126,25.531,23
2026-05-07T23:33:06.332996Z,101069.802173,25.75,21
2026-05-07T23:33:07.334522Z,101072.262921,26.283,22
2026-05-07T23:33:08.335976Z,101074.936193,26.039,23
2026-05-07T23:33:09.337408Z,101077.430938,25.691,22
2026-05-07T23:33:10.338765Z,101080.16494,25.771,22
2026-05-07T23:33:11.339384Z,101082.628617,25.218,21
2026-05-07T23:33:12.340979Z,101085.320932,25.128,22
2026-05-07T23:33:13.342514Z,101089.079162,25.093,22
2026-05-07T23:33:14.343473Z,101091.915337,24.936,21
2026-05-07T23:33:15.345000Z,101094.423875,25.225,21
2026-05-07T23:33:16.346530Z,101097.132548,25.597,21
2026-05-07T23:33:17.347485Z,101099.589512,25.568,23
2026-05-07T23:33:18.349009Z,101102.20596,25.851,23
2026-05-07T23:33:19.350534Z,101104.656332,25.721,13
2026-05-07T23:33:20.351475Z,101107.336074,25.848,13
2026-05-07T23:33:21.353009Z,101109.751717,25.732,13
2026-05-07T23:33:22.354506Z,101112.342103,25.503,13
2026-05-07T23:33:23.355478Z,101115.261896,25.666,13
2026-05-07T23:33:24.357014Z,101118.06975,25.501,13
2026-05-07T23:33:25.358535Z,101120.656108,25.357,14
2026-05-07T23:33:26.360075Z,101124.805939,25.326,13
2026-05-07T23:33:27.361022Z,101127.283532,25.698,15
2026-05-07T23:33:28.362540Z,101129.967547,26.126,14
2026-05-07T23:33:29.363475Z,101132.443675,25.942,14
2026-05-07T23:33:30.365000Z,101135.102116,26.29,14
2026-05-07T23:33:31.366541Z,101137.598447,25.865,12
2026-05-07T23:33:32.367476Z,101140.199027,25.531,14
2026-05-07T23:33:33.369042Z,101142.958846,25.846,12
2026-05-07T23:33:34.370596Z,101145.974403,25.471,12
2026-05-07T23:33:35.372141Z,101148.615753,25.43,13
2026-05-07T23:33:36.373674Z,101151.256677,25.69,12
2026-05-07T23:33:37.375206Z,101153.730364,25.361,12
2026-05-07T23:33:38.376754Z,101156.344066,25.414,13
2026-05-07T23:33:39.378286Z,101158.876835,25.308,13
2026-05-07T23:33:40.379397Z,101161.567197,25.522,13
2026-05-07T23:33:41.380830Z,101164.096732,25.206,13
2026-05-07T23:33:42.382336Z,101166.550156,25.637,13
2026-05-07T23:33:43.383458Z,101169.362343,25.327,13
2026-05-07T23:33:44.384996Z,101171.963106,25.022,13
2026-05-07T23:33:45.386530Z,101174.702478,25.363,13
2026-05-07T23:33:46.387469Z,101177.23244,25.485,13
2026-05-07T23:33:47.388979Z,101179.886974,25.525,14
2026-05-07T23:33:48.390515Z,101182.38294,25.426,14
2026-05-07T23:33:49.392043Z,101185.076964,25.52,13
2026-05-07T23:33:50.393072Z,101187.586967,25.585,13
2026-05-07T23:33:51.394615Z,101190.375717,25.441,13
2026-05-07T23:33:52.396155Z,101192.869729,25.92,14
2026-05-07T23:33:53.397685Z,101195.732393,25.897,14
2026-05-07T23:33:54.399229Z,101198.340052,25.261,14
2026-05-07T23:33:55.400911Z,101201.077899,25.252,14
2026-05-07T23:33:56.402430Z,101203.539929,25.44,14
2026-05-07T23:33:57.403956Z,101206.16889,25.524,15
2026-05-07T23:33:58.405492Z,101208.632689,25.544,15
2026-05-07T23:33:59.407027Z,101211.343437,25.485,15
2026-05-07T23:34:00.408587Z,101213.84636,25.599,15
2026-05-07T23:34:01.410130Z,101216.600442,25.315,15
2026-05-07T23:34:02.411477Z,101219.128573,25.751,15
2026-05-07T23:34:03.412984Z,101224.247457,25.798,16
2026-05-07T23:34:04.414512Z,101227.266492,25.678,15
2026-05-07T23:34:05.415480Z,101231.798341,25.664,15
2026-05-07T23:34:06.417031Z,101234.30517,25.898,16
2026-05-07T23:34:07.418588Z,101236.91112,25.803,16
2026-05-07T23:34:08.420108Z,101239.324444,25.445,16
2026-05-07T23:34:09.421617Z,101242.118993,25.351,16
2026-05-07T23:34:10.423143Z,101244.914884,25.149,16
2026-05-07T23:34:11.424714Z,101247.587607,25.579,16
2026-05-07T23:34:12.426254Z,101250.030472,25.655,17
2026-05-07T23:34:13.427485Z,101252.75837,25.766,16
2026-05-07T23:34:14.429009Z,101255.406068,25.565,16
2026-05-07T23:34:15.430543Z,101258.137445,25.656,17
2026-05-07T23:34:16.431475Z,101260.587818,26.145,17
2026-05-07T23:34:17.432997Z,101263.216473,26.035,17
2026-05-07T23:34:18.434536Z,101265.724889,25.975,17
2026-05-07T23:34:19.436055Z,101268.298003,26.418,17
2026-05-07T23:34:20.437594Z,101270.782066,26.227,17
2026-05-07T23:34:21.439120Z,101273.446794,26.079,17
2026-05-07T23:34:22.440306Z,101275.916941,26.015,17
2026-05-07T23:34:23.441829Z,101279.02582,25.857,17
2026-05-07T23:34:24.443386Z,101281.754206,26.226,18
2026-05-07T23:34:25.444859Z,101285.077623,26.054,18
2026-05-07T23:34:26.446107Z,101287.664592,25.876,18
2026-05-07T23:34:27.447474Z,101290.268589,25.69,16
2026-05-07T23:34:28.449006Z,101292.729459,25.681,19
2026-05-07T23:34:29.450534Z,101295.404074,25.68,19
2026-05-07T23:34:30.452074Z,101297.866592,25.556,16
2026-05-07T23:34:31.453606Z,101300.478402,25.886,17
2026-05-07T23:34:32.455149Z,101302.93329,25.835,18
2026-05-07T23:34:33.456669Z,101305.65832,26.139,17
2026-05-07T23:34:34.458214Z,101308.307605,26.123,16
2026-05-07T23:34:35.459474Z,101310.962078,26.211,17
2026-05-07T23:34:36.460942Z,101313.43009,25.678,17
2026-05-07T23:34:37.461863Z,101316.040618,25.769,17
2026-05-07T23:34:38.463430Z,101318.514366,25.807,17
2026-05-07T23:34:39.464895Z,101321.09102,25.733,16
2026-05-07T23:34:40.466418Z,101323.577036,25.768,17
2026-05-07T23:34:41.467950Z,101326.29108,25.815,17
2026-05-07T23:34:42.469504Z,101328.736691,25.913,17
2026-05-07T23:34:43.471022Z,101331.502065,26.039,20
2026-05-07T23:34:44.472743Z,101334.255476,25.798,16
2026-05-07T23:34:45.474275Z,101336.930213,25.739,17
2026-05-07T23:34:46.475471Z,101339.417633,25.672,18
2026-05-07T23:34:47.476995Z,101342.167931,25.816,17
2026-05-07T23:34:48.478527Z,101344.638933,25.782,18
2026-05-07T23:34:49.479477Z,101347.299449,25.831,18
2026-05-07T23:34:50.481011Z,101349.823124,25.634,19
2026-05-07T23:34:51.482502Z,101352.524167,25.74,19
2026-05-07T23:34:52.484033Z,101355.003897,25.901,19
2026-05-07T23:34:53.485562Z,101357.66783,25.78,25
2026-05-07T23:34:54.487114Z,101360.269874,25.91,19
2026-05-07T23:34:55.488703Z,101363.015961,25.439,20
2026-05-07T23:34:56.490228Z,101365.505335,25.26,19
2026-05-07T23:34:57.491391Z,101368.140216,25.361,19
2026-05-07T23:34:58.492906Z,101370.630566,25.295,20
2026-05-07T23:34:59.494442Z,101373.208684,25.482,19
2026-05-07T23:35:00.495389Z,101375.745543,25.562,19
2026-05-07T23:35:01.496884Z,101378.385673,26.171,19
2026-05-07T23:35:02.498410Z,101380.913498,25.622,20
2026-05-07T23:35:03.499505Z,101385.795322,25.972,20
2026-05-07T23:35:04.501035Z,101388.400723,25.75,20
2026-05-07T23:35:05.502554Z,101391.090474,25.837,20
2026-05-07T23:35:06.504099Z,101394.863109,25.41,20
2026-05-07T23:35:07.505571Z,101397.525944,25.566,20
2026-05-07T23:35:08.507092Z,101399.974912,25.645,20
2026-05-07T23:35:09.508110Z,101402.599722,26.027,20
2026-05-07T23:35:10.509557Z,101405.200423,26.167,20
2026-05-07T23:35:11.511207Z,101407.82322,26.22,21
2026-05-07T23:35:12.512668Z,101410.441011,26.386,20
2026-05-07T23:35:13.514217Z,101413.098047,26.231,21
2026-05-07T23:35:14.515390Z,101415.821002,26.548,21
2026-05-07T23:35:15.516936Z,101418.296948,26.518,21
2026-05-07T23:35:16.518457Z,101420.853338,26.682,21
2026-05-07T23:35:17.519599Z,101423.295775,26.565,21
2026-05-07T23:35:18.521030Z,101425.966239,26.349,22
2026-05-07T23:35:19.522555Z,101428.430161,26.814,23
2026-05-07T23:35:20.523406Z,101431.157877,26.722,22
2026-05-07T23:35:21.524869Z,101433.594638,26.648,22
2026-05-07T23:35:22.526327Z,101436.628505,26.405,21
2026-05-07T23:35:23.527484Z,101439.201618,26.062,22
2026-05-07T23:35:24.529026Z,101442.118786,26.657,22
2026-05-07T23:35:25.530564Z,101445.264225,26.595,22
2026-05-07T23:35:26.531475Z,101447.886166,26.768,21
2026-05-07T23:35:27.533025Z,101450.365103,26.455,22
2026-05-07T23:35:28.534561Z,101452.921737,26.696,21
2026-05-07T23:35:29.535477Z,101455.345559,26.66,20
2026-05-07T23:35:30.536978Z,101457.91556,26.641,21
2026-05-07T23:35:31.538524Z,101460.359157,26.544,20
2026-05-07T23:35:32.539405Z,101463.063007,26.631,21
2026-05-07T23:35:33.540864Z,101465.642713,26.261,21
2026-05-07T23:35:34.542378Z,101468.619023,26.187,21
2026-05-07T23:35:35.543481Z,101471.087462,25.993,21
2026-05-07T23:35:36.545153Z,101473.628654,26.237,20
2026-05-07T23:35:37.546698Z,101476.035325,26.292,20
2026-05-07T23:35:38.548229Z,101478.672586,26.685,21
2026-05-07T23:35:39.549756Z,101481.082492,26.556,21
2026-05-07T23:35:40.551266Z,101483.783718,26.492,20
2026-05-07T23:35:41.552859Z,101486.207662,26.307,22
2026-05-07T23:35:42.554386Z,101488.806655,26.373,22
2026-05-07T23:35:43.555485Z,101491.488289,26.719,23
2026-05-07T23:35:44.557038Z,101494.06189,26.787,22
2026-05-07T23:35:45.558551Z,101496.623468,27.219,24
2026-05-07T23:35:46.559495Z,101499.397936,27.004,22
2026-05-07T23:35:47.561032Z,101501.818279,26.742,22
2026-05-07T23:35:48.562543Z,101504.372716,26.882,22
2026-05-07T23:35:49.564081Z,101506.817168,26.916,22
2026-05-07T23:35:50.565532Z,101509.568015,26.526,23
2026-05-07T23:35:51.567049Z,101512.050431,27.291,22
2026-05-07T23:35:52.568279Z,101514.652841,27.368,23
2026-05-07T23:35:53.569728Z,101517.117434,27.115,21
2026-05-07T23:35:54.570211Z,101519.898616,27.398,21
2026-05-07T23:35:55.571863Z,101522.509022,26.652,20
2026-05-07T23:35:56.573529Z,101525.124799,27.178,21
2026-05-07T23:35:57.575215Z,101527.549964,26.993,21
2026-05-07T23:35:58.576971Z,101530.132843,26.79,21
2026-05-07T23:35:59.578641Z,101532.576623,26.537,20
2026-05-07T23:36:00.579502Z,101535.231585,26.81,21
2026-05-07T23:36:01.581182Z,101537.652538,26.83,20
2026-05-07T23:36:02.582875Z,101540.203557,27.284,20
2026-05-07T23:36:03.584692Z,101544.642144,26.757,22
2026-05-07T23:36:04.585973Z,101547.858139,27.069,21
2026-05-07T23:36:05.587179Z,101551.717199,26.967,22
2026-05-07T23:36:06.588667Z,101554.342681,26.964,23
2026-05-07T23:36:07.590107Z,101556.78756,27.062,22
2026-05-07T23:36:08.591392Z,101559.343828,27.185,22
2026-05-07T23:36:09.592915Z,101561.736766,25.637,23
2026-05-07T23:36:10.594459Z,101564.481449,26.855,24
2026-05-07T23:36:11.595393Z,101566.91052,27.05,23
2026-05-07T23:36:12.596893Z,101569.485831,27.006,23
2026-05-07T23:36:13.598414Z,101571.937301,26.61,22
2026-05-07T23:36:14.599614Z,101574.73539,27.019,23
2026-05-07T23:36:15.601152Z,101577.29355,26.626,25
2026-05-07T23:36:16.601741Z,101579.940821,26.549,23
2026-05-07T23:36:17.603278Z,101582.375629,27.042,23
2026-05-07T23:36:18.604793Z,101584.91023,27.25,23
2026-05-07T23:36:19.606253Z,101587.353277,27.493,6
2026-05-07T23:36:20.607485Z,101589.96527,27.307,7
2026-05-07T23:36:21.609027Z,101592.424615,25.585,7
2026-05-07T23:36:22.610462Z,101609.296886,26.632,4
2026-05-07T23:36:23.611737Z,101639.646723,25.047,5
2026-05-07T23:36:24.613218Z,101642.310351,26.229,4
2026-05-07T23:36:25.614760Z,101645.710306,26.505,4
2026-05-07T23:36:26.615462Z,101648.36014,26.251,4
2026-05-07T23:36:27.616987Z,101650.790249,26.449,4
2026-05-07T23:36:28.618437Z,101653.403462,26.597,4
2026-05-07T23:36:29.619466Z,101655.834914,26.705,4
2026-05-07T23:36:30.620926Z,101658.374763,27.033,4
2026-05-07T23:36:31.622391Z,101660.786378,26.855,4
2026-05-07T23:36:32.623491Z,101663.395319,26.944,4
2026-05-07T23:36:33.625022Z,101665.799305,27.274,4
2026-05-07T23:36:34.626473Z,101668.593853,27.408,4
2026-05-07T23:36:35.627391Z,101671.180761,27.672,4
2026-05-07T23:36:36.628839Z,101673.732634,28.006,4
2026-05-07T23:36:37.630293Z,101676.171287,27.753,4
2026-05-07T23:36:38.631800Z,101678.596391,27.478,4
2026-05-07T23:36:39.633258Z,101681.228098,27.768,5
2026-05-07T23:36:40.634762Z,101683.688785,26.402,5
2026-05-07T23:36:41.635390Z,101686.266537,26.368,5
2026-05-07T23:36:42.636862Z,101688.662894,26.255,5
2026-05-07T23:36:43.638297Z,101691.246871,26.336,5
2026-05-07T23:36:44.639466Z,101693.774819,26.253,6
2026-05-07T23:36:45.641018Z,101696.521272,27.028,6
2026-05-07T23:36:46.642572Z,101698.936488,26.225,6
2026-05-07T23:36:47.644054Z,101701.526264,25.941,7
2026-05-07T23:36:48.645599Z,101703.932081,25.913,7
2026-05-07T23:36:49.647131Z,101706.451117,26.259,7
2026-05-07T23:36:50.647898Z,101708.903626,26.335,7
2026-05-07T23:36:51.648595Z,101711.518487,25.924,7
2026-05-07T23:36:52.650063Z,101713.955676,25.949,7
2026-05-07T23:36:53.651496Z,101716.518474,26.044,7
2026-05-07T23:36:54.653026Z,101719.079503,26.039,7
2026-05-07T23:36:55.654517Z,101721.890775,25.665,7
2026-05-07T23:36:56.655395Z,101724.32125,25.865,7
2026-05-07T23:36:57.656889Z,101726.923843,25.737,7
2026-05-07T23:36:58.658363Z,101729.354684,25.782,7
2026-05-07T23:36:59.659392Z,101732.006899,25.878,7
2026-05-07T23:37:00.660908Z,101734.457027,26.074,7
2026-05-07T23:37:01.662371Z,101736.966786,25.772,7
2026-05-07T23:37:02.663480Z,101739.384138,26.079,7
2026-05-07T23:37:03.664538Z,101743.76639,26.122,7
2026-05-07T23:37:04.666055Z,101746.319606,26.162,7
2026-05-07T23:37:05.667497Z,101749.094624,25.919,7
2026-05-07T23:37:06.669189Z,101751.527296,26.106,7
2026-05-07T23:37:07.670786Z,101754.064887,25.977,8
2026-05-07T23:37:08.671481Z,101756.486817,26.206,8
2026-05-07T23:37:09.672986Z,101759.162103,26.012,8
2026-05-07T23:37:10.674478Z,101761.716357,25.739,9
2026-05-07T23:37:11.675409Z,101764.359965,25.529,9
2026-05-07T23:37:12.676939Z,101766.813817,25.781,9
2026-05-07T23:37:13.678456Z,101769.360197,25.704,9
2026-05-07T23:37:14.680069Z,101772.042624,25.749,10
2026-05-07T23:37:15.681653Z,101774.97621,25.577,10
2026-05-07T23:37:16.683331Z,101777.460579,25.497,9
2026-05-07T23:37:17.685023Z,101780.125916,25.235,9
2026-05-07T23:37:18.686487Z,101782.557551,25.404,9
2026-05-07T23:37:19.687476Z,101785.217029,25.492,7
2026-05-07T23:37:20.688946Z,101787.721112,25.131,10
2026-05-07T23:37:21.690484Z,101790.3635,25.339,7
2026-05-07T23:37:22.691477Z,101793.198759,25.643,7
2026-05-07T23:37:23.693147Z,101804.094727,25.049,6
2026-05-07T23:37:24.694702Z,101808.385182,25.409,11
2026-05-07T23:37:25.696276Z,101811.952129,25.565,7
2026-05-07T23:37:26.697805Z,101814.507725,25.344,7
2026-05-07T23:37:27.699329Z,101817.11215,25.469,7
2026-05-07T23:37:28.700874Z,101819.57894,25.798,7
2026-05-07T23:37:29.702381Z,101822.234573,25.591,7
2026-05-07T23:37:30.703472Z,101824.721444,25.156,7
2026-05-07T23:37:31.704995Z,101827.240786,25.586,8
2026-05-07T23:37:32.706535Z,101829.684566,25.497,9
2026-05-07T23:37:33.707772Z,101832.34966,25.387,9
2026-05-07T23:37:34.709301Z,101835.169171,25.616,9
2026-05-07T23:37:35.710390Z,101838.086766,25.812,8
2026-05-07T23:37:36.711920Z,101840.567656,25.544,9
2026-05-07T23:37:37.713436Z,101843.134544,25.868,9
2026-05-07T23:37:38.714960Z,101845.591142,25.649,10
2026-05-07T23:37:39.715483Z,101848.190378,25.792,9
2026-05-07T23:37:40.716940Z,101850.693607,25.568,10
2026-05-07T23:37:41.718405Z,101853.253903,25.691,10
2026-05-07T23:37:42.719480Z,101855.724417,25.489,9
2026-05-07T23:37:43.720934Z,101858.382491,25.516,11
2026-05-07T23:37:44.722448Z,101861.075355,25.558,10
2026-05-07T23:37:45.723920Z,101864.026703,25.853,10
2026-05-07T23:37:46.725380Z,101866.511559,25.258,10
2026-05-07T23:37:47.726833Z,101869.167131,25.804,10
2026-05-07T23:37:48.728319Z,101871.632274,25.554,10
2026-05-07T23:37:49.729853Z,101874.237553,25.632,10
2026-05-07T23:37:50.731339Z,101876.734251,25.944,10
2026-05-07T23:37:51.732792Z,101879.366263,25.996,11
2026-05-07T23:37:52.734250Z,101881.821213,25.8,10
2026-05-07T23:37:53.735398Z,101884.339822,25.752,10
2026-05-07T23:37:54.736847Z,101887.036165,25.867,11
2026-05-07T23:37:55.738305Z,101889.906214,25.939,11
2026-05-07T23:37:56.739430Z,101892.409686,25.419,11
2026-05-07T23:37:57.740890Z,101894.952344,25.607,12
2026-05-07T23:37:58.742334Z,101897.408697,26.098,11
2026-05-07T23:37:59.743415Z,101900.013366,26.215,12
2026-05-07T23:38:00.744855Z,101902.519707,25.867,12
2026-05-07T23:38:01.746285Z,101905.064073,25.969,12
2026-05-07T23:38:02.747436Z,101907.734659,25.656,13
2026-05-07T23:38:03.748705Z,101912.04428,25.741,12
2026-05-07T23:38:04.750264Z,101914.862327,25.752,13
2026-05-07T23:38:05.751492Z,101917.502213,26.029,14
2026-05-07T23:38:06.753057Z,101920.144967,25.752,13
2026-05-07T23:38:07.754593Z,101922.619631,26.08,13
2026-05-07T23:38:08.755482Z,101925.200618,26.216,12
2026-05-07T23:38:09.756952Z,101927.673573,26.172,13
2026-05-07T23:38:10.758476Z,101930.451032,26.175,13
2026-05-07T23:38:11.760002Z,101932.906714,25.924,12
2026-05-07T23:38:12.761501Z,101935.482452,25.887,13
2026-05-07T23:38:13.762959Z,101937.918542,26.212,13
2026-05-07T23:38:14.764404Z,101940.882402,25.932,13
2026-05-07T23:38:15.765854Z,101943.49769,25.661,12
2026-05-07T23:38:16.767292Z,101946.132632,25.857,13
2026-05-07T23:38:17.768900Z,101948.575375,25.775,10
2026-05-07T23:38:18.770408Z,101951.202566,25.701,10
2026-05-07T23:38:19.771485Z,101953.655684,25.66,11
2026-05-07T23:38:20.772991Z,101956.237892,26.128,11
2026-05-07T23:38:21.774465Z,101958.697359,25.997,11
2026-05-07T23:38:22.776025Z,101961.822229,25.699,11
2026-05-07T23:38:23.776538Z,101964.273699,25.557,11
2026-05-07T23:38:24.777420Z,101967.043895,25.718,11
2026-05-07T23:38:25.778976Z,101970.362185,25.995,11
2026-05-07T23:38:26.780587Z,101973.085444,25.492,11
2026-05-07T23:38:27.782135Z,101975.528553,25.47,12
2026-05-07T23:38:28.783470Z,101978.056257,25.422,11
2026-05-07T23:38:29.784997Z,101980.500403,25.655,12
2026-05-07T23:38:30.786517Z,101983.150543,25.542,12
2026-05-07T23:38:31.787481Z,101985.605676,25.854,12
2026-05-07T23:38:32.789021Z,101988.177935,25.763,13
2026-05-07T23:38:33.790569Z,101990.626476,25.898,12
2026-05-07T23:38:34.791479Z,101993.311955,25.979,12
2026-05-07T23:38:35.792395Z,101995.999204,26.069,12
2026-05-07T23:38:36.793893Z,101998.661673,25.635,12
2026-05-07T23:38:37.795005Z,102001.088302,25.843,12
2026-05-07T23:38:38.795822Z,102003.61979,26.16,13
2026-05-07T23:38:39.797259Z,102006.070345,26.226,12
2026-05-07T23:38:40.798712Z,102008.77505,26.27,12
2026-05-07T23:38:41.799481Z,102011.241719,25.855,12
2026-05-07T23:38:42.800988Z,102013.908643,26.091,13
2026-05-07T23:38:43.802515Z,102016.34809,26.017,12
2026-05-07T23:38:44.803410Z,102019.040466,26.242,13
2026-05-07T23:38:45.804917Z,102021.57885,25.907,13
2026-05-07T23:38:46.806285Z,102024.313279,26.215,14
2026-05-07T23:38:47.806756Z,102026.800456,26.364,14
2026-05-07T23:38:48.807873Z,102029.51041,26.485,14
2026-05-07T23:38:49.809392Z,102031.996304,25.978,14
2026-05-07T23:38:50.810842Z,102034.581198,26.026,14
2026-05-07T23:38:51.811391Z,102037.045058,25.674,14
2026-05-07T23:38:52.812805Z,102039.674446,25.687,14
2026-05-07T23:38:53.814220Z,102042.155824,25.602,14
2026-05-07T23:38:54.815389Z,102044.807307,25.9,14
2026-05-07T23:38:55.815990Z,102047.413379,25.802,14
2026-05-07T23:38:56.817511Z,102050.403728,25.88,15
2026-05-07T23:38:57.819048Z,102052.928685,25.893,15
2026-05-07T23:38:58.820592Z,102055.468534,25.906,15
2026-05-07T23:38:59.822125Z,102057.927329,26.161,15
2026-05-07T23:39:00.823632Z,102060.61586,26.017,15
2026-05-07T23:39:01.825147Z,102063.077768,25.912,15
2026-05-07T23:39:02.826704Z,102067.82214,25.823,15
2026-05-07T23:39:03.828167Z,102070.306692,26.199,15
2026-05-07T23:39:04.829703Z,102073.016707,26.009,15
2026-05-07T23:39:05.831231Z,102075.714271,25.614,15
2026-05-07T23:39:06.832784Z,102078.527923,26.103,15
2026-05-07T23:39:07.834304Z,102081.017358,26.171,15
2026-05-07T23:39:08.835812Z,102083.630816,26.114,16
2026-05-07T23:39:09.837320Z,102086.205333,25.795,16
2026-05-07T23:39:10.838635Z,102088.967533,25.777,15
2026-05-07T23:39:11.840164Z,102091.446469,25.672,16
2026-05-07T23:39:12.841669Z,102094.105337,26.1,16
2026-05-07T23:39:13.843130Z,102096.592147,25.941,16
2026-05-07T23:39:14.844695Z,102099.281838,26.289,16
2026-05-07T23:39:15.846224Z,102101.925447,26.064,17
2026-05-07T23:39:16.847482Z,102104.604578,26.283,14
2026-05-07T23:39:17.849023Z,102107.097736,26.08,13
2026-05-07T23:39:18.850532Z,102109.690807,26.205,15
2026-05-07T23:39:19.852049Z,102112.154363,26.317,15
2026-05-07T23:39:20.853566Z,102114.837645,26.781,0
2026-05-07T23:39:21.855086Z,102117.291191,26.158,0
2026-05-07T23:39:22.856617Z,102119.964158,26.282,0
2026-05-07T23:39:23.858206Z,102123.976538,26.184,0
2026-05-07T23:39:24.859523Z,102126.57492,26.262,0
2026-05-07T23:39:25.861058Z,102129.952108,26.827,0
2026-05-07T23:39:26.862588Z,102132.696852,26.954,0
2026-05-07T23:39:27.864113Z,102135.192573,26.187,0
2026-05-07T23:39:28.865623Z,102137.71692,26.381,0
2026-05-07T23:39:29.867014Z,102140.267695,26.598,0
2026-05-07T23:39:30.868586Z,102142.735767,26.661,0
2026-05-07T23:39:31.870101Z,102145.446392,26.876,0
2026-05-07T23:39:32.871628Z,102147.878637,26.796,0
2026-05-07T23:39:33.873162Z,102150.50009,26.785,0
2026-05-07T23:39:34.874698Z,102152.969994,27.175,0
2026-05-07T23:39:35.875416Z,102158.575753,26.938,0
2026-05-07T23:39:36.876603Z,102161.207033,26.812,0
2026-05-07T23:39:37.878304Z,102163.819392,26.293,0
2026-05-07T23:39:38.879475Z,102166.269459,26.541,0
2026-05-07T23:39:39.880988Z,102171.193824,26.065,0
2026-05-07T23:39:40.882519Z,102173.739105,25.784,0
2026-05-07T23:39:41.883464Z,102176.295556,26.122,0
2026-05-07T23:39:42.885000Z,102178.757525,26.066,0
2026-05-07T23:39:43.886509Z,102181.342357,26.172,0
2026-05-07T23:39:44.887491Z,102183.803167,25.925,0
2026-05-07T23:39:45.889040Z,102186.520567,26.514,4
2026-05-07T23:39:46.890570Z,102189.133719,26.595,0
2026-05-07T23:39:47.891487Z,102191.839645,26.132,0
2026-05-07T23:39:48.892995Z,102194.310159,26.207,0
2026-05-07T23:39:49.894509Z,102196.911776,26.316,0
2026-05-07T23:39:50.895482Z,102199.377101,26.677,0
2026-05-07T23:39:51.897025Z,102202.097248,26.615,0
2026-05-07T23:39:52.898554Z,102204.596143,26.708,0
2026-05-07T23:39:53.899468Z,102207.210699,26.612,0
2026-05-07T23:39:54.900999Z,102209.689697,26.853,0
2026-05-07T23:39:55.902513Z,102212.554741,26.567,2
2026-05-07T23:39:56.903471Z,102215.339341,26.474,0
2026-05-07T23:39:57.905015Z,102218.061197,26.175,1
2026-05-07T23:39:58.906561Z,102220.54587,26.284,0
2026-05-07T23:39:59.907465Z,102223.250148,26.019,0
2026-05-07T23:40:00.908979Z,102225.748067,26.061,0
2026-05-07T23:40:01.910497Z,102228.372572,26.081,0
2026-05-07T23:40:02.912018Z,102232.656069,26.464,0
2026-05-07T23:40:03.913625Z,102235.318294,26.407,0
2026-05-07T23:40:04.915134Z,102237.834034,26.212,0
2026-05-07T23:40:05.916696Z,102240.613568,26.694,0
2026-05-07T23:40:06.918227Z,102243.326757,26.686,0
2026-05-07T23:40:07.919470Z,102246.021513,26.259,0
2026-05-07T23:40:08.920986Z,102248.499351,26.147,0
2026-05-07T23:40:09.922448Z,102251.147904,26.432,0
2026-05-07T23:40:10.923461Z,102253.643564,26.423,0
2026-05-07T23:40:11.924977Z,102256.318728,26.711,0
2026-05-07T23:40:12.926492Z,102258.77496,26.268,0
2026-05-07T23:40:13.928007Z,102261.371877,26.374,0
2026-05-07T23:40:14.929898Z,102263.875777,26.15,0
2026-05-07T23:40:15.931432Z,102266.774939,26.139,0
2026-05-07T23:40:16.932955Z,102269.50064,25.788,0
2026-05-07T23:40:17.934487Z,102272.091454,25.675,0
2026-05-07T23:40:18.935987Z,102274.536272,25.883,0
2026-05-07T23:40:19.937503Z,102277.093394,26.188,0
2026-05-07T23:40:20.939025Z,102279.579716,26.472,0
2026-05-07T23:40:21.940564Z,102282.141721,26.359,0
2026-05-07T23:40:22.942102Z,102284.897878,26.411,0
2026-05-07T23:40:23.943619Z,102287.495162,26.264,0
2026-05-07T23:40:24.945077Z,102289.973732,26.391,0
2026-05-07T23:40:25.946573Z,102293.451629,26.265,0
2026-05-07T23:40:26.947470Z,102296.213706,25.822,0
2026-05-07T23:40:27.949001Z,102298.820572,26.398,0
2026-05-07T23:40:28.950515Z,102301.268076,26.573,0
2026-05-07T23:40:29.952014Z,102303.877688,26.051,0
2026-05-07T23:40:30.953542Z,102306.345822,26.548,0
2026-05-07T23:40:31.955061Z,102308.986806,26.715,0
2026-05-07T23:40:32.956567Z,102311.432967,26.662,0
2026-05-07T23:40:33.958061Z,102314.070411,26.498,0
2026-05-07T23:40:34.959460Z,102316.658417,26.455,0
2026-05-07T23:40:35.961162Z,102319.453515,26.307,0
2026-05-07T23:40:36.962699Z,102322.084734,26.845,0
2026-05-07T23:40:37.964238Z,102324.798899,26.395,0
2026-05-07T23:40:38.965778Z,102327.251957,25.674,0
2026-05-07T23:40:39.967291Z,102329.844968,26.149,0
2026-05-07T23:40:40.968989Z,102332.368094,26.411,0
2026-05-07T23:40:41.970456Z,102335.025863,25.601,0
2026-05-07T23:40:42.971553Z,102337.460183,25.707,0
2026-05-07T23:40:43.973070Z,102340.078401,25.862,0
2026-05-07T23:40:44.974595Z,102342.565272,26.612,0
2026-05-07T23:40:45.976110Z,102345.552753,26.548,0
2026-05-07T23:40:46.977656Z,102348.327098,25.939,0
2026-05-07T23:40:47.979110Z,102350.957585,25.63,0
2026-05-07T23:40:48.980615Z,102353.450132,25.704,0
2026-05-07T23:40:49.981434Z,102356.05596,26.098,0
2026-05-07T23:40:50.982618Z,102358.624741,25.929,1
2026-05-07T23:40:51.983387Z,102361.152932,26.515,1
2026-05-07T23:40:52.984863Z,102363.950899,25.953,1
2026-05-07T23:40:53.986042Z,102366.433558,26.218,1
2026-05-07T23:40:54.987496Z,102369.134479,25.589,1
2026-05-07T23:40:55.989194Z,102371.745312,25.701,1
2026-05-07T23:40:56.990871Z,102374.733464,26.351,2
2026-05-07T23:40:57.992579Z,102377.240843,26.942,2
2026-05-07T23:40:58.994280Z,102379.971244,26.686,2
2026-05-07T23:40:59.995966Z,102382.537704,25.849,2
2026-05-07T23:41:00.997662Z,102385.262124,26.099,2
2026-05-07T23:41:01.999377Z,102387.750887,26.222,2
2026-05-07T23:41:03.001084Z,102392.531758,25.553,2
2026-05-07T23:41:04.002774Z,102395.021132,25.518,2
2026-05-07T23:41:05.003390Z,102397.686408,25.97,2
2026-05-07T23:41:06.004847Z,102400.309998,26.551,3
2026-05-07T23:41:07.006304Z,102403.1419,26.199,3
2026-05-07T23:41:08.007390Z,102405.601183,25.55,3
2026-05-07T23:41:09.008842Z,102408.290995,25.774,0
2026-05-07T23:41:10.010350Z,102410.830356,26.733,0
2026-05-07T23:41:11.011477Z,102413.587002,26.059,0
2026-05-07T23:41:12.012937Z,102416.121236,25.882,0
2026-05-07T23:41:13.014378Z,102418.745009,25.729,0
2026-05-07T23:41:14.015825Z,102421.190804,25.843,0
2026-05-07T23:41:15.017255Z,102423.959961,26.183,0
2026-05-07T23:41:16.018699Z,102426.566522,26.487,0
2026-05-07T23:41:17.019456Z,102429.552415,26.995,1
2026-05-07T23:41:18.020912Z,102432.040019,25.777,1
2026-05-07T23:41:19.022400Z,102434.771884,25.747,1
2026-05-07T23:41:20.023476Z,102437.234158,26.11,1
2026-05-07T23:41:21.024990Z,102439.850851,26.813,1
2026-05-07T23:41:22.026526Z,102442.319656,26.214,1
2026-05-07T23:41:23.027477Z,102445.35218,25.963,1
2026-05-07T23:41:24.029095Z,102449.369442,25.684,2
2026-05-07T23:41:25.030747Z,102451.945119,25.712,2
2026-05-07T23:41:26.032275Z,102455.394818,25.976,2
2026-05-07T23:41:27.033749Z,102458.299717,25.949,2
2026-05-07T23:41:28.035197Z,102460.80911,25.987,2
2026-05-07T23:41:29.036653Z,102463.432456,25.807,3
2026-05-07T23:41:30.038179Z,102465.885208,25.912,2
2026-05-07T23:41:31.039392Z,102468.495614,25.909,3
2026-05-07T23:41:32.040918Z,102470.923342,25.746,3
2026-05-07T23:41:33.042423Z,102473.592952,25.552,3
2026-05-07T23:41:34.043970Z,102476.031178,25.43,3
2026-05-07T23:41:35.045482Z,102478.581282,25.715,3
2026-05-07T23:41:36.047029Z,102481.117957,25.525,3
2026-05-07T23:41:37.048503Z,102484.222197,25.358,3
2026-05-07T23:41:38.049795Z,102486.749229,25.418,3
2026-05-07T23:41:39.051336Z,102489.436417,25.564,3
2026-05-07T23:41:40.052895Z,102491.895823,25.592,3
2026-05-07T23:41:41.054333Z,102494.653323,25.751,3
2026-05-07T23:41:42.055463Z,102497.097531,25.631,3
2026-05-07T23:41:43.056993Z,102499.65093,25.768,3
2026-05-07T23:41:44.058530Z,102502.108565,25.785,3
2026-05-07T23:41:45.059473Z,102504.707313,25.636,3
2026-05-07T23:41:46.060947Z,102507.222566,25.754,3
2026-05-07T23:41:47.062396Z,102510.026392,25.891,4
2026-05-07T23:41:48.063465Z,102512.796343,25.666,4
2026-05-07T23:41:49.064925Z,102515.414012,25.549,4
2026-05-07T23:41:50.066383Z,102517.873417,25.701,4
2026-05-07T23:41:51.067414Z,102522.937796,25.781,4
2026-05-07T23:41:52.068902Z,102525.417893,25.684,5
2026-05-07T23:41:53.070352Z,102528.061746,25.626,5
2026-05-07T23:41:54.071463Z,102530.512789,25.546,5
2026-05-07T23:41:55.072939Z,102533.081264,25.653,5
2026-05-07T23:41:56.074458Z,102535.546834,25.723,5
2026-05-07T23:41:57.075482Z,102538.258741,25.4,5
2026-05-07T23:41:58.077008Z,102540.85871,25.567,5
2026-05-07T23:41:59.078539Z,102543.424805,25.637,5
2026-05-07T23:42:00.079421Z,102545.910821,25.623,5
2026-05-07T23:42:01.080712Z,102548.595018,25.524,5
2026-05-07T23:42:02.082179Z,102551.059184,25.454,5
2026-05-07T23:42:03.083471Z,102555.649688,25.277,5
2026-05-07T23:42:04.084939Z,102558.092797,25.519,5
2026-05-07T23:42:05.086358Z,102560.74257,25.807,5
2026-05-07T23:42:06.087798Z,102563.200816,25.448,5
2026-05-07T23:42:07.089265Z,102566.007266,26.148,9
2026-05-07T23:42:08.090801Z,102568.716732,25.658,3
2026-05-07T23:42:09.092303Z,102571.352467,25.976,4
2026-05-07T23:42:10.093760Z,102573.953291,26.221,3
2026-05-07T23:42:11.095207Z,102576.560462,26.174,3
2026-05-07T23:42:12.096837Z,102578.988434,25.92,3
2026-05-07T23:42:13.098262Z,102581.536707,25.812,3
2026-05-07T23:42:14.099411Z,102585.735243,25.735,4
2026-05-07T23:42:15.100866Z,102588.450934,25.587,5
2026-05-07T23:42:16.102382Z,102590.907654,26.012,4
2026-05-07T23:42:17.103440Z,102593.597833,26.438,5
2026-05-07T23:42:18.104744Z,102596.232714,26.339,5
2026-05-07T23:42:19.106246Z,102598.738628,26.267,7
2026-05-07T23:42:20.107393Z,102601.380101,26.269,5
2026-05-07T23:42:21.108990Z,102603.816557,26.403,0
2026-05-07T23:42:22.110497Z,102606.409262,26.022,0
2026-05-07T23:42:23.111472Z,102609.193679,26.102,0
2026-05-07T23:42:24.113042Z,102611.747811,26.26,0
2026-05-07T23:42:25.114578Z,102614.223024,26.064,0
2026-05-07T23:42:26.115469Z,102617.498223,25.983,0
2026-05-07T23:42:27.117021Z,102620.204332,26.402,5
2026-05-07T23:42:28.118542Z,102622.995341,26.017,0
2026-05-07T23:42:29.119457Z,102625.459873,26.113,1
2026-05-07T23:42:30.120972Z,102628.128628,25.737,0
2026-05-07T23:42:31.122440Z,102630.591574,25.78,0
2026-05-07T23:42:32.123464Z,102633.161391,25.818,0
2026-05-07T23:42:33.124988Z,102635.599556,25.752,0
2026-05-07T23:42:34.126499Z,102638.18683,26.137,0
2026-05-07T23:42:35.128036Z,102640.665034,26.243,0
2026-05-07T23:42:36.129552Z,102643.295704,26.098,0
2026-05-07T23:42:37.131068Z,102645.856427,26.271,0
2026-05-07T23:42:38.132663Z,102648.560461,25.813,0
2026-05-07T23:42:39.134209Z,102651.008208,25.855,0
2026-05-07T23:42:40.135469Z,102653.643333,25.933,0
2026-05-07T23:42:41.137004Z,102656.084123,25.832,0
2026-05-07T23:42:42.138536Z,102658.66627,26.028,0
2026-05-07T23:42:43.139485Z,102661.110599,25.857,0
2026-05-07T23:42:44.141004Z,102663.699948,26.211,0
2026-05-07T23:42:45.142460Z,102666.15618,26.138,0
2026-05-07T23:42:46.143983Z,102668.734786,26.309,0
2026-05-07T23:42:47.145452Z,102671.470314,25.768,0
2026-05-07T23:42:48.146966Z,102674.190217,25.815,0
2026-05-07T23:42:49.148461Z,102676.652491,26.26,0
2026-05-07T23:42:50.149977Z,102679.269244,26.128,0
2026-05-07T23:42:51.151411Z,102681.722729,25.891,0
2026-05-07T23:42:52.152934Z,102684.366094,25.961,0
2026-05-07T23:42:53.154469Z,102686.787719,26.047,0
2026-05-07T23:42:54.155981Z,102689.390312,26.024,0
2026-05-07T23:42:55.157520Z,102691.866563,26.213,0
2026-05-07T23:42:56.159064Z,102694.467509,25.996,0
2026-05-07T23:42:57.160744Z,102697.043064,26.197,0
2026-05-07T23:42:58.161627Z,102699.750393,26.143,0
2026-05-07T23:42:59.163087Z,102702.211691,26.353,0
2026-05-07T23:43:00.164624Z,102704.744948,26.213,0
2026-05-07T23:43:01.166145Z,102707.182198,25.977,0
2026-05-07T23:43:02.167467Z,102709.842164,25.868,0
2026-05-07T23:43:03.169014Z,102714.232595,26.079,0
2026-05-07T23:43:04.170567Z,102716.87364,26.037,0
2026-05-07T23:43:05.171393Z,102719.352821,26.294,0
2026-05-07T23:43:06.172901Z,102721.951996,26.183,0
2026-05-07T23:43:07.174431Z,102724.511926,26.133,0
2026-05-07T23:43:08.175984Z,102727.432939,26.321,0
2026-05-07T23:43:09.177511Z,102729.903209,26.593,0
2026-05-07T23:43:10.179044Z,102732.536808,26.382,0
2026-05-07T23:43:11.180616Z,102734.973264,26.293,0
2026-05-07T23:43:12.182152Z,102737.571646,26.514,0
2026-05-07T23:43:13.183460Z,102739.992966,26.015,0
2026-05-07T23:43:14.184991Z,102742.525125,25.777,0
2026-05-07T23:43:15.186536Z,102744.972201,26.026,0
2026-05-07T23:43:16.187476Z,102747.476528,25.817,0
2026-05-07T23:43:17.188997Z,102750.042196,25.954,0
2026-05-07T23:43:18.190555Z,102752.674635,25.833,0
2026-05-07T23:43:19.192095Z,102755.149055,26.054,0
2026-05-07T23:43:20.193558Z,102757.756165,25.846,0
2026-05-07T23:43:21.195022Z,102760.204828,25.98,0
2026-05-07T23:43:22.196559Z,102762.785754,26.225,0
2026-05-07T23:43:23.198104Z,102765.630351,26.111,0
2026-05-07T23:43:24.199392Z,102769.809906,25.83,0
2026-05-07T23:43:25.200992Z,102772.278345,26.171,0
2026-05-07T23:43:26.202516Z,102775.656632,25.917,0
2026-05-07T23:43:27.204053Z,102778.235117,25.477,0
2026-05-07T23:43:28.205621Z,102781.022707,25.953,0
2026-05-07T23:43:29.207153Z,102783.481929,25.916,0
2026-05-07T23:43:30.208698Z,102786.064198,26.171,0
2026-05-07T23:43:31.210159Z,102788.47856,25.795,0
2026-05-07T23:43:32.211421Z,102791.060401,26.194,0
2026-05-07T23:43:33.212941Z,102793.493683,26.191,0
2026-05-07T23:43:34.214406Z,102796.114343,25.864,0
2026-05-07T23:43:35.215493Z,102798.575458,26.103,0
2026-05-07T23:43:36.216955Z,102801.144787,26.287,0
2026-05-07T23:43:37.218065Z,102803.724309,26.128,0
2026-05-07T23:43:38.219491Z,102806.530027,26.194,0
2026-05-07T23:43:39.220829Z,102809.053519,25.958,0
2026-05-07T23:43:40.221650Z,102811.508347,26.087,0
2026-05-07T23:43:41.223075Z,102814.198342,26.109,0
2026-05-07T23:43:42.224576Z,102816.637728,26.331,0
2026-05-07T23:43:43.226108Z,102819.254909,26.217,0
2026-05-07T23:43:44.227468Z,102821.655599,25.967,0
2026-05-07T23:43:45.228974Z,102824.270887,26.073,0
2026-05-07T23:43:46.230523Z,102826.701545,25.92,0
2026-05-07T23:43:47.231480Z,102829.520447,26.141,0
2026-05-07T23:43:48.232947Z,102832.252068,26.495,0
2026-05-07T23:43:49.234445Z,102834.864305,26.089,0
2026-05-07T23:43:50.235474Z,102837.373576,25.861,0
2026-05-07T23:43:51.237006Z,102840.021152,25.889,0
2026-05-07T23:43:52.238474Z,102842.468534,26.029,0
2026-05-07T23:43:53.239959Z,102845.140219,26.009,0
2026-05-07T23:43:54.241489Z,102847.596633,25.715,0
2026-05-07T23:43:55.243009Z,102850.243111,25.537,0
2026-05-07T23:43:56.244584Z,102852.703432,25.937,0
2026-05-07T23:43:57.246119Z,102855.415278,25.603,0
2026-05-07T23:43:58.247492Z,102857.969471,25.888,0
2026-05-07T23:43:59.249032Z,102860.656475,25.943,0
2026-05-07T23:44:00.250580Z,102863.15183,25.481,0
2026-05-07T23:44:01.252105Z,102865.71707,26.06,0
2026-05-07T23:44:02.253640Z,102868.149498,26.177,0
2026-05-07T23:44:03.255173Z,102872.809154,26.244,0
2026-05-07T23:44:04.256737Z,102876.539125,26.023,0
2026-05-07T23:44:05.258438Z,102879.050898,26.138,0
2026-05-07T23:44:06.259465Z,102881.452748,26.062,0
2026-05-07T23:44:07.260986Z,102884.11131,26.07,0
2026-05-07T23:44:08.262830Z,102886.678687,26.138,0
2026-05-07T23:44:09.264391Z,102889.217804,25.858,0
2026-05-07T23:44:10.265941Z,102891.755944,25.927,0
2026-05-07T23:44:11.267490Z,102894.362017,26.023,0
2026-05-07T23:44:12.269027Z,102896.765636,26.122,0
2026-05-07T23:44:13.270563Z,102899.353764,26.409,0
2026-05-07T23:44:14.272103Z,102901.81262,26.479,0
2026-05-07T23:44:15.273650Z,102904.377982,26.51,0
2026-05-07T23:44:16.275207Z,102906.81334,26.301,0
2026-05-07T23:44:17.276772Z,102909.516763,26.29,0
2026-05-07T23:44:18.278323Z,102912.121431,26.244,0
2026-05-07T23:44:19.279868Z,102914.68838,26.272,0
2026-05-07T23:44:20.281407Z,102917.137654,26.228,0
2026-05-07T23:44:21.282957Z,102919.78047,26.263,0
2026-05-07T23:44:22.284623Z,102922.229926,25.994,0
2026-05-07T23:44:23.286134Z,102925.208068,25.796,0
2026-05-07T23:44:24.287689Z,102927.624383,25.832,0
2026-05-07T23:44:25.289215Z,102930.155565,26.103,0
2026-05-07T23:44:26.290752Z,102933.266458,26.139,0
2026-05-07T23:44:27.291480Z,102935.901217,26.325,0
2026-05-07T23:44:28.293018Z,102938.480129,26.324,0
2026-05-07T23:44:29.294706Z,102941.038716,26.076,0
2026-05-07T23:44:30.296247Z,102943.507765,25.825,0
2026-05-07T23:44:31.297775Z,102946.181037,25.752,0
2026-05-07T23:44:32.299320Z,102948.623963,25.351,0
2026-05-07T23:44:33.300858Z,102951.207025,25.415,0
2026-05-07T23:44:34.302397Z,102953.6552,25.837,0
2026-05-07T23:44:35.303935Z,102956.331096,25.784,0
2026-05-07T23:44:36.305473Z,102958.802159,25.822,0
2026-05-07T23:44:37.307000Z,102961.622342,25.825,0
2026-05-07T23:44:38.308486Z,102964.333029,26.1,4
2026-05-07T23:44:39.309965Z,102966.905105,26.186,0
2026-05-07T23:44:40.311496Z,102969.395089,26.38,1
2026-05-07T23:44:41.313033Z,102971.94391,26.245,0
2026-05-07T23:44:42.314561Z,102974.386226,26.281,0
2026-05-07T23:44:43.316082Z,102976.933399,26.198,0
2026-05-07T23:44:44.317631Z,102979.387434,26.264,0
2026-05-07T23:44:45.319146Z,102981.981421,26.087,0
2026-05-07T23:44:46.320683Z,102984.416046,26.19,0
2026-05-07T23:44:47.322138Z,102987.205102,26.079,0
2026-05-07T23:44:48.323393Z,102989.766924,25.927,2
2026-05-07T23:44:49.325263Z,102992.619761,25.87,0
2026-05-07T23:44:50.326807Z,102995.157047,26.078,0
2026-05-07T23:44:51.328327Z,102997.745663,26.16,0
2026-05-07T23:44:52.329866Z,103000.217825,26.017,0
2026-05-07T23:44:53.331405Z,103002.745162,25.818,0
2026-05-07T23:44:54.332944Z,103005.223427,25.879,0
2026-05-07T23:44:55.334453Z,103007.849885,25.861,0
2026-05-07T23:44:56.335404Z,103010.385767,25.473,0
2026-05-07T23:44:57.336525Z,103012.906696,25.556,0
2026-05-07T23:44:58.337847Z,103015.627453,25.572,0
2026-05-07T23:44:59.339407Z,103018.331609,25.547,0
2026-05-07T23:45:00.340947Z,103021.042967,25.475,0
2026-05-07T23:45:01.342496Z,103023.490165,25.614,0
2026-05-07T23:45:02.344018Z,103026.177353,25.521,0
2026-05-07T23:45:03.345555Z,103030.444188,25.494,0
2026-05-07T23:45:04.347110Z,103033.061674,25.671,0
2026-05-07T23:45:05.348681Z,103035.537253,25.792,0
2026-05-07T23:45:06.350218Z,103038.193069,25.583,0
2026-05-07T23:45:07.351680Z,103040.628976,25.585,0
2026-05-07T23:45:08.353183Z,103043.521974,25.947,0
2026-05-07T23:45:09.354738Z,103046.244196,25.695,0
2026-05-07T23:45:10.355478Z,103049.0031,25.428,0
2026-05-07T23:45:11.357020Z,103051.466595,25.725,0
2026-05-07T23:45:12.358547Z,103054.088109,25.775,0
2026-05-07T23:45:13.360086Z,103056.544646,25.99,0
2026-05-07T23:45:14.361618Z,103059.147178,26.169,0
2026-05-07T23:45:15.363161Z,103061.62819,25.745,0
2026-05-07T23:45:16.364718Z,103064.271188,25.585,0
2026-05-07T23:45:17.366263Z,103066.72504,26.015,0
2026-05-07T23:45:18.367787Z,103069.538326,26.019,0
2026-05-07T23:45:19.369334Z,103072.131703,26.187,0
2026-05-07T23:45:20.370874Z,103074.73863,26.427,0
2026-05-07T23:45:21.371473Z,103077.199317,26.517,0
2026-05-07T23:45:22.373000Z,103079.892669,26.231,0
2026-05-07T23:45:23.374546Z,103082.611779,26.391,0
2026-05-07T23:45:24.376075Z,103086.85896,26.567,0
2026-05-07T23:45:25.377632Z,103089.360541,25.626,0
2026-05-07T23:45:26.379171Z,103092.772824,26.042,0
2026-05-07T23:45:27.380737Z,103095.230094,26.411,0
2026-05-07T23:45:28.382275Z,103098.091414,26.261,0
2026-05-07T23:45:29.383403Z,103100.735695,26.462,0
2026-05-07T23:45:30.384856Z,103131.538716,26.033,0
2026-05-07T23:45:31.386127Z,103147.623331,25.34,0
2026-05-07T23:45:32.387477Z,103150.285434,26.222,0
2026-05-07T23:45:33.389017Z,103152.732266,26.698,0
2026-05-07T23:45:34.390541Z,103155.322652,26.468,0
2026-05-07T23:45:35.392003Z,103157.844008,25.94,0
2026-05-07T23:45:36.393528Z,103160.644721,26.34,0
2026-05-07T23:45:37.395078Z,103163.098267,25.85,0
2026-05-07T23:45:38.396618Z,103165.806817,26.225,0
2026-05-07T23:45:39.398174Z,103168.579271,26.266,0
2026-05-07T23:45:40.399492Z,103171.256632,26.043,0
2026-05-07T23:45:41.401030Z,103173.690647,26.03,0
2026-05-07T23:45:42.402551Z,103176.338162,25.891,0
2026-05-07T23:45:43.403474Z,103178.78884,25.963,0
2026-05-07T23:45:44.405004Z,103181.395522,25.992,0
2026-05-07T23:45:45.406561Z,103183.873727,26.291,0
2026-05-07T23:45:46.407478Z,103186.541627,26.937,0
2026-05-07T23:45:47.409014Z,103189.007441,26.476,0
2026-05-07T23:45:48.410537Z,103191.671558,26.627,0
2026-05-07T23:45:49.412094Z,103194.407635,26.061,0
2026-05-07T23:45:50.413637Z,103197.048864,26.197,0
2026-05-07T23:45:51.415109Z,103199.520598,26.207,0
2026-05-07T23:45:52.416647Z,103202.069725,26.099,0
2026-05-07T23:45:53.418188Z,103204.5132,25.966,0
2026-05-07T23:45:54.419482Z,103207.186899,26.347,0
2026-05-07T23:45:55.421023Z,103209.645145,26.253,0
2026-05-07T23:45:56.422553Z,103212.20776,25.707,0
2026-05-07T23:45:57.424098Z,103214.647574,25.716,0
2026-05-07T23:45:58.425638Z,103217.383284,26.064,0
2026-05-07T23:45:59.427185Z,103220.106178,26.304,0
2026-05-07T23:46:00.428751Z,103222.816559,25.673,0
2026-05-07T23:46:01.430297Z,103225.310388,25.64,0
2026-05-07T23:46:02.431478Z,103227.908404,25.699,0
2026-05-07T23:46:03.433023Z,103232.472967,25.656,0
2026-05-07T23:46:04.434570Z,103235.129272,25.17,0
2026-05-07T23:46:05.435475Z,103237.627129,25.85,0
2026-05-07T23:46:06.437009Z,103240.275438,25.619,0
2026-05-07T23:46:07.438541Z,103242.748576,25.205,0
2026-05-07T23:46:08.440067Z,103245.488193,25.233,0
2026-05-07T23:46:09.441634Z,103248.061612,25.435,0
2026-05-07T23:46:10.443250Z,103250.869954,25.466,0
2026-05-07T23:46:11.444803Z,103253.49983,25.708,0
2026-05-07T23:46:12.446407Z,103256.049445,25.534,0
2026-05-07T23:46:13.447390Z,103258.529114,25.559,0
2026-05-07T23:46:14.448825Z,103261.114862,25.415,0
2026-05-07T23:46:15.450359Z,103263.616503,25.398,0
2026-05-07T23:46:16.451475Z,103266.174602,25.029,0
2026-05-07T23:46:17.453010Z,103268.661473,25.028,0
2026-05-07T23:46:18.454545Z,103271.37161,25.752,0
2026-05-07T23:46:19.456086Z,103273.965903,25.149,0
2026-05-07T23:46:20.457620Z,103276.609146,25.217,0
2026-05-07T23:46:21.459160Z,103279.074716,24.87,0
2026-05-07T23:46:22.460702Z,103281.692324,25.166,0
2026-05-07T23:46:23.462247Z,103284.518061,24.928,0
2026-05-07T23:46:24.463461Z,103287.085621,25.381,0
2026-05-07T23:46:25.464987Z,103289.605817,25.225,0
2026-05-07T23:46:26.466507Z,103292.727879,24.982,0
2026-05-07T23:46:27.467480Z,103295.204191,24.967,0
2026-05-07T23:46:28.468939Z,103300.575637,25.44,0
2026-05-07T23:46:29.470403Z,103303.318367,25.363,0
2026-05-07T23:46:30.471941Z,103305.832704,25.177,0
2026-05-07T23:46:31.473418Z,103308.477839,25.101,0
2026-05-07T23:46:32.474949Z,103310.887928,24.94,0
2026-05-07T23:46:33.476420Z,103313.584332,25.01,0
2026-05-07T23:46:34.477808Z,103316.016943,25.108,0
2026-05-07T23:46:35.479250Z,103318.703582,25.32,0
2026-05-07T23:46:36.480723Z,103321.1614,25.628,0
2026-05-07T23:46:37.482214Z,103323.841264,25.197,0
2026-05-07T23:46:38.483476Z,103326.508981,25.193,0
2026-05-07T23:46:39.485012Z,103329.204226,25.025,0
2026-05-07T23:46:40.485682Z,103331.692867,25.092,0
2026-05-07T23:46:41.486419Z,103334.356068,25.283,0
2026-05-07T23:46:42.487385Z,103336.805891,25.186,0
2026-05-07T23:46:43.488443Z,103339.481238,24.949,0
2026-05-07T23:46:44.489980Z,103341.955048,25.213,0
2026-05-07T23:46:45.491513Z,103344.769372,24.923,0
2026-05-07T23:46:46.493054Z,103347.218828,25.044,0
2026-05-07T23:46:47.494570Z,103349.915599,25.027,0
2026-05-07T23:46:48.496100Z,103352.443546,25.288,0
2026-05-07T23:46:49.497654Z,103355.304562,25.476,0
2026-05-07T23:46:50.499195Z,103357.813345,25.045,0
2026-05-07T23:46:51.500727Z,103360.502608,25.203,0
2026-05-07T23:46:52.502260Z,103362.927223,25.552,0
2026-05-07T23:46:53.503769Z,103365.470491,25.489,0
2026-05-07T23:46:54.505295Z,103367.919154,25.816,0
2026-05-07T23:46:55.506810Z,103370.501117,25.147,0
2026-05-07T23:46:56.508341Z,103372.956128,24.81,0
2026-05-07T23:46:57.509872Z,103375.689947,25.243,0
2026-05-07T23:46:58.511420Z,103378.232604,25.207,0
2026-05-07T23:46:59.512946Z,103380.999504,24.896,0
2026-05-07T23:47:00.514481Z,103383.514939,25.023,0
2026-05-07T23:47:01.515474Z,103386.192972,24.63,0
2026-05-07T23:47:02.516994Z,103388.620456,24.471,0
2026-05-07T23:47:03.518502Z,103393.57369,24.365,0
2026-05-07T23:47:04.519457Z,103396.023391,24.569,0
2026-05-07T23:47:05.520961Z,103398.687264,24.634,0
2026-05-07T23:47:06.522486Z,103401.152711,24.686,0
2026-05-07T23:47:07.523998Z,103403.714411,25.004,0
2026-05-07T23:47:08.525522Z,103406.28722,25.511,5
2026-05-07T23:47:09.526991Z,103409.171612,25.436,0
2026-05-07T23:47:10.528495Z,103411.808324,25.087,1
2026-05-07T23:47:11.529903Z,103414.453275,24.976,0
2026-05-07T23:47:12.530815Z,103416.887107,24.864,0
2026-05-07T23:47:13.532330Z,103419.438492,25.002,0
2026-05-07T23:47:14.533860Z,103421.891306,25.118,0
2026-05-07T23:47:15.535394Z,103424.49158,24.915,0
2026-05-07T23:47:16.536925Z,103426.950985,25.003,0
2026-05-07T23:47:17.538439Z,103429.607472,25.271,0
2026-05-07T23:47:18.539960Z,103432.306562,24.827,0
2026-05-07T23:47:19.541497Z,103435.263769,25.251,0
2026-05-07T23:47:20.543025Z,103437.773772,24.962,0
2026-05-07T23:47:21.544509Z,103440.422813,25.014,0
2026-05-07T23:47:22.545909Z,103442.851213,24.678,0
2026-05-07T23:47:23.547395Z,103445.67872,24.738,0
2026-05-07T23:47:24.548220Z,103449.825194,24.496,0
2026-05-07T23:47:25.549769Z,103453.226736,24.789,0
2026-05-07T23:47:26.551309Z,103455.704391,24.371,0
2026-05-07T23:47:27.552838Z,103458.320839,24.655,0
2026-05-07T23:47:28.553841Z,103461.034394,24.646,0
2026-05-07T23:47:29.554950Z,103463.926843,24.815,0
2026-05-07T23:47:30.555488Z,103466.448137,24.885,0
2026-05-07T23:47:31.557010Z,103469.124522,25.265,0
2026-05-07T23:47:32.558550Z,103471.577458,25.008,0
2026-05-07T23:47:33.560066Z,103474.13928,24.691,0
2026-05-07T23:47:34.561580Z,103476.580192,24.909,0
2026-05-07T23:47:35.563090Z,103479.220199,25.104,0
2026-05-07T23:47:36.564630Z,103481.685464,25.291,0
2026-05-07T23:47:37.566131Z,103484.229952,25.28,0
2026-05-07T23:47:38.567398Z,103486.754909,25.303,0
2026-05-07T23:47:39.568702Z,103489.372151,25.189,0
2026-05-07T23:47:40.569315Z,103491.98921,25.153,0
2026-05-07T23:47:41.570848Z,103494.621954,25.204,0
2026-05-07T23:47:42.572387Z,103497.087402,24.713,0
2026-05-07T23:47:43.573902Z,103499.75628,24.932,0
2026-05-07T23:47:44.575373Z,103502.234484,25.043,0
2026-05-07T23:47:45.576873Z,103504.9127,25.0,0
2026-05-07T23:47:46.578390Z,103507.36472,24.591,0
2026-05-07T23:47:47.579472Z,103509.991483,24.631,0
2026-05-07T23:47:48.581000Z,103512.465598,24.343,0
2026-05-07T23:47:49.582528Z,103515.129653,25.225,0
2026-05-07T23:47:50.584059Z,103520.227846,24.677,0
2026-05-07T23:47:51.585592Z,103522.912226,24.595,0
2026-05-07T23:47:52.587145Z,103525.387134,24.402,0
2026-05-07T23:47:53.588661Z,103528.004865,24.475,0
2026-05-07T23:47:54.590164Z,103530.466406,24.527,0
2026-05-07T23:47:55.591398Z,103533.072723,24.209,0
2026-05-07T23:47:56.592647Z,103535.54287,24.679,0
2026-05-07T23:47:57.593175Z,103538.067339,25.038,0
2026-05-07T23:47:58.594355Z,103540.631053,24.764,0
2026-05-07T23:47:59.595460Z,103543.211979,24.835,0
2026-05-07T23:48:00.596979Z,103546.021542,24.992,0
2026-05-07T23:48:01.598500Z,103548.477713,24.816,0
2026-05-07T23:48:02.600015Z,103551.050948,25.038,0
2026-05-07T23:48:03.601547Z,103555.667208,24.499,0
2026-05-07T23:48:04.603164Z,103558.220791,24.601,0
2026-05-07T23:48:05.604700Z,103560.703145,25.216,0
2026-05-07T23:48:06.606227Z,103563.216322,24.891,0
2026-05-07T23:48:07.607694Z,103565.671943,25.122,0
2026-05-07T23:48:08.609195Z,103568.33368,25.231,0
2026-05-07T23:48:09.610740Z,103570.934198,25.544,0
2026-05-07T23:48:10.611490Z,103573.786058,25.318,0
2026-05-07T23:48:11.613012Z,103576.254558,25.714,0
2026-05-07T23:48:12.614531Z,103578.899693,25.37,0
2026-05-07T23:48:13.615466Z,103581.332121,25.228,0
2026-05-07T23:48:14.616905Z,103584.028708,25.169,0
2026-05-07T23:48:15.618416Z,103586.496658,25.261,0
2026-05-07T23:48:16.619948Z,103589.086068,25.372,0
2026-05-07T23:48:17.621468Z,103591.513674,25.263,0
2026-05-07T23:48:18.622978Z,103594.101497,24.994,0
2026-05-07T23:48:19.624523Z,103596.648121,25.33,0
2026-05-07T23:48:20.626046Z,103599.474347,25.044,0
2026-05-07T23:48:21.627475Z,103601.943396,25.348,0
2026-05-07T23:48:22.628993Z,103604.549713,25.058,0
2026-05-07T23:48:23.630528Z,103607.241112,25.334,0
2026-05-07T23:48:24.632041Z,103609.807939,25.227,3
2026-05-07T23:48:25.633567Z,103613.001534,25.185,3
2026-05-07T23:48:26.635103Z,103615.639345,25.325,3
2026-05-07T23:48:27.636787Z,103618.102473,25.612,3
2026-05-07T23:48:28.638310Z,103620.654469,25.214,3
2026-05-07T23:48:29.639463Z,103623.264997,25.622,3
2026-05-07T23:48:30.641072Z,103626.101293,25.456,3
2026-05-07T23:48:31.642538Z,103628.564483,25.382,7
2026-05-07T23:48:32.643391Z,103631.117027,25.481,6
2026-05-07T23:48:33.644888Z,103633.576616,25.42,6
2026-05-07T23:48:34.646391Z,103636.198557,25.584,6
2026-05-07T23:48:35.647465Z,103638.669071,25.3,6
2026-05-07T23:48:36.648979Z,103641.194272,25.413,6
2026-05-07T23:48:37.650497Z,103643.634634,25.405,6
2026-05-07T23:48:38.651478Z,103646.280929,25.309,6
2026-05-07T23:48:39.653017Z,103648.872658,25.286,6
2026-05-07T23:48:40.653850Z,103651.657502,25.369,5
2026-05-07T23:48:41.655404Z,103654.10232,25.131,6
2026-05-07T23:48:42.656918Z,103656.705341,25.124,5
2026-05-07T23:48:43.658456Z,103659.138013,25.208,5
2026-05-07T23:48:44.659958Z,103661.816534,25.213,5
2026-05-07T23:48:45.661481Z,103664.312316,24.988,5
2026-05-07T23:48:46.663007Z,103666.951713,25.368,4
2026-05-07T23:48:47.664555Z,103669.379808,25.011,4
2026-05-07T23:48:48.666065Z,103672.018351,25.086,3
2026-05-07T23:48:49.667611Z,103676.937284,25.612,3
2026-05-07T23:48:50.669156Z,103679.768819,25.194,3
2026-05-07T23:48:51.670715Z,103683.008374,25.365,3
2026-05-07T23:48:52.671470Z,103685.771428,25.038,3
2026-05-07T23:48:53.672936Z,103688.370482,24.987,3
2026-05-07T23:48:54.674452Z,103691.520193,24.815,3
2026-05-07T23:48:55.675988Z,103694.026351,25.153,3
2026-05-07T23:48:56.677511Z,103696.600807,25.058,3
2026-05-07T23:48:57.679039Z,103699.066927,24.814,3
2026-05-07T23:48:58.680579Z,103701.740809,24.754,3
2026-05-07T23:48:59.682127Z,103704.30904,24.746,3
2026-05-07T23:49:00.683465Z,103707.340526,24.836,3
2026-05-07T23:49:01.684997Z,103709.807805,24.943,3
2026-05-07T23:49:02.686527Z,103712.392881,25.569,3
2026-05-07T23:49:03.687464Z,103716.903673,25.224,2
2026-05-07T23:49:04.689075Z,103719.406596,25.137,3
2026-05-07T23:49:05.690606Z,103721.90543,25.405,2
2026-05-07T23:49:06.691488Z,103724.453031,24.857,2
2026-05-07T23:49:07.693021Z,103726.906882,25.107,2
2026-05-07T23:49:08.694517Z,103729.509659,25.22,2
2026-05-07T23:49:09.695465Z,103732.084359,25.072,2
2026-05-07T23:49:10.696997Z,103734.98163,25.067,1
2026-05-07T23:49:11.698516Z,103737.473933,25.084,1
2026-05-07T23:49:12.700032Z,103740.137378,25.112,0
2026-05-07T23:49:13.701550Z,103742.610028,25.019,0
2026-05-07T23:49:14.703075Z,103745.291479,25.189,0
2026-05-07T23:49:15.704633Z,103747.765044,25.255,0
2026-05-07T23:49:16.706153Z,103750.354515,25.303,0
2026-05-07T23:49:17.707690Z,103752.80562,25.259,0
2026-05-07T23:49:18.709197Z,103755.452036,25.378,0
2026-05-07T23:49:19.710717Z,103758.126407,25.534,0
2026-05-07T23:49:20.712186Z,103760.901119,25.272,0
2026-05-07T23:49:21.713718Z,103763.381826,25.317,0
2026-05-07T23:49:22.715166Z,103765.989912,25.235,0
2026-05-07T23:49:23.716674Z,103768.746619,25.071,0
2026-05-07T23:49:24.718205Z,103772.85635,24.719,0
2026-05-07T23:49:25.719475Z,103776.125811,25.19,0
2026-05-07T23:49:26.720930Z,103778.569714,25.076,0
2026-05-07T23:49:27.722430Z,103781.253423,25.663,0
2026-05-07T23:49:28.723467Z,103783.69464,25.587,0
2026-05-07T23:49:29.724991Z,103786.628714,25.652,4
2026-05-07T23:49:30.726533Z,103789.377181,25.313,2
2026-05-07T23:49:31.728077Z,103792.094093,25.18,3
2026-05-07T23:49:32.729608Z,103794.539522,25.37,2
2026-05-07T23:49:33.731129Z,103797.225306,25.442,2
2026-05-07T23:49:34.732671Z,103799.688617,25.468,2
2026-05-07T23:49:35.733930Z,103802.251172,25.356,1
2026-05-07T23:49:36.735460Z,103804.700995,25.315,1
2026-05-07T23:49:37.736968Z,103807.29956,25.409,0
2026-05-07T23:49:38.738481Z,103809.739861,25.325,0
2026-05-07T23:49:39.739475Z,103812.641709,25.534,0
2026-05-07T23:49:40.741006Z,103815.384622,25.655,0
2026-05-07T23:49:41.742533Z,103818.060824,25.775,0
2026-05-07T23:49:42.744057Z,103820.501857,25.934,0
2026-05-07T23:49:43.745582Z,103823.155293,25.915,0
2026-05-07T23:49:44.747117Z,103825.666273,25.971,0
2026-05-07T23:49:45.748655Z,103828.362006,25.863,0
2026-05-07T23:49:46.750130Z,103830.770691,25.909,0
2026-05-07T23:49:47.751628Z,103833.350702,25.7,0
2026-05-07T23:49:48.753086Z,103835.80083,25.838,0
2026-05-07T23:49:49.754525Z,103838.675456,25.853,0
2026-05-07T23:49:50.755473Z,103841.275669,26.07,0
2026-05-07T23:49:51.757000Z,103843.941434,26.498,0
2026-05-07T23:49:52.758553Z,103846.382712,26.351,0
2026-05-07T23:49:53.759479Z,103848.974136,26.738,0
2026-05-07T23:49:54.760999Z,103851.406747,26.091,0
2026-05-07T23:49:55.762522Z,103854.08307,26.017,0
2026-05-07T23:49:56.764060Z,103856.512691,25.951,0
2026-05-07T23:49:57.765390Z,103859.242298,26.216,0
2026-05-07T23:49:58.766868Z,103861.671979,26.08,0
2026-05-07T23:49:59.768369Z,103864.365332,26.295,0
2026-05-07T23:50:00.769898Z,103866.989654,26.046,0
2026-05-07T23:50:01.771427Z,103869.66439,25.853,0
2026-05-07T23:50:02.772962Z,103872.102189,26.178,0
2026-05-07T23:50:03.774478Z,103876.718327,25.814,0
2026-05-07T23:50:04.775475Z,103879.151366,26.006,0
2026-05-07T23:50:05.776988Z,103881.784599,26.136,0
2026-05-07T23:50:06.778525Z,103884.221238,25.737,0
2026-05-07T23:50:07.780038Z,103886.883707,25.807,0
2026-05-07T23:50:08.781567Z,103889.303134,26.029,0
2026-05-07T23:50:09.783077Z,103892.004482,26.017,0
2026-05-07T23:50:10.784636Z,103894.661885,25.738,0
2026-05-07T23:50:11.786349Z,103897.325758,25.726,0
2026-05-07T23:50:12.787477Z,103899.77851,25.582,0
2026-05-07T23:50:13.788996Z,103902.405273,25.6,0
2026-05-07T23:50:14.790529Z,103904.871515,25.916,0
2026-05-07T23:50:15.791542Z,103907.563219,26.203,0
2026-05-07T23:50:16.792996Z,103910.008586,25.919,0
2026-05-07T23:50:17.794477Z,103912.586339,26.464,0
2026-05-07T23:50:18.796011Z,103914.998259,26.163,0
2026-05-07T23:50:19.797450Z,103917.666404,26.02,0
2026-05-07T23:50:20.798878Z,103920.226883,26.067,0
2026-05-07T23:50:21.799469Z,103922.907601,25.986,0
2026-05-07T23:50:22.800997Z,103925.35718,25.6,0
2026-05-07T23:50:23.802529Z,103928.390802,25.584,0
2026-05-07T23:50:24.803461Z,103930.817127,25.882,0
2026-05-07T23:50:25.804966Z,103934.312357,26.048,0
2026-05-07T23:50:26.806674Z,103936.720188,25.684,0
2026-05-07T23:50:27.807475Z,103939.252835,26.182,0
2026-05-07T23:50:28.809004Z,103941.674094,26.379,0
2026-05-07T23:50:29.810505Z,103944.22023,26.391,0
2026-05-07T23:50:30.811650Z,103946.93055,26.287,0
2026-05-07T23:50:31.813177Z,103949.824586,26.398,0
2026-05-07T23:50:32.814722Z,103952.283869,26.034,0
2026-05-07T23:50:33.816240Z,103954.811938,25.67,0
2026-05-07T23:50:34.817764Z,103957.262372,25.619,0
2026-05-07T23:50:35.819276Z,103959.891332,25.099,0
2026-05-07T23:50:36.820828Z,103962.352874,25.684,0
2026-05-07T23:50:37.822328Z,103964.8666,26.398,0
2026-05-07T23:50:38.823493Z,103967.318498,25.396,0
2026-05-07T23:50:39.825010Z,103969.858958,26.516,0
2026-05-07T23:50:40.826538Z,103972.468082,25.657,0
2026-05-07T23:50:41.827478Z,103975.236996,25.67,0
2026-05-07T23:50:42.829007Z,103977.716177,25.538,0
2026-05-07T23:50:43.830520Z,103980.22911,25.456,0
2026-05-07T23:50:44.831408Z,103982.683693,25.617,0
2026-05-07T23:50:45.832913Z,103985.223482,25.363,0
2026-05-07T23:50:46.834435Z,103987.662379,25.344,0
2026-05-07T23:50:47.835439Z,103990.138081,25.343,0
2026-05-07T23:50:48.836741Z,103992.644239,25.575,0
2026-05-07T23:50:49.838254Z,103995.10987,25.758,0
2026-05-07T23:50:50.839769Z,103997.864746,25.633,0
2026-05-07T23:50:51.841313Z,104000.478936,26.734,0
2026-05-07T23:50:52.842849Z,104003.113512,26.288,0
2026-05-07T23:50:53.844373Z,104005.794535,25.743,0
2026-05-07T23:50:54.845836Z,104008.649386,25.741,0
2026-05-07T23:50:55.847338Z,104011.188015,25.628,0
2026-05-07T23:50:56.848884Z,104015.016008,25.848,0
2026-05-07T23:50:57.850404Z,104017.461741,25.574,0
2026-05-07T23:50:58.851480Z,104020.026798,25.466,0
2026-05-07T23:50:59.853003Z,104022.507383,25.394,0
2026-05-07T23:51:00.854512Z,104025.291067,26.038,0
2026-05-07T23:51:01.855469Z,104028.037703,25.539,0
2026-05-07T23:51:02.856992Z,104030.776832,25.558,0
2026-05-07T23:51:03.858523Z,104035.202724,25.789,0
2026-05-07T23:51:04.859471Z,104037.931965,25.612,0
2026-05-07T23:51:05.861003Z,104040.460706,25.662,0
2026-05-07T23:51:06.862532Z,104043.022345,25.342,0
2026-05-07T23:51:07.863463Z,104045.49292,25.361,0
2026-05-07T23:51:08.864978Z,104048.057305,25.416,0
2026-05-07T23:51:09.866516Z,104050.539538,25.453,0
2026-05-07T23:51:10.867472Z,104053.194011,25.58,0
2026-05-07T23:51:11.868997Z,104055.809422,25.54,0
2026-05-07T23:51:12.870532Z,104058.430997,25.543,0
2026-05-07T23:51:13.872065Z,104060.863425,25.533,0
2026-05-07T23:51:14.873564Z,104063.425796,25.563,0
2026-05-07T23:51:15.875117Z,104065.878427,25.553,0
2026-05-07T23:51:16.876677Z,104068.478701,25.806,0
2026-05-07T23:51:17.878208Z,104070.931148,25.765,0
2026-05-07T23:51:18.879462Z,104073.552845,25.799,0
2026-05-07T23:51:19.880990Z,104075.971052,25.595,0
2026-05-07T23:51:20.882509Z,104078.774695,25.712,0
2026-05-07T23:51:21.883487Z,104081.411895,25.444,0
2026-05-07T23:51:22.885002Z,104084.06881,25.514,0
2026-05-07T23:51:23.886482Z,104087.189102,25.735,0
2026-05-07T23:51:24.887486Z,104091.261723,25.541,0
2026-05-07T23:51:25.889012Z,104094.356503,25.913,0
2026-05-07T23:51:26.890624Z,104096.950491,25.978,0
2026-05-07T23:51:27.892161Z,104099.431502,25.772,0
2026-05-07T23:51:28.893681Z,104102.06443,25.665,0
2026-05-07T23:51:29.895220Z,104104.543184,25.801,0
2026-05-07T23:51:30.896750Z,104107.405481,27.445,5
2026-05-07T23:51:31.898305Z,104109.99428,25.66,0
2026-05-07T23:51:32.899479Z,104112.582958,25.836,1
2026-05-07T23:51:33.901004Z,104115.048345,25.82,0
2026-05-07T23:51:34.902511Z,104117.616759,26.651,0
2026-05-07T23:51:35.904036Z,104120.108268,25.672,16
2026-05-07T23:51:36.905553Z,104122.782761,25.759,15
2026-05-07T23:51:37.907085Z,104125.255411,25.432,15
2026-05-07T23:51:38.908578Z,104127.91379,25.521,13
2026-05-07T23:51:39.910020Z,104130.36697,25.47,14
2026-05-07T23:51:40.911478Z,104133.252705,25.608,16
2026-05-07T23:51:41.912992Z,104135.865369,25.299,14
2026-05-07T23:51:42.914516Z,104138.459662,25.892,14
2026-05-07T23:51:43.916054Z,104140.90155,25.883,14
2026-05-07T23:51:44.917568Z,104143.548882,25.688,14
2026-05-07T23:51:45.919115Z,104146.051378,25.368,13
2026-05-07T23:51:46.920624Z,104148.660991,26.024,13
2026-05-07T23:51:47.922156Z,104151.121433,25.548,13
2026-05-07T23:51:48.923684Z,104153.716153,25.524,13
2026-05-07T23:51:49.925215Z,104156.197836,25.616,13
2026-05-07T23:51:50.926759Z,104158.962112,25.81,19
2026-05-07T23:51:51.927472Z,104161.743904,25.658,13
2026-05-07T23:51:52.928942Z,104164.383362,25.613,13
2026-05-07T23:51:53.930443Z,104166.866632,26.038,14
2026-05-07T23:51:54.931486Z,104169.398059,25.905,13
2026-05-07T23:51:55.932942Z,104171.868451,25.833,12
2026-05-07T23:51:56.934373Z,104174.392309,26.07,11
2026-05-07T23:51:57.935826Z,104176.858367,26.002,11
2026-05-07T23:51:58.937265Z,104179.388024,26.101,11
2026-05-07T23:51:59.938780Z,104181.816179,26.102,11
2026-05-07T23:52:00.940235Z,104184.526316,26.03,13
2026-05-07T23:52:01.941695Z,104187.235477,26.214,10
2026-05-07T23:52:02.943121Z,104190.761469,26.188,10
2026-05-07T23:52:03.943485Z,104194.239243,25.988,10
2026-05-07T23:52:04.944955Z,104196.78782,26.185,11
2026-05-07T23:52:05.946469Z,104199.263583,26.594,10
2026-05-07T23:52:06.947403Z,104201.905544,26.53,10
2026-05-07T23:52:07.948923Z,104204.372457,26.312,10
2026-05-07T23:52:08.950439Z,104206.850783,25.994,10
2026-05-07T23:52:09.951719Z,104209.459175,25.776,11
2026-05-07T23:52:10.953281Z,104212.074158,25.55,10
2026-05-07T23:52:11.954810Z,104214.8471,25.808,12
2026-05-07T23:52:12.956347Z,104217.33623,26.361,10
2026-05-07T23:52:13.957877Z,104219.938335,26.029,10
2026-05-07T23:52:14.959417Z,104222.407079,25.523,10
2026-05-07T23:52:15.960940Z,104225.146696,25.77,9
2026-05-07T23:52:16.962475Z,104227.578269,25.917,9
2026-05-07T23:52:17.963470Z,104230.183426,25.914,9
2026-05-07T23:52:18.964994Z,104232.634164,26.544,9
2026-05-07T23:52:19.966509Z,104235.231509,26.07,9
2026-05-07T23:52:20.968037Z,104237.851131,26.146,11
2026-05-07T23:52:21.969582Z,104240.616077,26.113,8
2026-05-07T23:52:22.971112Z,104243.106061,25.913,11
2026-05-07T23:52:23.972630Z,104245.963354,26.325,11
2026-05-07T23:52:24.974069Z,104248.416839,26.2,11
2026-05-07T23:52:25.975390Z,104251.542685,26.208,12
2026-05-07T23:52:26.976346Z,104253.999039,25.936,11
2026-05-07T23:52:27.977867Z,104256.575265,26.184,12
2026-05-07T23:52:28.979400Z,104259.041934,26.105,10
2026-05-07T23:52:29.980911Z,104261.715572,26.405,10
2026-05-07T23:52:30.982436Z,104264.332081,25.923,10
2026-05-07T23:52:31.983471Z,104267.059735,26.285,10
2026-05-07T23:52:32.984995Z,104269.560766,26.089,11
2026-05-07T23:52:33.986521Z,104272.124114,25.611,10
2026-05-07T23:52:34.987391Z,104274.592553,25.596,10
2026-05-07T23:52:35.988771Z,104277.290605,25.514,11
2026-05-07T23:52:36.990239Z,104279.746287,25.682,14
2026-05-07T23:52:37.991394Z,104282.383793,25.545,10
2026-05-07T23:52:38.992937Z,104284.830747,25.519,10
2026-05-07T23:52:39.994426Z,104287.379569,25.751,10
2026-05-07T23:52:40.995489Z,104289.988327,25.952,10
2026-05-07T23:52:41.997012Z,104292.724709,26.248,9
2026-05-07T23:52:42.998183Z,104295.211214,25.973,9
2026-05-07T23:52:43.999695Z,104297.802149,25.719,9
2026-05-07T23:52:45.001229Z,104300.274433,25.912,9
2026-05-07T23:52:46.002735Z,104302.922559,26.206,8
2026-05-07T23:52:47.004261Z,104305.360968,25.863,9
2026-05-07T23:52:48.005764Z,104307.962463,25.965,9
2026-05-07T23:52:49.007292Z,104310.427727,26.277,9
2026-05-07T23:52:50.008836Z,104313.003832,26.139,9
2026-05-07T23:52:51.010373Z,104315.554606,26.101,8
2026-05-07T23:52:52.011484Z,104318.252842,25.991,8
2026-05-07T23:52:53.013025Z,104320.758145,26.149,8
2026-05-07T23:52:54.014540Z,104323.342794,26.394,8
2026-05-07T23:52:55.015459Z,104325.795303,25.906,7
2026-05-07T23:52:56.016980Z,104328.53315,25.561,7
2026-05-07T23:52:57.018503Z,104330.98285,25.206,7
2026-05-07T23:52:58.020011Z,104333.691645,25.795,8
2026-05-07T23:52:59.021537Z,104336.170703,26.133,7
2026-05-07T23:53:00.023038Z,104338.870159,25.952,7
2026-05-07T23:53:01.024582Z,104341.459996,25.576,7
2026-05-07T23:53:02.026106Z,104344.445768,25.882,7
2026-05-07T23:53:03.027509Z,104349.046159,25.488,7
2026-05-07T23:53:04.029037Z,104351.750742,25.539,7
2026-05-07T23:53:05.030585Z,104354.235171,25.613,7
2026-05-07T23:53:06.032106Z,104356.846249,25.503,7
2026-05-07T23:53:07.033622Z,104359.306692,25.486,6
2026-05-07T23:53:08.035138Z,104362.009871,25.954,6
2026-05-07T23:53:09.036710Z,104364.438697,25.536,6
2026-05-07T23:53:10.038150Z,104367.12967,25.693,6
2026-05-07T23:53:11.039390Z,104369.784631,25.675,6
2026-05-07T23:53:12.040855Z,104372.594011,26.016,6
2026-05-07T23:53:13.042287Z,104375.087596,26.066,6
2026-05-07T23:53:14.043390Z,104377.732181,26.341,6
2026-05-07T23:53:15.044840Z,104380.217771,26.361,5
2026-05-07T23:53:16.046300Z,104382.857351,26.258,5
2026-05-07T23:53:17.047385Z,104385.324508,26.229,5
2026-05-07T23:53:18.048807Z,104388.030373,26.215,9
2026-05-07T23:53:19.050242Z,104390.492098,26.276,8
2026-05-07T23:53:20.051390Z,104393.038539,26.169,9
2026-05-07T23:53:21.052815Z,104395.611713,26.035,7
2026-05-07T23:53:22.054144Z,104401.009405,25.762,7
2026-05-07T23:53:23.055460Z,104403.68408,25.485,7
2026-05-07T23:53:24.056929Z,104408.643601,25.685,7
2026-05-07T23:53:25.058468Z,104411.19578,25.544,7
2026-05-07T23:53:26.059997Z,104414.410005,25.935,7
2026-05-07T23:53:27.061520Z,104416.858363,25.873,7
2026-05-07T23:53:28.062970Z,104419.397053,25.823,7
2026-05-07T23:53:29.063469Z,104421.914686,26.109,7
2026-05-07T23:53:30.064925Z,104424.551642,25.945,7
2026-05-07T23:53:31.066370Z,104427.104247,25.86,6
2026-05-07T23:53:32.067407Z,104429.849907,25.857,6
2026-05-07T23:53:33.068865Z,104432.592881,25.668,6
2026-05-07T23:53:34.070332Z,104435.069742,25.741,5
2026-05-07T23:53:35.071393Z,104437.678927,25.558,6
2026-05-07T23:53:36.072962Z,104440.145596,25.647,6
2026-05-07T23:53:37.074402Z,104442.882894,25.503,6
2026-05-07T23:53:38.075466Z,104445.344679,25.52,6
2026-05-07T23:53:39.076274Z,104447.94416,24.973,5
2026-05-07T23:53:40.077716Z,104450.396607,25.117,5
2026-05-07T23:53:41.079154Z,104452.932245,25.407,5
2026-05-07T23:53:42.080610Z,104455.48833,25.961,6
2026-05-07T23:53:43.082092Z,104458.25584,25.55,5
2026-05-07T23:53:44.083389Z,104460.747167,25.504,5
2026-05-07T23:53:45.084825Z,104463.357206,25.715,5
2026-05-07T23:53:46.086280Z,104465.836814,25.753,5
2026-05-07T23:53:47.087465Z,104468.482376,25.684,5
2026-05-07T23:53:48.088946Z,104470.93165,25.631,4
2026-05-07T23:53:49.090450Z,104473.529971,25.942,5
2026-05-07T23:53:50.091471Z,104475.991451,25.88,4
2026-05-07T23:53:51.092942Z,104478.598378,26.137,5
2026-05-07T23:53:52.094485Z,104481.357221,26.036,6
2026-05-07T23:53:53.095388Z,104484.261633,25.453,4
2026-05-07T23:53:54.096900Z,104486.869353,25.972,3
2026-05-07T23:53:55.098464Z,104489.502464,25.64,4
2026-05-07T23:53:56.099475Z,104491.990678,25.507,3
2026-05-07T23:53:57.100942Z,104494.664316,25.649,4
2026-05-07T23:53:58.102464Z,104497.137515,26.04,3
2026-05-07T23:53:59.103479Z,104499.791317,26.005,3
2026-05-07T23:54:00.105004Z,104502.254202,25.652,3
2026-05-07T23:54:01.106529Z,104504.86241,25.624,2
2026-05-07T23:54:02.107471Z,104507.45774,26.037,7
2026-05-07T23:54:03.109004Z,104512.305934,26.133,3
2026-05-07T23:54:04.110617Z,104514.795551,26.087,3
2026-05-07T23:54:05.112149Z,104517.475354,26.068,2
2026-05-07T23:54:06.113677Z,104519.922308,25.876,3
2026-05-07T23:54:07.115202Z,104522.4505,25.954,2
2026-05-07T23:54:08.116814Z,104524.896356,26.237,2
2026-05-07T23:54:09.118330Z,104527.579393,25.647,2
2026-05-07T23:54:10.119404Z,104530.170573,25.49,2
2026-05-07T23:54:11.120869Z,104532.830112,25.583,2
2026-05-07T23:54:12.122325Z,104535.533902,25.584,7
2026-05-07T23:54:13.123390Z,104538.373372,25.477,2
2026-05-07T23:54:14.124856Z,104540.845045,25.324,2
2026-05-07T23:54:15.126309Z,104543.615729,25.736,1
2026-05-07T23:54:16.127839Z,104546.114075,25.499,1
2026-05-07T23:54:17.129293Z,104548.752801,25.844,4
2026-05-07T23:54:18.130751Z,104551.215929,25.922,4
2026-05-07T23:54:19.132244Z,104553.804607,25.854,3
2026-05-07T23:54:20.133705Z,104556.265355,25.699,3
2026-05-07T23:54:21.135143Z,104558.893522,25.969,3
2026-05-07T23:54:22.136823Z,104561.470359,26.252,3
2026-05-07T23:54:23.138178Z,104564.328933,25.819,3
2026-05-07T23:54:24.139469Z,104567.071357,25.904,3
2026-05-07T23:54:25.140997Z,104569.786438,25.744,3
2026-05-07T23:54:26.142541Z,104572.994987,25.867,3
2026-05-07T23:54:27.143465Z,104575.633897,26.274,3
2026-05-07T23:54:28.144999Z,104578.120279,25.73,3
2026-05-07T23:54:29.146525Z,104580.822848,25.971,2
2026-05-07T23:54:30.148053Z,104583.271023,26.045,3
2026-05-07T23:54:31.149570Z,104585.877523,26.016,3
2026-05-07T23:54:32.151049Z,104588.427748,26.301,3
2026-05-07T23:54:33.152593Z,104591.123969,26.248,2
2026-05-07T23:54:34.154132Z,104593.614136,26.372,2
2026-05-07T23:54:35.155481Z,104596.194696,26.646,2
2026-05-07T23:54:36.157017Z,104598.697253,26.285,2
2026-05-07T23:54:37.158477Z,104605.113069,26.269,3
2026-05-07T23:54:38.159413Z,104637.959482,25.916,3
2026-05-07T23:54:39.160660Z,104642.104491,26.364,2
2026-05-07T23:54:40.162208Z,104644.575309,26.482,2
2026-05-07T23:54:41.163472Z,104647.203843,26.435,2
2026-05-07T23:54:42.164694Z,104649.857156,26.232,2
2026-05-07T23:54:43.166229Z,104652.588778,26.35,0
2026-05-07T23:54:44.167471Z,104655.092189,26.774,0
2026-05-07T23:54:45.168939Z,104657.801594,26.868,0
2026-05-07T23:54:46.170452Z,104660.258924,26.85,0
2026-05-07T23:54:47.171400Z,104662.819953,27.148,0
2026-05-07T23:54:48.172861Z,104665.293884,26.796,0
2026-05-07T23:54:49.174386Z,104667.896478,26.535,0
2026-05-07T23:54:50.175389Z,104670.364672,26.202,0
2026-05-07T23:54:51.176820Z,104673.101726,26.546,22
2026-05-07T23:54:52.178277Z,104675.846531,26.432,23
2026-05-07T23:54:53.179392Z,104678.474759,26.553,22
2026-05-07T23:54:54.180776Z,104680.967123,26.438,22
2026-05-07T23:54:55.182264Z,104683.547011,26.801,22
2026-05-07T23:54:56.183393Z,104686.068184,26.711,22
2026-05-07T23:54:57.184930Z,104688.531923,26.517,21
2026-05-07T23:54:58.185889Z,104691.225764,26.078,21
2026-05-07T23:54:59.186385Z,104693.692493,26.381,21
2026-05-07T23:55:00.187390Z,104696.385846,26.677,21
2026-05-07T23:55:01.188912Z,104698.88999,26.337,21
2026-05-07T23:55:02.190378Z,104701.64334,25.781,20
2026-05-07T23:55:03.191473Z,104706.337847,25.941,21
2026-05-07T23:55:04.193177Z,104709.001963,25.435,20
2026-05-07T23:55:05.194643Z,104711.463871,25.949,21
2026-05-07T23:55:06.195475Z,104714.080319,26.023,22
2026-05-07T23:55:07.196939Z,104716.525198,26.112,20
2026-05-07T23:55:08.198388Z,104719.104721,25.851,20
2026-05-07T23:55:09.199390Z,104721.586404,25.952,21
2026-05-07T23:55:10.200839Z,104724.471406,25.991,20
2026-05-07T23:55:11.201909Z,104726.933497,25.676,21
2026-05-07T23:55:12.203452Z,104729.853289,26.155,24
2026-05-07T23:55:13.204994Z,104732.458324,26.245,21
2026-05-07T23:55:14.206537Z,104735.095891,25.792,22
2026-05-07T23:55:15.207409Z,104737.550657,26.219,23
2026-05-07T23:55:16.208920Z,104740.224723,26.38,23
2026-05-07T23:55:17.210456Z,104742.662522,26.389,23
2026-05-07T23:55:18.211995Z,104745.248392,26.022,23
2026-05-07T23:55:19.213524Z,104747.694979,26.021,22
2026-05-07T23:55:20.214986Z,104750.373561,25.66,22
2026-05-07T23:55:21.216461Z,104752.861165,25.972,21
2026-05-07T23:55:22.217960Z,104755.705945,25.795,21
2026-05-07T23:55:23.219476Z,104758.299261,25.665,21
2026-05-07T23:55:24.221007Z,104762.898066,25.993,21
2026-05-07T23:55:25.222549Z,104765.403186,26.188,20
2026-05-07T23:55:26.223404Z,104768.8715,26.096,20
2026-05-07T23:55:27.224868Z,104771.355258,25.983,20
2026-05-07T23:55:28.226391Z,104773.89761,26.078,20
2026-05-07T23:55:29.227930Z,104776.343771,26.11,21
2026-05-07T23:55:30.229247Z,104779.00447,26.337,20
2026-05-07T23:55:31.230796Z,104781.496712,25.86,21
2026-05-07T23:55:32.231466Z,104784.236817,25.982,20
2026-05-07T23:55:33.233016Z,104786.845453,26.552,21
2026-05-07T23:55:34.234542Z,104789.526476,26.253,21
2026-05-07T23:55:35.235461Z,104791.979595,26.485,21
2026-05-07T23:55:36.236988Z,104794.586095,26.401,21
2026-05-07T23:55:37.238531Z,104797.007842,26.047,20
2026-05-07T23:55:38.240059Z,104799.542808,26.391,20
2026-05-07T23:55:39.241600Z,104801.987199,26.379,21
2026-05-07T23:55:40.243126Z,104804.742319,26.272,20
2026-05-07T23:55:41.244682Z,104807.234012,26.57,20
2026-05-07T23:55:42.246135Z,104809.987667,26.236,20
2026-05-07T23:55:43.247479Z,104812.558705,26.416,20
2026-05-07T23:55:44.249003Z,104815.1826,26.015,19
2026-05-07T23:55:45.250533Z,104817.644019,26.365,20
2026-05-07T23:55:46.251486Z,104822.66665,26.01,19
2026-05-07T23:55:47.253003Z,104825.114581,26.267,18
2026-05-07T23:55:48.254527Z,104827.660961,26.493,18
2026-05-07T23:55:49.256048Z,104830.116827,26.688,18
2026-05-07T23:55:50.257579Z,104832.699828,26.43,18
2026-05-07T23:55:51.259116Z,104835.211723,25.697,18
2026-05-07T23:55:52.260666Z,104838.100937,25.961,18
2026-05-07T23:55:53.261769Z,104840.689859,25.662,19
2026-05-07T23:55:54.263311Z,104843.343172,26.034,18
2026-05-07T23:55:55.264864Z,104845.804042,26.088,17
2026-05-07T23:55:56.266386Z,104848.384175,26.873,17
2026-05-07T23:55:57.267476Z,104850.818678,26.36,18
2026-05-07T23:55:58.269008Z,104853.412971,26.763,18
2026-05-07T23:55:59.270544Z,104855.907044,26.52,18
2026-05-07T23:56:00.272070Z,104858.560968,26.687,18
2026-05-07T23:56:01.273613Z,104861.030383,26.333,17
2026-05-07T23:56:02.275150Z,104863.825114,26.309,17
2026-05-07T23:56:03.276772Z,104868.333892,26.362,18
2026-05-07T23:56:04.278462Z,104871.007164,26.056,17
2026-05-07T23:56:05.279472Z,104873.520524,26.513,17
2026-05-07T23:56:06.281014Z,104876.207651,26.351,17
2026-05-07T23:56:07.282554Z,104878.66608,26.523,18
2026-05-07T23:56:08.283482Z,104881.306637,26.444,16
2026-05-07T23:56:09.285025Z,104883.767019,26.569,16
2026-05-07T23:56:10.286563Z,104886.409895,26.609,16
2026-05-07T23:56:11.288151Z,104888.879555,26.418,16
2026-05-07T23:56:12.289677Z,104891.585724,26.766,18
2026-05-07T23:56:13.291237Z,104894.227869,26.788,20
2026-05-07T23:56:14.292789Z,104897.065691,26.019,19
2026-05-07T23:56:15.294264Z,104899.612803,26.359,18
2026-05-07T23:56:16.295794Z,104902.298893,26.498,17
2026-05-07T23:56:17.297344Z,104904.74896,26.17,18
2026-05-07T23:56:18.298869Z,104907.397574,26.443,18
2026-05-07T23:56:19.300415Z,104909.854354,26.116,19
2026-05-07T23:56:20.301949Z,104912.396523,26.485,18
2026-05-07T23:56:21.303492Z,104914.865694,25.683,18
2026-05-07T23:56:22.305032Z,104917.509974,26.045,18
2026-05-07T23:56:23.306600Z,104920.078022,26.25,19
2026-05-07T23:56:24.307385Z,104922.930798,26.663,17
2026-05-07T23:56:25.308764Z,104925.462164,26.838,18
2026-05-07T23:56:26.310230Z,104928.771359,26.11,17
2026-05-07T23:56:27.311475Z,104931.366506,26.31,17
2026-05-07T23:56:28.313011Z,104933.827621,26.877,17
2026-05-07T23:56:29.314538Z,104936.475258,25.845,19
2026-05-07T23:56:30.315483Z,104938.937654,26.043,17
2026-05-07T23:56:31.317000Z,104941.605006,25.818,16
2026-05-07T23:56:32.318536Z,104944.042072,26.294,17
2026-05-07T23:56:33.320072Z,104946.732739,25.789,20
2026-05-07T23:56:34.321617Z,104949.285162,25.085,15
2026-05-07T23:56:35.323152Z,104951.905028,25.193,15
2026-05-07T23:56:36.324719Z,104954.401237,25.982,15
2026-05-07T23:56:37.326260Z,104957.000352,26.19,15
2026-05-07T23:56:38.327482Z,104959.431742,26.523,15
2026-05-07T23:56:39.329002Z,104962.099033,26.633,15
2026-05-07T23:56:40.330544Z,104964.563443,26.623,15
2026-05-07T23:56:41.331473Z,104967.2795,26.335,14
2026-05-07T23:56:42.333014Z,104969.713271,26.772,15
2026-05-07T23:56:43.334529Z,104972.324165,26.209,14
2026-05-07T23:56:44.336081Z,104975.029175,25.938,15
2026-05-07T23:56:45.337622Z,104977.672479,26.196,15
2026-05-07T23:56:46.339181Z,104980.110827,25.673,14
2026-05-07T23:56:47.340685Z,104982.742229,25.541,14
2026-05-07T23:56:48.341350Z,104985.165502,25.565,13
2026-05-07T23:56:49.342873Z,104987.766692,26.632,15
2026-05-07T23:56:50.343472Z,104990.198021,25.994,14
2026-05-07T23:56:51.344996Z,104992.819291,25.267,13
2026-05-07T23:56:52.346456Z,104995.254038,25.66,13
2026-05-07T23:56:53.347387Z,104997.966617,26.394,14
2026-05-07T23:56:54.347948Z,105000.498654,26.132,14
2026-05-07T23:56:55.349481Z,105003.057302,26.775,15
2026-05-07T23:56:56.351016Z,105005.494429,25.698,13
2026-05-07T23:56:57.352574Z,105008.159889,25.055,14
2026-05-07T23:56:58.354112Z,105010.614106,25.306,13
2026-05-07T23:56:59.355643Z,105013.154261,25.342,14
2026-05-07T23:57:00.357194Z,105015.607807,25.402,12
2026-05-07T23:57:01.358715Z,105018.177136,25.675,11
2026-05-07T23:57:02.360247Z,105020.597479,25.581,11
2026-05-07T23:57:03.361772Z,105025.309869,25.582,11
2026-05-07T23:57:04.363475Z,105027.897875,25.53,12
2026-05-07T23:57:05.365012Z,105030.437847,25.688,10
2026-05-07T23:57:06.366550Z,105032.894384,25.839,11
2026-05-07T23:57:07.368076Z,105035.558134,25.816,11
2026-05-07T23:57:08.369613Z,105038.002342,25.726,10
2026-05-07T23:57:09.371127Z,105040.596085,25.394,13
2026-05-07T23:57:10.372603Z,105043.124521,25.435,15
2026-05-07T23:57:11.374143Z,105045.821902,25.498,18
2026-05-07T23:57:12.375489Z,105048.266354,25.499,17
2026-05-07T23:57:13.377009Z,105050.9688,25.954,15
2026-05-07T23:57:14.378543Z,105053.485273,25.541,14
2026-05-07T23:57:15.380258Z,105056.03794,25.624,14
2026-05-07T23:57:16.381863Z,105058.44986,25.496,15
2026-05-07T23:57:17.383490Z,105061.105188,25.496,15
2026-05-07T23:57:18.385090Z,105063.509479,25.508,15
2026-05-07T23:57:19.386781Z,105066.072704,25.961,14
2026-05-07T23:57:20.387487Z,105068.490911,25.627,16
2026-05-07T23:57:21.389108Z,105071.117858,25.594,14
2026-05-07T23:57:22.390795Z,105073.52227,25.655,15
2026-05-07T23:57:23.391485Z,105076.215501,25.8,13
2026-05-07T23:57:24.393185Z,105080.826695,25.547,12
2026-05-07T23:57:25.394785Z,105083.489713,25.535,13
2026-05-07T23:57:26.396495Z,105086.601338,25.652,13
2026-05-07T23:57:27.398203Z,105089.112929,25.48,13
2026-05-07T23:57:28.399889Z,105091.52961,25.647,12
2026-05-07T23:57:29.401566Z,105094.010133,25.599,11
2026-05-07T23:57:30.403180Z,105096.508112,25.847,12
2026-05-07T23:57:31.404701Z,105099.067615,25.499,12
2026-05-07T23:57:32.406402Z,105101.512372,25.58,11
2026-05-07T23:57:33.407498Z,105104.260229,25.778,12
2026-05-07T23:57:34.409101Z,105107.009001,25.556,13
2026-05-07T23:57:35.410699Z,105109.546958,25.074,12
2026-05-07T23:57:36.412404Z,105112.010697,25.229,12
2026-05-07T23:57:37.414110Z,105114.549814,25.431,11
2026-05-07T23:57:38.415803Z,105116.980411,25.425,11
2026-05-07T23:57:39.417397Z,105119.520627,25.763,13
2026-05-07T23:57:40.419093Z,105121.954153,25.857,12
2026-05-07T23:57:41.420715Z,105124.581344,25.588,12
2026-05-07T23:57:42.422420Z,105127.001748,25.545,11
2026-05-07T23:57:43.423478Z,105129.681184,25.755,12
2026-05-07T23:57:44.425178Z,105132.374781,25.611,12
2026-05-07T23:57:45.426710Z,105135.003131,25.735,12
2026-05-07T23:57:46.428235Z,105137.450329,25.728,12
2026-05-07T23:57:47.429908Z,105140.019293,25.66,11
2026-05-07T23:57:48.431432Z,105142.493773,25.462,10
2026-05-07T23:57:49.432960Z,105144.896538,25.363,10
2026-05-07T23:57:50.434657Z,105147.482774,25.284,10
2026-05-07T23:57:51.436385Z,105149.941691,25.442,9
2026-05-07T23:57:52.438095Z,105152.491612,25.499,9
2026-05-07T23:57:53.439479Z,105155.019071,25.664,9
2026-05-07T23:57:54.441196Z,105157.703024,25.543,9
2026-05-07T23:57:55.442891Z,105160.147598,25.533,8
2026-05-07T23:57:56.444625Z,105162.710641,25.519,8
2026-05-07T23:57:57.446327Z,105165.113344,25.599,9
2026-05-07T23:57:58.448004Z,105167.638546,25.736,8
2026-05-07T23:57:59.449709Z,105170.044545,25.692,8
2026-05-07T23:58:00.451405Z,105172.664778,25.614,9
2026-05-07T23:58:01.452948Z,105175.086525,25.738,8
2026-05-07T23:58:02.454639Z,105177.691742,25.581,8
2026-05-07T23:58:03.456364Z,105182.313252,25.538,9
2026-05-07T23:58:04.458066Z,105184.923474,25.539,8
2026-05-07T23:58:05.459765Z,105187.368964,25.754,11
2026-05-07T23:58:06.461426Z,105190.090636,25.627,8
2026-05-07T23:58:07.463126Z,105194.99724,25.806,23
2026-05-07T23:58:08.464006Z,105197.532329,25.604,24
2026-05-07T23:58:09.465638Z,105199.942906,25.497,25
2026-05-07T23:58:10.467133Z,105202.563993,25.854,24
2026-05-07T23:58:11.468711Z,105204.980125,25.751,23
2026-05-07T23:58:12.470325Z,105207.501664,25.951,26
2026-05-07T23:58:13.471470Z,105210.042307,25.823,25
2026-05-07T23:58:14.472935Z,105212.78113,26.073,27
2026-05-07T23:58:15.474632Z,105215.265011,25.741,26
2026-05-07T23:58:16.475479Z,105217.934681,25.792,25
2026-05-07T23:58:17.477168Z,105220.372175,25.617,25
2026-05-07T23:58:18.478708Z,105222.893531,25.682,24
2026-05-07T23:58:19.479496Z,105225.306916,25.776,25
2026-05-07T23:58:20.480993Z,105227.834436,25.928,25
2026-05-07T23:58:21.482504Z,105230.302875,25.902,27
2026-05-07T23:58:22.483498Z,105232.936169,25.536,27
2026-05-07T23:58:23.484146Z,105235.528447,25.517,25
2026-05-07T23:58:24.485734Z,105238.41406,25.795,26
2026-05-07T23:58:25.487334Z,105240.924247,26.076,25
2026-05-07T23:58:26.489033Z,105244.245466,25.855,22
2026-05-07T23:58:27.490629Z,105246.69773,25.664,23
2026-05-07T23:58:28.492222Z,105249.311493,25.83,23
2026-05-07T23:58:29.493811Z,105251.728113,26.236,23
2026-05-07T23:58:30.495398Z,105254.356219,26.034,22
2026-05-07T23:58:31.496922Z,105256.809155,26.079,23
2026-05-07T23:58:32.498548Z,105259.331243,25.896,23
2026-05-07T23:58:33.499409Z,105261.869017,26.128,23
2026-05-07T23:58:34.500985Z,105264.742179,26.248,22
2026-05-07T23:58:35.502569Z,105267.236923,25.898,22
2026-05-07T23:58:36.503405Z,105269.851113,26.025,22
2026-05-07T23:58:37.504925Z,105272.320956,25.598,22
2026-05-07T23:58:38.506598Z,105274.939968,25.675,22
2026-05-07T23:58:39.508195Z,105277.391072,25.74,22
2026-05-07T23:58:40.509892Z,105279.950575,25.779,24
2026-05-07T23:58:41.511491Z,105282.421333,25.657,26
2026-05-07T23:58:42.512998Z,105285.0047,25.363,24
2026-05-07T23:58:43.513829Z,105287.534052,25.362,24
2026-05-07T23:58:44.515492Z,105290.221789,25.389,25
2026-05-07T23:58:45.517178Z,105292.710247,25.625,23
2026-05-07T23:58:46.518842Z,105295.400914,25.715,23
2026-05-07T23:58:47.519615Z,105297.826262,25.276,24
2026-05-07T23:58:48.521296Z,105300.39968,25.499,24
2026-05-07T23:58:49.522879Z,105302.819962,25.458,23
2026-05-07T23:58:50.524448Z,105305.392526,25.476,23
2026-05-07T23:58:51.525975Z,105307.912845,25.389,23
2026-05-07T23:58:52.527476Z,105310.479977,25.475,22
2026-05-07T23:58:53.529143Z,105313.155507,25.185,22
2026-05-07T23:58:54.530663Z,105316.022077,25.377,26
2026-05-07T23:58:55.531585Z,105318.477332,25.44,23
2026-05-07T23:58:56.533108Z,105321.070709,25.311,22
2026-05-07T23:58:57.534814Z,105323.547387,25.572,22
2026-05-07T23:58:58.535413Z,105326.123736,25.748,21
2026-05-07T23:58:59.536910Z,105328.560985,25.693,24
2026-05-07T23:59:00.538393Z,105331.124943,25.941,22
2026-05-07T23:59:01.539496Z,105333.594358,25.718,21
2026-05-07T23:59:02.541004Z,105336.24163,25.704,21
2026-05-07T23:59:03.542509Z,105340.843913,25.669,21
2026-05-07T23:59:04.543479Z,105343.54642,25.671,23
2026-05-07T23:59:05.544989Z,105346.110928,25.556,22
2026-05-07T23:59:06.546421Z,105348.647054,25.59,22
2026-05-07T23:59:07.547499Z,105351.064223,25.656,23
2026-05-07T23:59:08.548992Z,105353.618721,25.89,22
2026-05-07T23:59:09.550444Z,105356.085634,25.611,23
2026-05-07T23:59:10.551480Z,105358.598384,25.828,23
2026-05-07T23:59:11.553161Z,105361.155445,25.929,23
2026-05-07T23:59:12.554838Z,105363.582441,26.041,23
2026-05-07T23:59:13.556547Z,105366.194129,26.246,23
2026-05-07T23:59:14.558135Z,105368.749908,26.391,23
2026-05-07T23:59:15.559676Z,105371.505211,26.255,23
2026-05-07T23:59:16.561272Z,105373.951189,26.142,22
2026-05-07T23:59:17.562863Z,105376.585337,26.458,22
2026-05-07T23:59:18.564401Z,105379.023197,26.163,22
2026-05-07T23:59:19.566006Z,105381.566343,26.112,22
2026-05-07T23:59:20.567464Z,105384.023245,25.792,21
2026-05-07T23:59:21.569052Z,105386.590744,25.836,21
2026-05-07T23:59:22.570656Z,105388.99064,25.933,21
2026-05-07T23:59:23.572322Z,105391.584444,25.709,20
2026-05-07T23:59:24.573918Z,105395.925132,26.033,21
2026-05-07T23:59:25.575544Z,105399.474256,26.132,22
2026-05-07T23:59:26.577160Z,105401.974677,26.051,22
2026-05-07T23:59:27.578775Z,105404.582946,25.801,22
2026-05-07T23:59:28.580390Z,105407.001702,25.747,21
2026-05-07T23:59:29.581975Z,105409.653002,26.089,21
2026-05-07T23:59:30.583466Z,105412.104228,26.033,23
2026-05-07T23:59:31.585055Z,105414.62772,26.066,22
2026-05-07T23:59:32.586648Z,105417.048674,26.243,21
2026-05-07T23:59:33.587476Z,105419.712973,25.875,22
2026-05-07T23:59:34.589008Z,105422.265945,26.062,22
2026-05-07T23:59:35.590620Z,105425.10096,26.003,22
2026-05-07T23:59:36.592234Z,105427.568361,26.386,23
2026-05-07T23:59:37.593830Z,105430.205439,26.7,23
2026-05-07T23:59:38.595467Z,105432.649891,26.378,23
2026-05-07T23:59:39.597079Z,105435.208356,26.34,23
2026-05-07T23:59:40.598782Z,105437.618445,26.14,22
2026-05-07T23:59:41.600505Z,105440.240265,26.517,23
2026-05-07T23:59:42.602114Z,105442.674402,26.059,22
2026-05-07T23:59:43.603463Z,105445.243731,26.238,22
2026-05-07T23:59:44.604980Z,105447.801952,26.38,22
2026-05-07T23:59:45.606596Z,105450.598942,26.641,22
2026-05-07T23:59:46.608203Z,105453.074277,26.092,21
2026-05-07T23:59:47.609841Z,105455.64678,26.183,23
2026-05-07T23:59:48.611424Z,105458.043259,26.103,21
2026-05-07T23:59:49.613083Z,105460.676858,26.403,22
2026-05-07T23:59:50.614770Z,105463.126314,26.459,22
2026-05-07T23:59:51.616373Z,105465.7886,26.91,23
2026-05-07T23:59:52.617973Z,105468.218526,26.478,23
2026-05-07T23:59:53.619556Z,105470.86012,26.541,24
2026-05-07T23:59:54.621147Z,105473.417121,26.766,22
2026-05-07T23:59:55.622749Z,105476.095581,26.758,22
2026-05-07T23:59:56.624346Z,105478.646477,26.919,25
2026-05-07T23:59:57.626053Z,105481.250902,26.588,22
2026-05-07T23:59:58.627675Z,105483.661357,26.419,22
2026-05-07T23:59:59.629258Z,105486.225315,26.897,22
2026-05-08T00:00:00.630848Z,105488.651518,26.889,22
2026-05-08T00:00:01.632441Z,105491.31539,26.895,22
2026-05-08T00:00:02.634041Z,105493.755203,26.815,22
2026-05-08T00:00:03.635463Z,105498.274479,26.869,24
2026-05-08T00:00:04.637058Z,105500.80322,27.033,21
2026-05-08T00:00:05.638669Z,105503.544729,27.025,22
2026-05-08T00:00:06.639486Z,105506.006271,26.299,22
2026-05-08T00:00:07.640120Z,105508.605263,27.044,22
2026-05-08T00:00:08.641605Z,105511.033418,26.713,22
2026-05-08T00:00:09.643088Z,105513.618739,26.377,22
2026-05-08T00:00:10.644643Z,105516.136555,26.382,22
2026-05-08T00:00:11.645854Z,105518.777051,26.613,23
2026-05-08T00:00:12.647467Z,105521.202826,26.639,24
2026-05-08T00:00:13.649248Z,105523.879699,26.701,23
2026-05-08T00:00:14.650785Z,105526.462029,26.525,25
2026-05-08T00:00:15.651470Z,105529.153184,26.323,24
2026-05-08T00:00:16.653064Z,105531.600443,26.356,24
2026-05-08T00:00:17.654724Z,105534.262119,26.728,24
2026-05-08T00:00:18.655465Z,105536.670194,26.428,21
2026-05-08T00:00:19.657121Z,105539.284201,26.114,21
2026-05-08T00:00:20.658795Z,105541.72377,26.093,21
2026-05-08T00:00:21.659471Z,105544.285836,26.135,21
2026-05-08T00:00:22.661089Z,105546.711184,25.978,23
2026-05-08T00:00:23.662744Z,105551.407216,26.358,22
2026-05-08T00:00:24.664317Z,105554.624005,26.465,23
2026-05-08T00:00:25.665917Z,105558.21091,26.318,21
2026-05-08T00:00:26.667631Z,105560.688199,26.182,23
2026-05-08T00:00:27.669221Z,105563.30306,26.313,23
2026-05-08T00:00:28.670814Z,105565.747268,26.407,21
2026-05-08T00:00:29.672401Z,105568.281502,26.036,21
2026-05-08T00:00:30.674038Z,105570.712404,26.334,20
2026-05-08T00:00:31.675391Z,105573.208674,26.883,21
2026-05-08T00:00:32.676727Z,105575.638905,25.983,21
2026-05-08T00:00:33.678318Z,105578.194135,26.006,20
2026-05-08T00:00:34.679854Z,105580.754736,26.104,22
2026-05-08T00:00:35.681468Z,105583.458587,27.124,21
2026-05-08T00:00:36.682948Z,105585.988244,26.97,20
2026-05-08T00:00:37.684530Z,105588.378374,26.562,20
2026-05-08T00:00:38.686110Z,105590.991038,25.839,21
2026-05-08T00:00:39.687468Z,105593.418278,25.807,20
2026-05-08T00:00:40.689062Z,105595.925535,25.641,20
2026-05-08T00:00:41.690752Z,105598.360648,25.791,20
2026-05-08T00:00:42.691400Z,105600.863389,25.808,20
2026-05-08T00:00:43.693066Z,105603.236918,25.884,19
2026-05-08T00:00:44.694649Z,105605.844089,26.035,22
2026-05-08T00:00:45.696244Z,105608.41824,25.822,19
2026-05-08T00:00:46.697848Z,105610.963155,25.834,19
2026-05-08T00:00:47.699476Z,105613.398635,25.763,19
2026-05-08T00:00:48.700990Z,105615.986885,25.529,20
2026-05-08T00:00:49.702668Z,105618.387453,25.54,19
2026-05-08T00:00:50.704388Z,105620.966059,25.479,19
2026-05-08T00:00:51.705894Z,105623.452442,25.746,19
2026-05-08T00:00:52.707423Z,105626.004071,25.756,18
2026-05-08T00:00:53.708139Z,105628.420691,25.75,18
2026-05-08T00:00:54.709792Z,105631.209685,25.829,18
2026-05-08T00:00:55.711482Z,105633.949608,25.983,18
2026-05-08T00:00:56.713105Z,105636.54329,26.022,21
2026-05-08T00:00:57.714800Z,105638.998789,25.991,21
2026-05-08T00:00:58.716420Z,105641.519474,26.079,21
2026-05-08T00:00:59.718029Z,105643.927732,25.847,24
2026-05-08T00:01:00.719619Z,105646.470328,26.775,22
2026-05-08T00:01:01.721313Z,105648.889633,25.292,21
2026-05-08T00:01:02.722912Z,105651.410745,25.615,21
2026-05-08T00:01:03.724586Z,105655.758634,25.474,21
2026-05-08T00:01:04.725732Z,105658.446371,25.972,26
2026-05-08T00:01:05.727249Z,105661.035598,26.009,20
2026-05-08T00:01:06.727955Z,105663.596749,26.103,21
2026-05-08T00:01:07.729639Z,105666.026125,26.243,20
2026-05-08T00:01:08.731051Z,105668.701533,26.198,20
2026-05-08T00:01:09.732711Z,105671.124744,25.789,20
2026-05-08T00:01:10.734373Z,105673.821576,25.668,20
2026-05-08T00:01:11.736077Z,105676.238623,25.861,20
2026-05-08T00:01:12.737753Z,105678.79129,26.137,19
2026-05-08T00:01:13.739344Z,105681.195703,26.067,19
2026-05-08T00:01:14.741036Z,105683.966142,26.136,22
2026-05-08T00:01:15.742645Z,105686.537303,25.981,18
2026-05-08T00:01:16.744342Z,105689.163822,25.746,19
2026-05-08T00:01:17.745945Z,105691.605344,25.925,18
2026-05-08T00:01:18.747470Z,105694.19927,25.93,18
2026-05-08T00:01:19.749157Z,105696.646957,26.138,18
2026-05-08T00:01:20.750738Z,105699.29197,26.024,18
2026-05-08T00:01:21.752308Z,105701.717012,25.581,18
2026-05-08T00:01:22.753857Z,105704.222316,26.033,18
2026-05-08T00:01:23.755451Z,105706.650349,25.903,18
2026-05-08T00:01:24.756426Z,105711.538398,25.788,18
2026-05-08T00:01:25.757978Z,105714.848754,25.791,18
2026-05-08T00:01:26.759474Z,105717.434074,25.637,18
2026-05-08T00:01:27.761195Z,105719.858201,25.883,18
2026-05-08T00:01:28.762730Z,105722.426005,25.9,18
2026-05-08T00:01:29.764294Z,105724.870884,25.779,18
2026-05-08T00:01:30.765830Z,105727.538968,25.411,21
2026-05-08T00:01:31.767484Z,105729.985311,25.585,21
2026-05-08T00:01:32.769182Z,105732.55226,25.85,21
2026-05-08T00:01:33.770826Z,105734.977242,25.454,21
2026-05-08T00:01:34.772458Z,105737.810792,26.004,21
2026-05-08T00:01:35.773955Z,105740.409845,25.818,23
2026-05-08T00:01:36.775486Z,105743.061023,25.507,22
2026-05-08T00:01:37.777103Z,105745.490582,25.377,22
2026-05-08T00:01:38.778644Z,105748.060949,25.485,22
2026-05-08T00:01:39.779385Z,105750.512481,25.243,22
2026-05-08T00:01:40.780855Z,105753.081261,25.078,23
2026-05-08T00:01:41.782424Z,105755.524187,25.456,23
2026-05-08T00:01:42.783473Z,105758.124339,25.54,24
2026-05-08T00:01:43.785208Z,105760.590458,25.21,23
2026-05-08T00:01:44.786823Z,105763.204282,25.136,24
2026-05-08T00:01:45.788202Z,105765.802603,25.555,23
2026-05-08T00:01:46.789899Z,105768.398909,25.196,23
2026-05-08T00:01:47.791431Z,105770.804299,25.32,22
2026-05-08T00:01:48.793112Z,105773.466768,25.599,23
2026-05-08T00:01:49.794585Z,105775.91244,25.086,23
2026-05-08T00:01:50.795482Z,105778.531757,25.164,22
2026-05-08T00:01:51.797020Z,105781.011731,25.209,21
2026-05-08T00:01:52.798722Z,105783.660162,25.378,22
2026-05-08T00:01:53.799472Z,105786.103393,25.863,21
2026-05-08T00:01:54.801102Z,105788.671624,25.819,21
2026-05-08T00:01:55.802472Z,105791.241136,25.685,21
2026-05-08T00:01:56.803483Z,105793.835307,25.783,21
2026-05-08T00:01:57.805090Z,105796.454685,25.349,21
2026-05-08T00:01:58.806783Z,105798.858976,25.511,21
2026-05-08T00:01:59.808489Z,105801.471274,25.102,21
2026-05-08T00:02:00.810021Z,105803.922012,25.296,21
2026-05-08T00:02:01.811485Z,105806.586861,25.462,21
2026-05-08T00:02:02.813089Z,105809.00049,25.652,21
2026-05-08T00:02:03.814653Z,105813.628713,25.485,21
2026-05-08T00:02:04.816350Z,105816.041488,25.589,23
2026-05-08T00:02:05.817870Z,105818.700477,25.731,22
2026-05-08T00:02:06.819473Z,105821.346162,25.421,23
2026-05-08T00:02:07.821171Z,105824.01571,25.527,23
2026-05-08T00:02:08.822772Z,105826.467425,25.655,23
2026-05-08T00:02:09.823436Z,105829.120922,25.444,23
2026-05-08T00:02:10.824838Z,105831.647771,25.478,22
2026-05-08T00:02:11.826384Z,105834.161803,25.924,22
2026-05-08T00:02:12.827384Z,105836.569511,25.891,22
2026-05-08T00:02:13.829108Z,105839.154527,25.888,22
2026-05-08T00:02:14.830731Z,105841.592326,25.694,22
2026-05-08T00:02:15.831471Z,105844.374545,25.66,22
2026-05-08T00:02:16.832998Z,105847.041103,25.723,22
2026-05-08T00:02:17.834618Z,105849.653218,25.867,20
2026-05-08T00:02:18.835402Z,105852.061293,25.338,21
2026-05-08T00:02:19.836928Z,105854.661689,25.501,21
2026-05-08T00:02:20.838552Z,105857.222596,25.409,20
2026-05-08T00:02:21.839467Z,105859.72796,25.56,21
2026-05-08T00:02:22.841017Z,105862.145923,25.865,21
2026-05-08T00:02:23.842696Z,105864.703717,25.865,21
2026-05-08T00:02:24.843385Z,105867.317113,26.116,22
2026-05-08T00:02:25.844881Z,105870.519803,26.108,21
2026-05-08T00:02:26.846480Z,105873.174825,25.76,21
2026-05-08T00:02:27.847404Z,105875.804152,26.044,22
2026-05-08T00:02:28.848931Z,105878.227425,25.845,23
2026-05-08T00:02:29.850420Z,105880.909852,25.934,23
2026-05-08T00:02:30.851386Z,105883.36114,26.616,23
2026-05-08T00:02:31.852934Z,105885.989246,25.98,24
2026-05-08T00:02:32.854558Z,105888.402081,25.614,23
2026-05-08T00:02:33.856146Z,105891.037328,25.867,25
2026-05-08T00:02:34.857754Z,105893.438873,26.201,24
2026-05-08T00:02:35.859365Z,105896.146873,26.191,23
2026-05-08T00:02:36.861149Z,105898.817094,25.817,23
2026-05-08T00:02:37.862852Z,105901.403147,26.223,22
2026-05-08T00:02:38.863473Z,105903.799442,26.178,23
2026-05-08T00:02:39.865001Z,105906.358639,25.819,22
2026-05-08T00:02:40.866640Z,105908.82012,25.919,23
2026-05-08T00:02:41.867481Z,105911.398238,25.88,22
2026-05-08T00:02:42.869019Z,105913.817482,25.912,22
2026-05-08T00:02:43.870611Z,105916.378694,25.691,20
2026-05-08T00:02:44.871496Z,105918.806911,25.797,20
2026-05-08T00:02:45.873177Z,105921.641681,25.954,20
2026-05-08T00:02:46.874734Z,105926.722296,25.836,21
2026-05-08T00:02:47.875395Z,105929.371581,26.06,20
2026-05-08T00:02:48.877022Z,105931.811882,26.148,22
2026-05-08T00:02:49.878293Z,105934.31627,26.368,21
2026-05-08T00:02:50.879680Z,105936.762126,26.433,21
2026-05-08T00:02:51.880605Z,105939.348911,26.269,21
2026-05-08T00:02:52.882341Z,105941.751554,26.256,21
2026-05-08T00:02:53.883488Z,105944.373068,26.344,22
2026-05-08T00:02:54.885076Z,105946.771195,26.317,23
2026-05-08T00:02:55.886739Z,105949.581673,26.074,23
2026-05-08T00:02:56.887512Z,105952.220766,25.749,23
2026-05-08T00:02:57.889187Z,105954.838496,26.282,24
2026-05-08T00:02:58.889990Z,105957.237781,25.939,23
2026-05-08T00:02:59.891503Z,105959.881024,26.26,23
2026-05-08T00:03:00.893114Z,105962.330176,26.099,24
2026-05-08T00:03:01.894725Z,105964.923553,26.263,23
2026-05-08T00:03:02.896453Z,105967.340112,25.966,23
2026-05-08T00:03:03.898141Z,105971.881726,25.745,24
2026-05-08T00:03:04.899862Z,105974.27912,25.688,22
2026-05-08T00:03:05.901369Z,105977.117919,26.113,22
2026-05-08T00:03:06.902967Z,105979.800956,25.74,23
2026-05-08T00:03:07.904688Z,105982.314438,26.132,22
2026-05-08T00:03:08.906385Z,105984.72465,25.682,21
2026-05-08T00:03:09.907923Z,105987.39255,25.712,21
2026-05-08T00:03:10.909523Z,105989.846035,26.024,20
2026-05-08T00:03:11.911127Z,105992.374105,26.253,22
2026-05-08T00:03:12.912744Z,105994.782729,26.004,21
2026-05-08T00:03:13.914235Z,105997.266427,26.178,21
2026-05-08T00:03:14.915483Z,105999.684328,26.023,21
2026-05-08T00:03:15.917074Z,106002.395747,25.717,22
2026-05-08T00:03:16.918610Z,106005.033558,25.654,21
2026-05-08T00:03:17.919480Z,106007.470929,25.648,21
2026-05-08T00:03:18.921006Z,106010.026221,25.565,22
2026-05-08T00:03:19.922481Z,106012.401031,25.675,23
2026-05-08T00:03:20.924162Z,106015.06881,25.546,23
2026-05-08T00:03:21.925887Z,106017.475786,25.612,23
2026-05-08T00:03:22.927399Z,106019.991832,25.535,22
2026-05-08T00:03:23.929020Z,106022.382024,25.404,23
2026-05-08T00:03:24.930697Z,106026.766595,25.216,23
2026-05-08T00:03:25.931386Z,106029.940659,25.381,28
2026-05-08T00:03:26.932953Z,106032.731424,25.71,30
2026-05-08T00:03:27.934659Z,106035.151461,25.578,23
2026-05-08T00:03:28.935477Z,106037.625088,25.517,24
2026-05-08T00:03:29.937181Z,106039.993307,25.307,23
2026-05-08T00:03:30.938872Z,106042.513442,24.952,23
2026-05-08T00:03:31.939482Z,106044.908822,25.423,24
2026-05-08T00:03:32.941168Z,106047.518007,25.56,23
2026-05-08T00:03:33.942863Z,106049.912532,25.494,21
2026-05-08T00:03:34.943465Z,106052.400258,25.258,22
2026-05-08T00:03:35.945173Z,106054.920881,25.457,25
2026-05-08T00:03:36.946796Z,106057.5828,25.485,21
2026-05-08T00:03:37.947467Z,106060.002411,25.322,20
2026-05-08T00:03:38.949066Z,106062.54519,25.488,21
2026-05-08T00:03:39.950680Z,106064.939105,25.772,21
2026-05-08T00:03:40.951475Z,106067.573925,25.798,22
2026-05-08T00:03:41.953084Z,106069.963201,25.607,22
2026-05-08T00:03:42.954681Z,106072.442809,26.022,23
2026-05-08T00:03:43.956286Z,106074.827446,25.889,26
2026-05-08T00:03:44.957787Z,106092.349069,25.796,25
2026-05-08T00:03:45.959087Z,106122.129876,25.569,21
2026-05-08T00:03:46.960645Z,106124.834704,25.728,26
2026-05-08T00:03:47.962349Z,106127.250469,25.712,24
2026-05-08T00:03:48.963456Z,106129.810155,26.012,32
2026-05-08T00:03:49.965147Z,106132.210234,25.836,25
2026-05-08T00:03:50.966831Z,106134.879783,25.764,27
2026-05-08T00:03:51.967482Z,106137.319352,25.809,28
2026-05-08T00:03:52.969170Z,106139.844553,25.804,26
2026-05-08T00:03:53.970872Z,106142.274844,25.752,24
2026-05-08T00:03:54.971480Z,106144.861264,25.665,26
2026-05-08T00:03:55.973176Z,106147.389272,25.808,24
2026-05-08T00:03:56.974783Z,106150.04753,25.836,25
2026-05-08T00:03:57.975500Z,106152.494301,25.668,27
2026-05-08T00:03:58.977112Z,106155.171479,25.787,23
2026-05-08T00:03:59.978711Z,106157.561976,25.774,23
2026-05-08T00:04:00.979481Z,106160.128314,25.948,26
2026-05-08T00:04:01.981022Z,106162.566174,25.59,24
2026-05-08T00:04:02.982553Z,106165.23731,25.928,24
2026-05-08T00:04:03.984150Z,106169.607416,25.93,25
2026-05-08T00:04:04.985754Z,106172.104663,25.97,23
2026-05-08T00:04:05.987367Z,106174.653668,26.093,23
2026-05-08T00:04:06.988962Z,106177.540318,26.129,24
2026-05-08T00:04:07.990553Z,106179.970121,26.062,26
2026-05-08T00:04:08.992254Z,106182.843771,25.982,27
2026-05-08T00:04:09.993790Z,106185.325515,26.049,28
2026-05-08T00:04:10.995483Z,106187.920907,25.742,27
2026-05-08T00:04:11.997080Z,106190.32709,25.775,28
2026-05-08T00:04:12.998666Z,106192.933833,25.585,28
2026-05-08T00:04:13.999459Z,106195.319997,25.566,28
2026-05-08T00:04:15.000981Z,106197.852888,25.942,29
2026-05-08T00:04:16.002673Z,106200.452613,25.947,28
2026-05-08T00:04:17.004081Z,106203.092743,26.029,32
2026-05-08T00:04:18.005616Z,106205.539087,26.03,29
2026-05-08T00:04:19.007283Z,106208.110186,26.063,27
2026-05-08T00:04:20.008979Z,106210.523937,25.796,27
2026-05-08T00:04:21.010662Z,106213.064397,25.485,26
2026-05-08T00:04:22.012277Z,106215.454772,25.457,26
2026-05-08T00:04:23.013869Z,106218.031059,25.506,28
2026-05-08T00:04:24.015497Z,106220.436815,25.447,26
2026-05-08T00:04:25.017160Z,106223.275308,25.338,27
2026-05-08T00:04:26.018760Z,106226.566743,25.598,25
2026-05-08T00:04:27.019458Z,106229.157496,25.74,25
2026-05-08T00:04:28.020170Z,106231.58852,25.731,25
2026-05-08T00:04:29.021846Z,106234.124646,25.897,26
2026-05-08T00:04:30.023406Z,106236.517157,25.933,25
2026-05-08T00:04:31.025094Z,106239.15509,25.723,25
2026-05-08T00:04:32.026645Z,106241.551812,25.845,26
2026-05-08T00:04:33.027472Z,106244.113817,25.841,28
2026-05-08T00:04:34.029074Z,106246.527324,25.811,27
2026-05-08T00:04:35.030617Z,106249.128331,25.779,27
2026-05-08T00:04:36.031460Z,106251.647733,25.878,28
2026-05-08T00:04:37.032794Z,106254.2853,25.978,29
2026-05-08T00:04:38.034337Z,106256.961013,25.6,27
2026-05-08T00:04:39.035378Z,106259.502816,25.416,27
2026-05-08T00:04:40.036752Z,106261.968386,25.545,26
2026-05-08T00:04:41.038286Z,106264.41827,25.725,27
2026-05-08T00:04:42.039472Z,106266.895985,25.857,25
2026-05-08T00:04:43.041148Z,106269.302473,25.93,25
2026-05-08T00:04:44.042724Z,106271.865333,25.896,25
2026-05-08T00:04:45.043475Z,106274.280122,25.809,26
2026-05-08T00:04:46.045158Z,106276.84646,25.724,26
2026-05-08T00:04:47.046872Z,106287.10443,25.777,18
2026-05-08T00:04:48.047471Z,106289.849052,25.818,27
2026-05-08T00:04:49.049067Z,106292.306931,25.955,27
2026-05-08T00:04:50.050752Z,106294.849161,26.202,27
2026-05-08T00:04:51.051464Z,106297.294284,26.173,28
2026-05-08T00:04:52.052996Z,106299.865933,26.134,27
2026-05-08T00:04:53.054472Z,106302.318441,26.167,27
2026-05-08T00:04:54.055450Z,106304.905287,26.265,28
2026-05-08T00:04:55.056976Z,106307.337471,25.872,27
2026-05-08T00:04:56.058499Z,106309.948426,25.924,27
2026-05-08T00:04:57.059481Z,106312.485712,26.054,27
2026-05-08T00:04:58.061179Z,106315.250476,25.838,26
2026-05-08T00:04:59.062870Z,106319.208718,25.807,26
2026-05-08T00:05:00.064583Z,106321.829744,25.792,26
2026-05-08T00:05:01.066122Z,106324.297511,25.327,25
2026-05-08T00:05:02.067472Z,106326.916584,25.553,26
2026-05-08T00:05:03.069153Z,106329.315808,25.508,25
2026-05-08T00:05:04.070817Z,106333.817262,25.861,25
2026-05-08T00:05:05.071780Z,106336.230219,25.677,25
2026-05-08T00:05:06.073283Z,106338.80962,25.972,25
2026-05-08T00:05:07.074827Z,106341.319867,26.194,25
2026-05-08T00:05:08.075488Z,106343.98435,25.994,25
2026-05-08T00:05:09.077087Z,106346.412078,26.23,25
2026-05-08T00:05:10.078674Z,106349.052635,25.899,25
2026-05-08T00:05:11.079469Z,106351.471208,25.823,25
2026-05-08T00:05:12.080992Z,106354.113902,25.615,26
2026-05-08T00:05:13.082671Z,106356.51807,25.677,26
2026-05-08T00:05:14.083471Z,106359.027158,25.688,26
2026-05-08T00:05:15.085156Z,106361.470939,25.869,26
2026-05-08T00:05:16.086862Z,106364.128219,25.928,26
2026-05-08T00:05:17.088571Z,106366.623696,26.084,26
2026-05-08T00:05:18.090172Z,106369.332124,25.848,26
2026-05-08T00:05:19.091502Z,106371.767909,25.881,26
2026-05-08T00:05:20.093201Z,106374.371479,26.204,26
2026-05-08T00:05:21.094889Z,106376.814466,25.761,26
2026-05-08T00:05:22.095487Z,106379.408637,25.77,25
2026-05-08T00:05:23.097157Z,106381.819702,25.733,26
2026-05-08T00:05:24.098817Z,106384.382257,26.221,23
2026-05-08T00:05:25.099474Z,106387.165514,25.464,22
2026-05-08T00:05:26.101138Z,106390.550637,25.559,24
2026-05-08T00:05:27.102758Z,106393.090914,25.85,25
2026-05-08T00:05:28.103478Z,106395.96377,25.686,22
2026-05-08T00:05:29.105007Z,106398.415485,24.802,22
2026-05-08T00:05:30.106690Z,106401.029309,24.866,26
2026-05-08T00:05:31.107494Z,106403.472418,25.406,23
2026-05-08T00:05:32.109180Z,106406.035949,25.403,22
2026-05-08T00:05:33.110709Z,106408.444085,25.106,22
2026-05-08T00:05:34.112301Z,106411.022875,25.008,22
2026-05-08T00:05:35.113903Z,106413.505901,25.633,21
2026-05-08T00:05:36.115485Z,106416.142735,25.426,22
2026-05-08T00:05:37.117020Z,106418.697049,25.977,28
2026-05-08T00:05:38.118732Z,106421.468649,26.549,22
2026-05-08T00:05:39.119470Z,106423.909621,25.68,23
2026-05-08T00:05:40.121062Z,106426.598946,25.448,23
2026-05-08T00:05:41.122768Z,106429.074708,25.489,23
2026-05-08T00:05:42.124482Z,106431.613215,25.597,23
2026-05-08T00:05:43.126084Z,106434.505359,25.318,23
2026-05-08T00:05:44.127388Z,106437.776896,26.281,23
2026-05-08T00:05:45.128903Z,106441.030977,29.648,41
2026-05-08T00:05:46.130365Z,106444.982138,27.163,25
2026-05-08T00:05:47.131470Z,106448.806713,27.642,39
2026-05-08T00:05:48.133083Z,106452.705507,27.305,26
2026-05-08T00:05:49.134705Z,106455.452387,26.352,23
2026-05-08T00:05:50.135996Z,106461.427165,26.024,26
2026-05-08T00:05:51.137677Z,106465.626495,27.008,20
2026-05-08T00:05:52.139205Z,106469.750752,27.3,25
2026-05-08T00:05:53.140764Z,106472.471265,26.128,37
2026-05-08T00:05:54.142454Z,106478.457272,26.797,40
2026-05-08T00:05:55.143425Z,106481.741138,27.84,40
2026-05-08T00:05:56.145038Z,106484.788677,28.383,23
2026-05-08T00:05:57.146592Z,106506.601487,27.062,28
2026-05-08T00:05:58.147365Z,106537.382292,26.567,24
2026-05-08T00:05:59.148566Z,106580.506572,26.618,31
2026-05-08T00:06:00.149466Z,106624.365834,62.523,4
2026-05-08T00:06:01.150670Z,106669.284054,70.509,6
2026-05-08T00:06:02.151430Z,106701.951268,72.65,7
2026-05-08T00:06:03.152668Z,106732.767107,58.068,12
2026-05-08T00:06:04.153935Z,106759.596567,34.255,10
2026-05-08T00:06:05.155245Z,106766.944632,28.146,15
2026-05-08T00:06:06.156554Z,106774.25101,27.552,32
2026-05-08T00:06:07.158095Z,106790.661429,48.91,5
2026-05-08T00:06:08.159392Z,106794.752422,69.271,4
2026-05-08T00:06:09.160972Z,106803.169881,53.758,8
2026-05-08T00:06:10.162590Z,106806.634655,36.796,16
2026-05-08T00:06:11.164225Z,106810.904053,31.404,20
2026-05-08T00:06:12.165766Z,106814.030144,26.676,31
2026-05-08T00:06:13.167275Z,106823.112945,27.882,42
2026-05-08T00:06:14.168728Z,106829.930982,29.919,35
2026-05-08T00:06:15.170005Z,106842.646342,29.064,36
2026-05-08T00:06:16.171461Z,106848.021695,28.717,39
2026-05-08T00:06:17.172998Z,106850.953816,28.497,21
2026-05-08T00:06:18.174705Z,106853.961682,26.049,22
2026-05-08T00:06:19.175834Z,106857.94507,26.449,25
2026-05-08T00:06:20.177215Z,106863.367969,29.583,20
2026-05-08T00:06:21.178627Z,106868.734777,27.337,27
2026-05-08T00:06:22.180220Z,106873.916282,28.216,25
2026-05-08T00:06:23.181658Z,106878.168407,27.265,22
2026-05-08T00:06:24.183043Z,106882.811157,26.087,21
2026-05-08T00:06:25.184682Z,106905.961549,25.811,20
2026-05-08T00:06:26.186041Z,106914.193401,25.975,21
2026-05-08T00:06:27.187497Z,106918.035127,25.41,21
2026-05-08T00:06:28.189105Z,106922.123983,25.214,22
2026-05-08T00:06:29.190780Z,106927.640266,25.946,23
2026-05-08T00:06:30.191494Z,106930.941038,26.166,22
2026-05-08T00:06:31.193100Z,106934.166677,25.575,21
2026-05-08T00:06:32.194809Z,106937.217878,25.374,22
2026-05-08T00:06:33.196358Z,106940.294164,25.098,21
2026-05-08T00:06:34.197399Z,106943.139554,25.58,23
2026-05-08T00:06:35.198941Z,106946.232686,25.7,21
2026-05-08T00:06:36.200627Z,106965.380281,25.561,20
2026-05-08T00:06:37.201785Z,106988.695285,27.465,20
2026-05-08T00:06:38.202959Z,107015.349331,68.078,6
2026-05-08T00:06:39.203365Z,107049.073121,66.284,5
2026-05-08T00:06:40.204579Z,107070.166878,43.573,7
